Timing Analyzer report for ultrasonic_ranging
Sat Dec 20 16:55:00 2025
Quartus Prime Version 18.1.0 Build 625 09/12/2018 SJ Lite Edition


---------------------
; Table of Contents ;
---------------------
  1. Legal Notice
  2. Timing Analyzer Summary
  3. Parallel Compilation
  4. Clocks
  5. Slow 1200mV 85C Model Fmax Summary
  6. Timing Closure Recommendations
  7. Slow 1200mV 85C Model Setup Summary
  8. Slow 1200mV 85C Model Hold Summary
  9. Slow 1200mV 85C Model Recovery Summary
 10. Slow 1200mV 85C Model Removal Summary
 11. Slow 1200mV 85C Model Minimum Pulse Width Summary
 12. Slow 1200mV 85C Model Setup: 'altera_reserved_tck'
 13. Slow 1200mV 85C Model Hold: 'altera_reserved_tck'
 14. Slow 1200mV 85C Model Recovery: 'altera_reserved_tck'
 15. Slow 1200mV 85C Model Removal: 'altera_reserved_tck'
 16. Slow 1200mV 85C Model Metastability Summary
 17. Slow 1200mV 0C Model Fmax Summary
 18. Slow 1200mV 0C Model Setup Summary
 19. Slow 1200mV 0C Model Hold Summary
 20. Slow 1200mV 0C Model Recovery Summary
 21. Slow 1200mV 0C Model Removal Summary
 22. Slow 1200mV 0C Model Minimum Pulse Width Summary
 23. Slow 1200mV 0C Model Setup: 'altera_reserved_tck'
 24. Slow 1200mV 0C Model Hold: 'altera_reserved_tck'
 25. Slow 1200mV 0C Model Recovery: 'altera_reserved_tck'
 26. Slow 1200mV 0C Model Removal: 'altera_reserved_tck'
 27. Slow 1200mV 0C Model Metastability Summary
 28. Fast 1200mV 0C Model Setup Summary
 29. Fast 1200mV 0C Model Hold Summary
 30. Fast 1200mV 0C Model Recovery Summary
 31. Fast 1200mV 0C Model Removal Summary
 32. Fast 1200mV 0C Model Minimum Pulse Width Summary
 33. Fast 1200mV 0C Model Setup: 'altera_reserved_tck'
 34. Fast 1200mV 0C Model Hold: 'altera_reserved_tck'
 35. Fast 1200mV 0C Model Recovery: 'altera_reserved_tck'
 36. Fast 1200mV 0C Model Removal: 'altera_reserved_tck'
 37. Fast 1200mV 0C Model Metastability Summary
 38. Multicorner Timing Analysis Summary
 39. Board Trace Model Assignments
 40. Input Transition Times
 41. Signal Integrity Metrics (Slow 1200mv 0c Model)
 42. Signal Integrity Metrics (Slow 1200mv 85c Model)
 43. Signal Integrity Metrics (Fast 1200mv 0c Model)
 44. Setup Transfers
 45. Hold Transfers
 46. Recovery Transfers
 47. Removal Transfers
 48. Report TCCS
 49. Report RSKM
 50. Unconstrained Paths Summary
 51. Clock Status Summary
 52. Unconstrained Input Ports
 53. Unconstrained Output Ports
 54. Unconstrained Input Ports
 55. Unconstrained Output Ports
 56. Timing Analyzer Messages



----------------
; Legal Notice ;
----------------
Copyright (C) 2018  Intel Corporation. All rights reserved.
Your use of Intel Corporation's design tools, logic functions 
and other software and tools, and its AMPP partner logic 
functions, and any output files from any of the foregoing 
(including device programming or simulation files), and any 
associated documentation or information are expressly subject 
to the terms and conditions of the Intel Program License 
Subscription Agreement, the Intel Quartus Prime License Agreement,
the Intel FPGA IP License Agreement, or other applicable license
agreement, including, without limitation, that your use is for
the sole purpose of programming logic devices manufactured by
Intel and sold by Intel or its authorized distributors.  Please
refer to the applicable agreement for further details.



+-----------------------------------------------------------------------------+
; Timing Analyzer Summary                                                     ;
+-----------------------+-----------------------------------------------------+
; Quartus Prime Version ; Version 18.1.0 Build 625 09/12/2018 SJ Lite Edition ;
; Timing Analyzer       ; Legacy Timing Analyzer                              ;
; Revision Name         ; ultrasonic_ranging                                  ;
; Device Family         ; Cyclone IV E                                        ;
; Device Name           ; EP4CE10F17C8                                        ;
; Timing Models         ; Final                                               ;
; Delay Model           ; Combined                                            ;
; Rise/Fall Delays      ; Enabled                                             ;
+-----------------------+-----------------------------------------------------+


+------------------------------------------+
; Parallel Compilation                     ;
+----------------------------+-------------+
; Processors                 ; Number      ;
+----------------------------+-------------+
; Number detected on machine ; 20          ;
; Maximum allowed            ; 14          ;
;                            ;             ;
; Average used               ; 1.23        ;
; Maximum used               ; 14          ;
;                            ;             ;
; Usage by Processor         ; % Time Used ;
;     Processor 1            ; 100.0%      ;
;     Processor 2            ;   2.0%      ;
;     Processors 3-14        ;   1.8%      ;
+----------------------------+-------------+


+-----------------------------------------------------------------------------------------------------------------------------------------------------------------------------------------------------------+
; Clocks                                                                                                                                                                                                    ;
+---------------------+------+---------+-----------+-------+--------+------------+-----------+-------------+-------+--------+-----------+------------+----------+--------+--------+-------------------------+
; Clock Name          ; Type ; Period  ; Frequency ; Rise  ; Fall   ; Duty Cycle ; Divide by ; Multiply by ; Phase ; Offset ; Edge List ; Edge Shift ; Inverted ; Master ; Source ; Targets                 ;
+---------------------+------+---------+-----------+-------+--------+------------+-----------+-------------+-------+--------+-----------+------------+----------+--------+--------+-------------------------+
; altera_reserved_tck ; Base ; 100.000 ; 10.0 MHz  ; 0.000 ; 50.000 ;            ;           ;             ;       ;        ;           ;            ;          ;        ;        ; { altera_reserved_tck } ;
+---------------------+------+---------+-----------+-------+--------+------------+-----------+-------------+-------+--------+-----------+------------+----------+--------+--------+-------------------------+


+----------------------------------------------------------+
; Slow 1200mV 85C Model Fmax Summary                       ;
+-----------+-----------------+---------------------+------+
; Fmax      ; Restricted Fmax ; Clock Name          ; Note ;
+-----------+-----------------+---------------------+------+
; 71.34 MHz ; 71.34 MHz       ; altera_reserved_tck ;      ;
+-----------+-----------------+---------------------+------+
This panel reports FMAX for every clock in the design, regardless of the user-specified clock periods.  FMAX is only computed for paths where the source and destination registers or ports are driven by the same clock.  Paths of different clocks, including generated clocks, are ignored.  For paths between a clock and its inversion, FMAX is computed as if the rising and falling edges are scaled along with FMAX, such that the duty cycle (in terms of a percentage) is maintained. Altera recommends that you always use clock constraints and other slack reports for sign-off analysis.


----------------------------------
; Timing Closure Recommendations ;
----------------------------------
HTML report is unavailable in plain text report export.


+----------------------------------------------+
; Slow 1200mV 85C Model Setup Summary          ;
+---------------------+--------+---------------+
; Clock               ; Slack  ; End Point TNS ;
+---------------------+--------+---------------+
; altera_reserved_tck ; 42.991 ; 0.000         ;
+---------------------+--------+---------------+


+---------------------------------------------+
; Slow 1200mV 85C Model Hold Summary          ;
+---------------------+-------+---------------+
; Clock               ; Slack ; End Point TNS ;
+---------------------+-------+---------------+
; altera_reserved_tck ; 0.452 ; 0.000         ;
+---------------------+-------+---------------+


+----------------------------------------------+
; Slow 1200mV 85C Model Recovery Summary       ;
+---------------------+--------+---------------+
; Clock               ; Slack  ; End Point TNS ;
+---------------------+--------+---------------+
; altera_reserved_tck ; 95.784 ; 0.000         ;
+---------------------+--------+---------------+


+---------------------------------------------+
; Slow 1200mV 85C Model Removal Summary       ;
+---------------------+-------+---------------+
; Clock               ; Slack ; End Point TNS ;
+---------------------+-------+---------------+
; altera_reserved_tck ; 1.128 ; 0.000         ;
+---------------------+-------+---------------+


+---------------------------------------------------+
; Slow 1200mV 85C Model Minimum Pulse Width Summary ;
+---------------------+--------+--------------------+
; Clock               ; Slack  ; End Point TNS      ;
+---------------------+--------+--------------------+
; altera_reserved_tck ; 49.400 ; 0.000              ;
+---------------------+--------+--------------------+


+--------------------------------------------------------------------------------------------------------------------------------------------------------------------------------------------------------------------------------------------------------------------------------------------------------------------------------------------------------------------------------------------------------------------------------------------------------------------------------------------------------------------------------------------------------------------------------------------------------------------------------------------------------------------------------------------------------------------------------------------------------------------------+
; Slow 1200mV 85C Model Setup: 'altera_reserved_tck'                                                                                                                                                                                                                                                                                                                                                                                                                                                                                                                                                                                                                                                                                                                       ;
+--------+-----------------------------------------------------------------------------------------------------------------------------------------------------------------------------------------------------------------------------------------------------------------------------------------------------------------------------------------------------+----------------------------------------------------------------------------------------------------------------------------------------------------------------------------------------------------------------------------------------------------------------------------------------------------------------------+---------------------+---------------------+--------------+------------+------------+
; Slack  ; From Node                                                                                                                                                                                                                                                                                                                                           ; To Node                                                                                                                                                                                                                                                                                                              ; Launch Clock        ; Latch Clock         ; Relationship ; Clock Skew ; Data Delay ;
+--------+-----------------------------------------------------------------------------------------------------------------------------------------------------------------------------------------------------------------------------------------------------------------------------------------------------------------------------------------------------+----------------------------------------------------------------------------------------------------------------------------------------------------------------------------------------------------------------------------------------------------------------------------------------------------------------------+---------------------+---------------------+--------------+------------+------------+
; 42.991 ; sld_signaltap:auto_signaltap_0|sld_signaltap_impl:sld_signaltap_body|sld_signaltap_implb:sld_signaltap_body|lpm_shiftreg:segment_offset_config_deserialize|dffs[0]                                                                                                                                                                                  ; sld_hub:auto_hub|alt_sld_fab_with_jtag_input:\instrumentation_fabric_with_node_gen:fabric_gen_new_way:with_jtag_input_gen:instrumentation_fabric|alt_sld_fab:instrumentation_fabric|alt_sld_fab_alt_sld_fab:alt_sld_fab|alt_sld_fab_alt_sld_fab_sldfabric:sldfabric|sld_jtag_hub:\jtag_hub_gen:real_sld_jtag_hub|tdo ; altera_reserved_tck ; altera_reserved_tck ; 50.000       ; 0.237      ; 7.267      ;
; 43.366 ; sld_hub:auto_hub|alt_sld_fab_with_jtag_input:\instrumentation_fabric_with_node_gen:fabric_gen_new_way:with_jtag_input_gen:instrumentation_fabric|alt_sld_fab:instrumentation_fabric|alt_sld_fab_alt_sld_fab:alt_sld_fab|alt_sld_fab_alt_sld_fab_sldfabric:sldfabric|sld_jtag_hub:\jtag_hub_gen:real_sld_jtag_hub|irf_reg[1][6]                      ; sld_hub:auto_hub|alt_sld_fab_with_jtag_input:\instrumentation_fabric_with_node_gen:fabric_gen_new_way:with_jtag_input_gen:instrumentation_fabric|alt_sld_fab:instrumentation_fabric|alt_sld_fab_alt_sld_fab:alt_sld_fab|alt_sld_fab_alt_sld_fab_sldfabric:sldfabric|sld_jtag_hub:\jtag_hub_gen:real_sld_jtag_hub|tdo ; altera_reserved_tck ; altera_reserved_tck ; 50.000       ; 0.241      ; 6.896      ;
; 43.541 ; sld_hub:auto_hub|alt_sld_fab_with_jtag_input:\instrumentation_fabric_with_node_gen:fabric_gen_new_way:with_jtag_input_gen:instrumentation_fabric|alt_sld_fab:instrumentation_fabric|alt_sld_fab_alt_sld_fab:alt_sld_fab|alt_sld_fab_alt_sld_fab_sldfabric:sldfabric|sld_jtag_hub:\jtag_hub_gen:real_sld_jtag_hub|irf_reg[1][1]                      ; sld_hub:auto_hub|alt_sld_fab_with_jtag_input:\instrumentation_fabric_with_node_gen:fabric_gen_new_way:with_jtag_input_gen:instrumentation_fabric|alt_sld_fab:instrumentation_fabric|alt_sld_fab_alt_sld_fab:alt_sld_fab|alt_sld_fab_alt_sld_fab_sldfabric:sldfabric|sld_jtag_hub:\jtag_hub_gen:real_sld_jtag_hub|tdo ; altera_reserved_tck ; altera_reserved_tck ; 50.000       ; 0.241      ; 6.721      ;
; 43.562 ; sld_hub:auto_hub|alt_sld_fab_with_jtag_input:\instrumentation_fabric_with_node_gen:fabric_gen_new_way:with_jtag_input_gen:instrumentation_fabric|alt_sld_fab:instrumentation_fabric|alt_sld_fab_alt_sld_fab:alt_sld_fab|alt_sld_fab_alt_sld_fab_sldfabric:sldfabric|sld_jtag_hub:\jtag_hub_gen:real_sld_jtag_hub|sld_shadow_jsm:shadow_jsm|state[3] ; sld_hub:auto_hub|alt_sld_fab_with_jtag_input:\instrumentation_fabric_with_node_gen:fabric_gen_new_way:with_jtag_input_gen:instrumentation_fabric|alt_sld_fab:instrumentation_fabric|alt_sld_fab_alt_sld_fab:alt_sld_fab|alt_sld_fab_alt_sld_fab_sldfabric:sldfabric|sld_jtag_hub:\jtag_hub_gen:real_sld_jtag_hub|tdo ; altera_reserved_tck ; altera_reserved_tck ; 50.000       ; 0.240      ; 6.699      ;
; 43.624 ; sld_hub:auto_hub|alt_sld_fab_with_jtag_input:\instrumentation_fabric_with_node_gen:fabric_gen_new_way:with_jtag_input_gen:instrumentation_fabric|alt_sld_fab:instrumentation_fabric|alt_sld_fab_alt_sld_fab:alt_sld_fab|alt_sld_fab_alt_sld_fab_sldfabric:sldfabric|sld_jtag_hub:\jtag_hub_gen:real_sld_jtag_hub|sld_shadow_jsm:shadow_jsm|state[4] ; sld_hub:auto_hub|alt_sld_fab_with_jtag_input:\instrumentation_fabric_with_node_gen:fabric_gen_new_way:with_jtag_input_gen:instrumentation_fabric|alt_sld_fab:instrumentation_fabric|alt_sld_fab_alt_sld_fab:alt_sld_fab|alt_sld_fab_alt_sld_fab_sldfabric:sldfabric|sld_jtag_hub:\jtag_hub_gen:real_sld_jtag_hub|tdo ; altera_reserved_tck ; altera_reserved_tck ; 50.000       ; 0.240      ; 6.637      ;
; 43.669 ; sld_hub:auto_hub|alt_sld_fab_with_jtag_input:\instrumentation_fabric_with_node_gen:fabric_gen_new_way:with_jtag_input_gen:instrumentation_fabric|alt_sld_fab:instrumentation_fabric|alt_sld_fab_alt_sld_fab:alt_sld_fab|alt_sld_fab_alt_sld_fab_sldfabric:sldfabric|sld_jtag_hub:\jtag_hub_gen:real_sld_jtag_hub|irf_reg[1][7]                      ; sld_hub:auto_hub|alt_sld_fab_with_jtag_input:\instrumentation_fabric_with_node_gen:fabric_gen_new_way:with_jtag_input_gen:instrumentation_fabric|alt_sld_fab:instrumentation_fabric|alt_sld_fab_alt_sld_fab:alt_sld_fab|alt_sld_fab_alt_sld_fab_sldfabric:sldfabric|sld_jtag_hub:\jtag_hub_gen:real_sld_jtag_hub|tdo ; altera_reserved_tck ; altera_reserved_tck ; 50.000       ; 0.247      ; 6.599      ;
; 43.985 ; sld_hub:auto_hub|alt_sld_fab_with_jtag_input:\instrumentation_fabric_with_node_gen:fabric_gen_new_way:with_jtag_input_gen:instrumentation_fabric|alt_sld_fab:instrumentation_fabric|alt_sld_fab_alt_sld_fab:alt_sld_fab|alt_sld_fab_alt_sld_fab_sldfabric:sldfabric|sld_jtag_hub:\jtag_hub_gen:real_sld_jtag_hub|irf_reg[1][3]                      ; sld_hub:auto_hub|alt_sld_fab_with_jtag_input:\instrumentation_fabric_with_node_gen:fabric_gen_new_way:with_jtag_input_gen:instrumentation_fabric|alt_sld_fab:instrumentation_fabric|alt_sld_fab_alt_sld_fab:alt_sld_fab|alt_sld_fab_alt_sld_fab_sldfabric:sldfabric|sld_jtag_hub:\jtag_hub_gen:real_sld_jtag_hub|tdo ; altera_reserved_tck ; altera_reserved_tck ; 50.000       ; 0.247      ; 6.283      ;
; 44.002 ; sld_hub:auto_hub|alt_sld_fab_with_jtag_input:\instrumentation_fabric_with_node_gen:fabric_gen_new_way:with_jtag_input_gen:instrumentation_fabric|alt_sld_fab:instrumentation_fabric|alt_sld_fab_alt_sld_fab:alt_sld_fab|alt_sld_fab_alt_sld_fab_sldfabric:sldfabric|sld_jtag_hub:\jtag_hub_gen:real_sld_jtag_hub|irf_reg[1][4]                      ; sld_hub:auto_hub|alt_sld_fab_with_jtag_input:\instrumentation_fabric_with_node_gen:fabric_gen_new_way:with_jtag_input_gen:instrumentation_fabric|alt_sld_fab:instrumentation_fabric|alt_sld_fab_alt_sld_fab:alt_sld_fab|alt_sld_fab_alt_sld_fab_sldfabric:sldfabric|sld_jtag_hub:\jtag_hub_gen:real_sld_jtag_hub|tdo ; altera_reserved_tck ; altera_reserved_tck ; 50.000       ; 0.247      ; 6.266      ;
; 44.089 ; sld_hub:auto_hub|alt_sld_fab_with_jtag_input:\instrumentation_fabric_with_node_gen:fabric_gen_new_way:with_jtag_input_gen:instrumentation_fabric|alt_sld_fab:instrumentation_fabric|alt_sld_fab_alt_sld_fab:alt_sld_fab|alt_sld_fab_alt_sld_fab_sldfabric:sldfabric|sld_jtag_hub:\jtag_hub_gen:real_sld_jtag_hub|virtual_ir_scan_reg                ; sld_hub:auto_hub|alt_sld_fab_with_jtag_input:\instrumentation_fabric_with_node_gen:fabric_gen_new_way:with_jtag_input_gen:instrumentation_fabric|alt_sld_fab:instrumentation_fabric|alt_sld_fab_alt_sld_fab:alt_sld_fab|alt_sld_fab_alt_sld_fab_sldfabric:sldfabric|sld_jtag_hub:\jtag_hub_gen:real_sld_jtag_hub|tdo ; altera_reserved_tck ; altera_reserved_tck ; 50.000       ; 0.243      ; 6.175      ;
; 44.246 ; sld_hub:auto_hub|alt_sld_fab_with_jtag_input:\instrumentation_fabric_with_node_gen:fabric_gen_new_way:with_jtag_input_gen:instrumentation_fabric|alt_sld_fab:instrumentation_fabric|alt_sld_fab_alt_sld_fab:alt_sld_fab|alt_sld_fab_alt_sld_fab_sldfabric:sldfabric|sld_jtag_hub:\jtag_hub_gen:real_sld_jtag_hub|irf_reg[1][9]                      ; sld_hub:auto_hub|alt_sld_fab_with_jtag_input:\instrumentation_fabric_with_node_gen:fabric_gen_new_way:with_jtag_input_gen:instrumentation_fabric|alt_sld_fab:instrumentation_fabric|alt_sld_fab_alt_sld_fab:alt_sld_fab|alt_sld_fab_alt_sld_fab_sldfabric:sldfabric|sld_jtag_hub:\jtag_hub_gen:real_sld_jtag_hub|tdo ; altera_reserved_tck ; altera_reserved_tck ; 50.000       ; 0.241      ; 6.016      ;
; 44.329 ; sld_hub:auto_hub|alt_sld_fab_with_jtag_input:\instrumentation_fabric_with_node_gen:fabric_gen_new_way:with_jtag_input_gen:instrumentation_fabric|alt_sld_fab:instrumentation_fabric|alt_sld_fab_alt_sld_fab:alt_sld_fab|splitter_nodes_receive_0[3]                                                                                                 ; sld_hub:auto_hub|alt_sld_fab_with_jtag_input:\instrumentation_fabric_with_node_gen:fabric_gen_new_way:with_jtag_input_gen:instrumentation_fabric|alt_sld_fab:instrumentation_fabric|alt_sld_fab_alt_sld_fab:alt_sld_fab|alt_sld_fab_alt_sld_fab_sldfabric:sldfabric|sld_jtag_hub:\jtag_hub_gen:real_sld_jtag_hub|tdo ; altera_reserved_tck ; altera_reserved_tck ; 50.000       ; 0.249      ; 5.941      ;
; 44.484 ; sld_hub:auto_hub|alt_sld_fab_with_jtag_input:\instrumentation_fabric_with_node_gen:fabric_gen_new_way:with_jtag_input_gen:instrumentation_fabric|alt_sld_fab:instrumentation_fabric|alt_sld_fab_alt_sld_fab:alt_sld_fab|alt_sld_fab_alt_sld_fab_sldfabric:sldfabric|sld_jtag_hub:\jtag_hub_gen:real_sld_jtag_hub|irf_reg[1][8]                      ; sld_hub:auto_hub|alt_sld_fab_with_jtag_input:\instrumentation_fabric_with_node_gen:fabric_gen_new_way:with_jtag_input_gen:instrumentation_fabric|alt_sld_fab:instrumentation_fabric|alt_sld_fab_alt_sld_fab:alt_sld_fab|alt_sld_fab_alt_sld_fab_sldfabric:sldfabric|sld_jtag_hub:\jtag_hub_gen:real_sld_jtag_hub|tdo ; altera_reserved_tck ; altera_reserved_tck ; 50.000       ; 0.241      ; 5.778      ;
; 44.613 ; sld_signaltap:auto_signaltap_0|sld_signaltap_impl:sld_signaltap_body|sld_signaltap_implb:sld_signaltap_body|sld_offload_buffer_mgr:\stp_non_zero_depth_offload_gen:stp_offload_buff_mgr_inst|lpm_shiftreg:status_data_shift_out|dffs[0]                                                                                                             ; sld_hub:auto_hub|alt_sld_fab_with_jtag_input:\instrumentation_fabric_with_node_gen:fabric_gen_new_way:with_jtag_input_gen:instrumentation_fabric|alt_sld_fab:instrumentation_fabric|alt_sld_fab_alt_sld_fab:alt_sld_fab|alt_sld_fab_alt_sld_fab_sldfabric:sldfabric|sld_jtag_hub:\jtag_hub_gen:real_sld_jtag_hub|tdo ; altera_reserved_tck ; altera_reserved_tck ; 50.000       ; 0.235      ; 5.643      ;
; 44.741 ; sld_hub:auto_hub|alt_sld_fab_with_jtag_input:\instrumentation_fabric_with_node_gen:fabric_gen_new_way:with_jtag_input_gen:instrumentation_fabric|alt_sld_fab:instrumentation_fabric|alt_sld_fab_alt_sld_fab:alt_sld_fab|alt_sld_fab_alt_sld_fab_sldfabric:sldfabric|sld_jtag_hub:\jtag_hub_gen:real_sld_jtag_hub|irf_reg[1][5]                      ; sld_hub:auto_hub|alt_sld_fab_with_jtag_input:\instrumentation_fabric_with_node_gen:fabric_gen_new_way:with_jtag_input_gen:instrumentation_fabric|alt_sld_fab:instrumentation_fabric|alt_sld_fab_alt_sld_fab:alt_sld_fab|alt_sld_fab_alt_sld_fab_sldfabric:sldfabric|sld_jtag_hub:\jtag_hub_gen:real_sld_jtag_hub|tdo ; altera_reserved_tck ; altera_reserved_tck ; 50.000       ; 0.241      ; 5.521      ;
; 44.877 ; sld_signaltap:auto_signaltap_0|sld_signaltap_impl:sld_signaltap_body|sld_signaltap_implb:sld_signaltap_body|sld_rom_sr:crc_rom_sr|WORD_SR[0]                                                                                                                                                                                                        ; sld_hub:auto_hub|alt_sld_fab_with_jtag_input:\instrumentation_fabric_with_node_gen:fabric_gen_new_way:with_jtag_input_gen:instrumentation_fabric|alt_sld_fab:instrumentation_fabric|alt_sld_fab_alt_sld_fab:alt_sld_fab|alt_sld_fab_alt_sld_fab_sldfabric:sldfabric|sld_jtag_hub:\jtag_hub_gen:real_sld_jtag_hub|tdo ; altera_reserved_tck ; altera_reserved_tck ; 50.000       ; 0.233      ; 5.377      ;
; 44.936 ; sld_signaltap:auto_signaltap_0|sld_signaltap_impl:sld_signaltap_body|sld_signaltap_implb:sld_signaltap_body|tdo_crc_len_reg[0]                                                                                                                                                                                                                      ; sld_hub:auto_hub|alt_sld_fab_with_jtag_input:\instrumentation_fabric_with_node_gen:fabric_gen_new_way:with_jtag_input_gen:instrumentation_fabric|alt_sld_fab:instrumentation_fabric|alt_sld_fab_alt_sld_fab:alt_sld_fab|alt_sld_fab_alt_sld_fab_sldfabric:sldfabric|sld_jtag_hub:\jtag_hub_gen:real_sld_jtag_hub|tdo ; altera_reserved_tck ; altera_reserved_tck ; 50.000       ; 0.235      ; 5.320      ;
; 45.223 ; sld_signaltap:auto_signaltap_0|sld_signaltap_impl:sld_signaltap_body|sld_signaltap_implb:sld_signaltap_body|lpm_shiftreg:status_register|dffs[0]                                                                                                                                                                                                    ; sld_hub:auto_hub|alt_sld_fab_with_jtag_input:\instrumentation_fabric_with_node_gen:fabric_gen_new_way:with_jtag_input_gen:instrumentation_fabric|alt_sld_fab:instrumentation_fabric|alt_sld_fab_alt_sld_fab:alt_sld_fab|alt_sld_fab_alt_sld_fab_sldfabric:sldfabric|sld_jtag_hub:\jtag_hub_gen:real_sld_jtag_hub|tdo ; altera_reserved_tck ; altera_reserved_tck ; 50.000       ; 0.238      ; 5.036      ;
; 45.720 ; sld_signaltap:auto_signaltap_0|sld_signaltap_impl:sld_signaltap_body|sld_signaltap_implb:sld_signaltap_body|sld_offload_buffer_mgr:\stp_non_zero_depth_offload_gen:stp_offload_buff_mgr_inst|lpm_shiftreg:info_data_shift_out|dffs[0]                                                                                                               ; sld_hub:auto_hub|alt_sld_fab_with_jtag_input:\instrumentation_fabric_with_node_gen:fabric_gen_new_way:with_jtag_input_gen:instrumentation_fabric|alt_sld_fab:instrumentation_fabric|alt_sld_fab_alt_sld_fab:alt_sld_fab|alt_sld_fab_alt_sld_fab_sldfabric:sldfabric|sld_jtag_hub:\jtag_hub_gen:real_sld_jtag_hub|tdo ; altera_reserved_tck ; altera_reserved_tck ; 50.000       ; 0.235      ; 4.536      ;
; 45.792 ; sld_signaltap:auto_signaltap_0|sld_signaltap_impl:sld_signaltap_body|sld_signaltap_implb:sld_signaltap_body|bypass_reg_out                                                                                                                                                                                                                          ; sld_hub:auto_hub|alt_sld_fab_with_jtag_input:\instrumentation_fabric_with_node_gen:fabric_gen_new_way:with_jtag_input_gen:instrumentation_fabric|alt_sld_fab:instrumentation_fabric|alt_sld_fab_alt_sld_fab:alt_sld_fab|alt_sld_fab_alt_sld_fab_sldfabric:sldfabric|sld_jtag_hub:\jtag_hub_gen:real_sld_jtag_hub|tdo ; altera_reserved_tck ; altera_reserved_tck ; 50.000       ; 0.235      ; 4.464      ;
; 46.105 ; sld_hub:auto_hub|alt_sld_fab_with_jtag_input:\instrumentation_fabric_with_node_gen:fabric_gen_new_way:with_jtag_input_gen:instrumentation_fabric|alt_sld_fab:instrumentation_fabric|alt_sld_fab_alt_sld_fab:alt_sld_fab|alt_sld_fab_alt_sld_fab_sldfabric:sldfabric|sld_jtag_hub:\jtag_hub_gen:real_sld_jtag_hub|irsr_reg[2]                        ; sld_hub:auto_hub|alt_sld_fab_with_jtag_input:\instrumentation_fabric_with_node_gen:fabric_gen_new_way:with_jtag_input_gen:instrumentation_fabric|alt_sld_fab:instrumentation_fabric|alt_sld_fab_alt_sld_fab:alt_sld_fab|alt_sld_fab_alt_sld_fab_sldfabric:sldfabric|sld_jtag_hub:\jtag_hub_gen:real_sld_jtag_hub|tdo ; altera_reserved_tck ; altera_reserved_tck ; 50.000       ; 0.241      ; 4.157      ;
; 46.200 ; sld_signaltap:auto_signaltap_0|sld_signaltap_impl:sld_signaltap_body|sld_signaltap_implb:sld_signaltap_body|tdo_crc_val_shift_reg[0]                                                                                                                                                                                                                ; sld_hub:auto_hub|alt_sld_fab_with_jtag_input:\instrumentation_fabric_with_node_gen:fabric_gen_new_way:with_jtag_input_gen:instrumentation_fabric|alt_sld_fab:instrumentation_fabric|alt_sld_fab_alt_sld_fab:alt_sld_fab|alt_sld_fab_alt_sld_fab_sldfabric:sldfabric|sld_jtag_hub:\jtag_hub_gen:real_sld_jtag_hub|tdo ; altera_reserved_tck ; altera_reserved_tck ; 50.000       ; 0.236      ; 4.057      ;
; 46.344 ; sld_hub:auto_hub|alt_sld_fab_with_jtag_input:\instrumentation_fabric_with_node_gen:fabric_gen_new_way:with_jtag_input_gen:instrumentation_fabric|alt_sld_fab:instrumentation_fabric|alt_sld_fab_alt_sld_fab:alt_sld_fab|alt_sld_fab_alt_sld_fab_sldfabric:sldfabric|sld_jtag_hub:\jtag_hub_gen:real_sld_jtag_hub|irsr_reg[1]                        ; sld_hub:auto_hub|alt_sld_fab_with_jtag_input:\instrumentation_fabric_with_node_gen:fabric_gen_new_way:with_jtag_input_gen:instrumentation_fabric|alt_sld_fab:instrumentation_fabric|alt_sld_fab_alt_sld_fab:alt_sld_fab|alt_sld_fab_alt_sld_fab_sldfabric:sldfabric|sld_jtag_hub:\jtag_hub_gen:real_sld_jtag_hub|tdo ; altera_reserved_tck ; altera_reserved_tck ; 50.000       ; 0.241      ; 3.918      ;
; 46.426 ; sld_hub:auto_hub|alt_sld_fab_with_jtag_input:\instrumentation_fabric_with_node_gen:fabric_gen_new_way:with_jtag_input_gen:instrumentation_fabric|alt_sld_fab:instrumentation_fabric|alt_sld_fab_alt_sld_fab:alt_sld_fab|alt_sld_fab_alt_sld_fab_sldfabric:sldfabric|sld_jtag_hub:\jtag_hub_gen:real_sld_jtag_hub|irsr_reg[0]                        ; sld_hub:auto_hub|alt_sld_fab_with_jtag_input:\instrumentation_fabric_with_node_gen:fabric_gen_new_way:with_jtag_input_gen:instrumentation_fabric|alt_sld_fab:instrumentation_fabric|alt_sld_fab_alt_sld_fab:alt_sld_fab|alt_sld_fab_alt_sld_fab_sldfabric:sldfabric|sld_jtag_hub:\jtag_hub_gen:real_sld_jtag_hub|tdo ; altera_reserved_tck ; altera_reserved_tck ; 50.000       ; 0.241      ; 3.836      ;
; 46.886 ; sld_hub:auto_hub|alt_sld_fab_with_jtag_input:\instrumentation_fabric_with_node_gen:fabric_gen_new_way:with_jtag_input_gen:instrumentation_fabric|alt_sld_fab:instrumentation_fabric|alt_sld_fab_alt_sld_fab:alt_sld_fab|alt_sld_fab_alt_sld_fab_sldfabric:sldfabric|sld_jtag_hub:\jtag_hub_gen:real_sld_jtag_hub|sld_rom_sr:hub_info_reg|WORD_SR[0] ; sld_hub:auto_hub|alt_sld_fab_with_jtag_input:\instrumentation_fabric_with_node_gen:fabric_gen_new_way:with_jtag_input_gen:instrumentation_fabric|alt_sld_fab:instrumentation_fabric|alt_sld_fab_alt_sld_fab:alt_sld_fab|alt_sld_fab_alt_sld_fab_sldfabric:sldfabric|sld_jtag_hub:\jtag_hub_gen:real_sld_jtag_hub|tdo ; altera_reserved_tck ; altera_reserved_tck ; 50.000       ; 0.245      ; 3.380      ;
; 46.931 ; sld_hub:auto_hub|alt_sld_fab_with_jtag_input:\instrumentation_fabric_with_node_gen:fabric_gen_new_way:with_jtag_input_gen:instrumentation_fabric|alt_sld_fab:instrumentation_fabric|alt_sld_fab_alt_sld_fab:alt_sld_fab|alt_sld_fab_alt_sld_fab_sldfabric:sldfabric|sld_jtag_hub:\jtag_hub_gen:real_sld_jtag_hub|irsr_reg[10]                       ; sld_hub:auto_hub|alt_sld_fab_with_jtag_input:\instrumentation_fabric_with_node_gen:fabric_gen_new_way:with_jtag_input_gen:instrumentation_fabric|alt_sld_fab:instrumentation_fabric|alt_sld_fab_alt_sld_fab:alt_sld_fab|alt_sld_fab_alt_sld_fab_sldfabric:sldfabric|sld_jtag_hub:\jtag_hub_gen:real_sld_jtag_hub|tdo ; altera_reserved_tck ; altera_reserved_tck ; 50.000       ; 0.239      ; 3.329      ;
; 47.211 ; sld_hub:auto_hub|alt_sld_fab_with_jtag_input:\instrumentation_fabric_with_node_gen:fabric_gen_new_way:with_jtag_input_gen:instrumentation_fabric|alt_sld_fab:instrumentation_fabric|alt_sld_fab_alt_sld_fab:alt_sld_fab|alt_sld_fab_alt_sld_fab_sldfabric:sldfabric|sld_jtag_hub:\jtag_hub_gen:real_sld_jtag_hub|hub_minor_ver_reg[0]               ; sld_hub:auto_hub|alt_sld_fab_with_jtag_input:\instrumentation_fabric_with_node_gen:fabric_gen_new_way:with_jtag_input_gen:instrumentation_fabric|alt_sld_fab:instrumentation_fabric|alt_sld_fab_alt_sld_fab:alt_sld_fab|alt_sld_fab_alt_sld_fab_sldfabric:sldfabric|sld_jtag_hub:\jtag_hub_gen:real_sld_jtag_hub|tdo ; altera_reserved_tck ; altera_reserved_tck ; 50.000       ; 0.240      ; 3.050      ;
; 47.358 ; sld_hub:auto_hub|alt_sld_fab_with_jtag_input:\instrumentation_fabric_with_node_gen:fabric_gen_new_way:with_jtag_input_gen:instrumentation_fabric|alt_sld_fab:instrumentation_fabric|alt_sld_fab_alt_sld_fab:alt_sld_fab|alt_sld_fab_alt_sld_fab_sldfabric:sldfabric|sld_jtag_hub:\jtag_hub_gen:real_sld_jtag_hub|design_hash_reg[0]                 ; sld_hub:auto_hub|alt_sld_fab_with_jtag_input:\instrumentation_fabric_with_node_gen:fabric_gen_new_way:with_jtag_input_gen:instrumentation_fabric|alt_sld_fab:instrumentation_fabric|alt_sld_fab_alt_sld_fab:alt_sld_fab|alt_sld_fab_alt_sld_fab_sldfabric:sldfabric|sld_jtag_hub:\jtag_hub_gen:real_sld_jtag_hub|tdo ; altera_reserved_tck ; altera_reserved_tck ; 50.000       ; 0.242      ; 2.905      ;
; 47.584 ; sld_hub:auto_hub|alt_sld_fab_with_jtag_input:\instrumentation_fabric_with_node_gen:fabric_gen_new_way:with_jtag_input_gen:instrumentation_fabric|alt_sld_fab:instrumentation_fabric|alt_sld_fab_alt_sld_fab:alt_sld_fab|alt_sld_fab_alt_sld_fab_sldfabric:sldfabric|sld_jtag_hub:\jtag_hub_gen:real_sld_jtag_hub|sld_shadow_jsm:shadow_jsm|state[8] ; sld_hub:auto_hub|alt_sld_fab_with_jtag_input:\instrumentation_fabric_with_node_gen:fabric_gen_new_way:with_jtag_input_gen:instrumentation_fabric|alt_sld_fab:instrumentation_fabric|alt_sld_fab_alt_sld_fab:alt_sld_fab|alt_sld_fab_alt_sld_fab_sldfabric:sldfabric|sld_jtag_hub:\jtag_hub_gen:real_sld_jtag_hub|tdo ; altera_reserved_tck ; altera_reserved_tck ; 50.000       ; 0.240      ; 2.677      ;
; 47.857 ; sld_hub:auto_hub|alt_sld_fab_with_jtag_input:\instrumentation_fabric_with_node_gen:fabric_gen_new_way:with_jtag_input_gen:instrumentation_fabric|alt_sld_fab:instrumentation_fabric|alt_sld_fab_alt_sld_fab:alt_sld_fab|alt_sld_fab_alt_sld_fab_sldfabric:sldfabric|sld_jtag_hub:\jtag_hub_gen:real_sld_jtag_hub|tdo_bypass_reg                     ; sld_hub:auto_hub|alt_sld_fab_with_jtag_input:\instrumentation_fabric_with_node_gen:fabric_gen_new_way:with_jtag_input_gen:instrumentation_fabric|alt_sld_fab:instrumentation_fabric|alt_sld_fab_alt_sld_fab:alt_sld_fab|alt_sld_fab_alt_sld_fab_sldfabric:sldfabric|sld_jtag_hub:\jtag_hub_gen:real_sld_jtag_hub|tdo ; altera_reserved_tck ; altera_reserved_tck ; 50.000       ; 0.240      ; 2.404      ;
; 47.942 ; sld_hub:auto_hub|alt_sld_fab_with_jtag_input:\instrumentation_fabric_with_node_gen:fabric_gen_new_way:with_jtag_input_gen:instrumentation_fabric|alt_sld_fab:instrumentation_fabric|alt_sld_fab_alt_sld_fab:alt_sld_fab|alt_sld_fab_alt_sld_fab_sldfabric:sldfabric|sld_jtag_hub:\jtag_hub_gen:real_sld_jtag_hub|virtual_ir_tdo_sel_reg[0]          ; sld_hub:auto_hub|alt_sld_fab_with_jtag_input:\instrumentation_fabric_with_node_gen:fabric_gen_new_way:with_jtag_input_gen:instrumentation_fabric|alt_sld_fab:instrumentation_fabric|alt_sld_fab_alt_sld_fab:alt_sld_fab|alt_sld_fab_alt_sld_fab_sldfabric:sldfabric|sld_jtag_hub:\jtag_hub_gen:real_sld_jtag_hub|tdo ; altera_reserved_tck ; altera_reserved_tck ; 50.000       ; 0.240      ; 2.319      ;
; 92.065 ; sld_hub:auto_hub|alt_sld_fab_with_jtag_input:\instrumentation_fabric_with_node_gen:fabric_gen_new_way:with_jtag_input_gen:instrumentation_fabric|alt_sld_fab:instrumentation_fabric|alt_sld_fab_alt_sld_fab:alt_sld_fab|alt_sld_fab_alt_sld_fab_sldfabric:sldfabric|sld_jtag_hub:\jtag_hub_gen:real_sld_jtag_hub|irf_reg[1][4]                      ; sld_signaltap:auto_signaltap_0|sld_signaltap_impl:sld_signaltap_body|sld_signaltap_implb:sld_signaltap_body|sld_offload_buffer_mgr:\stp_non_zero_depth_offload_gen:stp_offload_buff_mgr_inst|lpm_shiftreg:ram_data_shift_out|dffs[31]                                                                                ; altera_reserved_tck ; altera_reserved_tck ; 100.000      ; -0.085     ; 7.871      ;
; 92.250 ; sld_hub:auto_hub|alt_sld_fab_with_jtag_input:\instrumentation_fabric_with_node_gen:fabric_gen_new_way:with_jtag_input_gen:instrumentation_fabric|alt_sld_fab:instrumentation_fabric|alt_sld_fab_alt_sld_fab:alt_sld_fab|alt_sld_fab_alt_sld_fab_sldfabric:sldfabric|sld_jtag_hub:\jtag_hub_gen:real_sld_jtag_hub|irf_reg[1][4]                      ; sld_signaltap:auto_signaltap_0|sld_signaltap_impl:sld_signaltap_body|sld_signaltap_implb:sld_signaltap_body|sld_offload_buffer_mgr:\stp_non_zero_depth_offload_gen:stp_offload_buff_mgr_inst|lpm_shiftreg:ram_data_shift_out|dffs[30]                                                                                ; altera_reserved_tck ; altera_reserved_tck ; 100.000      ; -0.085     ; 7.686      ;
; 92.428 ; sld_hub:auto_hub|alt_sld_fab_with_jtag_input:\instrumentation_fabric_with_node_gen:fabric_gen_new_way:with_jtag_input_gen:instrumentation_fabric|alt_sld_fab:instrumentation_fabric|alt_sld_fab_alt_sld_fab:alt_sld_fab|alt_sld_fab_alt_sld_fab_sldfabric:sldfabric|sld_jtag_hub:\jtag_hub_gen:real_sld_jtag_hub|sld_shadow_jsm:shadow_jsm|state[3] ; sld_signaltap:auto_signaltap_0|sld_signaltap_impl:sld_signaltap_body|sld_signaltap_implb:sld_signaltap_body|sld_offload_buffer_mgr:\stp_non_zero_depth_offload_gen:stp_offload_buff_mgr_inst|lpm_counter:read_pointer_counter|cntr_i6j:auto_generated|counter_reg_bit[6]                                             ; altera_reserved_tck ; altera_reserved_tck ; 100.000      ; -0.096     ; 7.497      ;
; 92.428 ; sld_hub:auto_hub|alt_sld_fab_with_jtag_input:\instrumentation_fabric_with_node_gen:fabric_gen_new_way:with_jtag_input_gen:instrumentation_fabric|alt_sld_fab:instrumentation_fabric|alt_sld_fab_alt_sld_fab:alt_sld_fab|alt_sld_fab_alt_sld_fab_sldfabric:sldfabric|sld_jtag_hub:\jtag_hub_gen:real_sld_jtag_hub|sld_shadow_jsm:shadow_jsm|state[3] ; sld_signaltap:auto_signaltap_0|sld_signaltap_impl:sld_signaltap_body|sld_signaltap_implb:sld_signaltap_body|sld_offload_buffer_mgr:\stp_non_zero_depth_offload_gen:stp_offload_buff_mgr_inst|lpm_counter:read_pointer_counter|cntr_i6j:auto_generated|counter_reg_bit[5]                                             ; altera_reserved_tck ; altera_reserved_tck ; 100.000      ; -0.096     ; 7.497      ;
; 92.428 ; sld_hub:auto_hub|alt_sld_fab_with_jtag_input:\instrumentation_fabric_with_node_gen:fabric_gen_new_way:with_jtag_input_gen:instrumentation_fabric|alt_sld_fab:instrumentation_fabric|alt_sld_fab_alt_sld_fab:alt_sld_fab|alt_sld_fab_alt_sld_fab_sldfabric:sldfabric|sld_jtag_hub:\jtag_hub_gen:real_sld_jtag_hub|sld_shadow_jsm:shadow_jsm|state[3] ; sld_signaltap:auto_signaltap_0|sld_signaltap_impl:sld_signaltap_body|sld_signaltap_implb:sld_signaltap_body|sld_offload_buffer_mgr:\stp_non_zero_depth_offload_gen:stp_offload_buff_mgr_inst|lpm_counter:read_pointer_counter|cntr_i6j:auto_generated|counter_reg_bit[4]                                             ; altera_reserved_tck ; altera_reserved_tck ; 100.000      ; -0.096     ; 7.497      ;
; 92.428 ; sld_hub:auto_hub|alt_sld_fab_with_jtag_input:\instrumentation_fabric_with_node_gen:fabric_gen_new_way:with_jtag_input_gen:instrumentation_fabric|alt_sld_fab:instrumentation_fabric|alt_sld_fab_alt_sld_fab:alt_sld_fab|alt_sld_fab_alt_sld_fab_sldfabric:sldfabric|sld_jtag_hub:\jtag_hub_gen:real_sld_jtag_hub|sld_shadow_jsm:shadow_jsm|state[3] ; sld_signaltap:auto_signaltap_0|sld_signaltap_impl:sld_signaltap_body|sld_signaltap_implb:sld_signaltap_body|sld_offload_buffer_mgr:\stp_non_zero_depth_offload_gen:stp_offload_buff_mgr_inst|lpm_counter:read_pointer_counter|cntr_i6j:auto_generated|counter_reg_bit[3]                                             ; altera_reserved_tck ; altera_reserved_tck ; 100.000      ; -0.096     ; 7.497      ;
; 92.428 ; sld_hub:auto_hub|alt_sld_fab_with_jtag_input:\instrumentation_fabric_with_node_gen:fabric_gen_new_way:with_jtag_input_gen:instrumentation_fabric|alt_sld_fab:instrumentation_fabric|alt_sld_fab_alt_sld_fab:alt_sld_fab|alt_sld_fab_alt_sld_fab_sldfabric:sldfabric|sld_jtag_hub:\jtag_hub_gen:real_sld_jtag_hub|sld_shadow_jsm:shadow_jsm|state[3] ; sld_signaltap:auto_signaltap_0|sld_signaltap_impl:sld_signaltap_body|sld_signaltap_implb:sld_signaltap_body|sld_offload_buffer_mgr:\stp_non_zero_depth_offload_gen:stp_offload_buff_mgr_inst|lpm_counter:read_pointer_counter|cntr_i6j:auto_generated|counter_reg_bit[2]                                             ; altera_reserved_tck ; altera_reserved_tck ; 100.000      ; -0.096     ; 7.497      ;
; 92.428 ; sld_hub:auto_hub|alt_sld_fab_with_jtag_input:\instrumentation_fabric_with_node_gen:fabric_gen_new_way:with_jtag_input_gen:instrumentation_fabric|alt_sld_fab:instrumentation_fabric|alt_sld_fab_alt_sld_fab:alt_sld_fab|alt_sld_fab_alt_sld_fab_sldfabric:sldfabric|sld_jtag_hub:\jtag_hub_gen:real_sld_jtag_hub|sld_shadow_jsm:shadow_jsm|state[3] ; sld_signaltap:auto_signaltap_0|sld_signaltap_impl:sld_signaltap_body|sld_signaltap_implb:sld_signaltap_body|sld_offload_buffer_mgr:\stp_non_zero_depth_offload_gen:stp_offload_buff_mgr_inst|lpm_counter:read_pointer_counter|cntr_i6j:auto_generated|counter_reg_bit[1]                                             ; altera_reserved_tck ; altera_reserved_tck ; 100.000      ; -0.096     ; 7.497      ;
; 92.428 ; sld_hub:auto_hub|alt_sld_fab_with_jtag_input:\instrumentation_fabric_with_node_gen:fabric_gen_new_way:with_jtag_input_gen:instrumentation_fabric|alt_sld_fab:instrumentation_fabric|alt_sld_fab_alt_sld_fab:alt_sld_fab|alt_sld_fab_alt_sld_fab_sldfabric:sldfabric|sld_jtag_hub:\jtag_hub_gen:real_sld_jtag_hub|sld_shadow_jsm:shadow_jsm|state[3] ; sld_signaltap:auto_signaltap_0|sld_signaltap_impl:sld_signaltap_body|sld_signaltap_implb:sld_signaltap_body|sld_offload_buffer_mgr:\stp_non_zero_depth_offload_gen:stp_offload_buff_mgr_inst|lpm_counter:read_pointer_counter|cntr_i6j:auto_generated|counter_reg_bit[0]                                             ; altera_reserved_tck ; altera_reserved_tck ; 100.000      ; -0.096     ; 7.497      ;
; 92.430 ; sld_hub:auto_hub|alt_sld_fab_with_jtag_input:\instrumentation_fabric_with_node_gen:fabric_gen_new_way:with_jtag_input_gen:instrumentation_fabric|alt_sld_fab:instrumentation_fabric|alt_sld_fab_alt_sld_fab:alt_sld_fab|alt_sld_fab_alt_sld_fab_sldfabric:sldfabric|sld_jtag_hub:\jtag_hub_gen:real_sld_jtag_hub|sld_shadow_jsm:shadow_jsm|state[4] ; sld_signaltap:auto_signaltap_0|sld_signaltap_impl:sld_signaltap_body|sld_signaltap_implb:sld_signaltap_body|sld_offload_buffer_mgr:\stp_non_zero_depth_offload_gen:stp_offload_buff_mgr_inst|lpm_shiftreg:status_data_shift_out|dffs[0]                                                                              ; altera_reserved_tck ; altera_reserved_tck ; 100.000      ; -0.077     ; 7.514      ;
; 92.494 ; sld_hub:auto_hub|alt_sld_fab_with_jtag_input:\instrumentation_fabric_with_node_gen:fabric_gen_new_way:with_jtag_input_gen:instrumentation_fabric|alt_sld_fab:instrumentation_fabric|alt_sld_fab_alt_sld_fab:alt_sld_fab|alt_sld_fab_alt_sld_fab_sldfabric:sldfabric|sld_jtag_hub:\jtag_hub_gen:real_sld_jtag_hub|sld_shadow_jsm:shadow_jsm|state[4] ; sld_signaltap:auto_signaltap_0|sld_signaltap_impl:sld_signaltap_body|sld_signaltap_implb:sld_signaltap_body|sld_offload_buffer_mgr:\stp_non_zero_depth_offload_gen:stp_offload_buff_mgr_inst|lpm_counter:read_pointer_counter|cntr_i6j:auto_generated|counter_reg_bit[6]                                             ; altera_reserved_tck ; altera_reserved_tck ; 100.000      ; -0.096     ; 7.431      ;
; 92.494 ; sld_hub:auto_hub|alt_sld_fab_with_jtag_input:\instrumentation_fabric_with_node_gen:fabric_gen_new_way:with_jtag_input_gen:instrumentation_fabric|alt_sld_fab:instrumentation_fabric|alt_sld_fab_alt_sld_fab:alt_sld_fab|alt_sld_fab_alt_sld_fab_sldfabric:sldfabric|sld_jtag_hub:\jtag_hub_gen:real_sld_jtag_hub|sld_shadow_jsm:shadow_jsm|state[4] ; sld_signaltap:auto_signaltap_0|sld_signaltap_impl:sld_signaltap_body|sld_signaltap_implb:sld_signaltap_body|sld_offload_buffer_mgr:\stp_non_zero_depth_offload_gen:stp_offload_buff_mgr_inst|lpm_counter:read_pointer_counter|cntr_i6j:auto_generated|counter_reg_bit[5]                                             ; altera_reserved_tck ; altera_reserved_tck ; 100.000      ; -0.096     ; 7.431      ;
; 92.494 ; sld_hub:auto_hub|alt_sld_fab_with_jtag_input:\instrumentation_fabric_with_node_gen:fabric_gen_new_way:with_jtag_input_gen:instrumentation_fabric|alt_sld_fab:instrumentation_fabric|alt_sld_fab_alt_sld_fab:alt_sld_fab|alt_sld_fab_alt_sld_fab_sldfabric:sldfabric|sld_jtag_hub:\jtag_hub_gen:real_sld_jtag_hub|sld_shadow_jsm:shadow_jsm|state[4] ; sld_signaltap:auto_signaltap_0|sld_signaltap_impl:sld_signaltap_body|sld_signaltap_implb:sld_signaltap_body|sld_offload_buffer_mgr:\stp_non_zero_depth_offload_gen:stp_offload_buff_mgr_inst|lpm_counter:read_pointer_counter|cntr_i6j:auto_generated|counter_reg_bit[4]                                             ; altera_reserved_tck ; altera_reserved_tck ; 100.000      ; -0.096     ; 7.431      ;
; 92.494 ; sld_hub:auto_hub|alt_sld_fab_with_jtag_input:\instrumentation_fabric_with_node_gen:fabric_gen_new_way:with_jtag_input_gen:instrumentation_fabric|alt_sld_fab:instrumentation_fabric|alt_sld_fab_alt_sld_fab:alt_sld_fab|alt_sld_fab_alt_sld_fab_sldfabric:sldfabric|sld_jtag_hub:\jtag_hub_gen:real_sld_jtag_hub|sld_shadow_jsm:shadow_jsm|state[4] ; sld_signaltap:auto_signaltap_0|sld_signaltap_impl:sld_signaltap_body|sld_signaltap_implb:sld_signaltap_body|sld_offload_buffer_mgr:\stp_non_zero_depth_offload_gen:stp_offload_buff_mgr_inst|lpm_counter:read_pointer_counter|cntr_i6j:auto_generated|counter_reg_bit[3]                                             ; altera_reserved_tck ; altera_reserved_tck ; 100.000      ; -0.096     ; 7.431      ;
; 92.494 ; sld_hub:auto_hub|alt_sld_fab_with_jtag_input:\instrumentation_fabric_with_node_gen:fabric_gen_new_way:with_jtag_input_gen:instrumentation_fabric|alt_sld_fab:instrumentation_fabric|alt_sld_fab_alt_sld_fab:alt_sld_fab|alt_sld_fab_alt_sld_fab_sldfabric:sldfabric|sld_jtag_hub:\jtag_hub_gen:real_sld_jtag_hub|sld_shadow_jsm:shadow_jsm|state[4] ; sld_signaltap:auto_signaltap_0|sld_signaltap_impl:sld_signaltap_body|sld_signaltap_implb:sld_signaltap_body|sld_offload_buffer_mgr:\stp_non_zero_depth_offload_gen:stp_offload_buff_mgr_inst|lpm_counter:read_pointer_counter|cntr_i6j:auto_generated|counter_reg_bit[2]                                             ; altera_reserved_tck ; altera_reserved_tck ; 100.000      ; -0.096     ; 7.431      ;
; 92.494 ; sld_hub:auto_hub|alt_sld_fab_with_jtag_input:\instrumentation_fabric_with_node_gen:fabric_gen_new_way:with_jtag_input_gen:instrumentation_fabric|alt_sld_fab:instrumentation_fabric|alt_sld_fab_alt_sld_fab:alt_sld_fab|alt_sld_fab_alt_sld_fab_sldfabric:sldfabric|sld_jtag_hub:\jtag_hub_gen:real_sld_jtag_hub|sld_shadow_jsm:shadow_jsm|state[4] ; sld_signaltap:auto_signaltap_0|sld_signaltap_impl:sld_signaltap_body|sld_signaltap_implb:sld_signaltap_body|sld_offload_buffer_mgr:\stp_non_zero_depth_offload_gen:stp_offload_buff_mgr_inst|lpm_counter:read_pointer_counter|cntr_i6j:auto_generated|counter_reg_bit[1]                                             ; altera_reserved_tck ; altera_reserved_tck ; 100.000      ; -0.096     ; 7.431      ;
; 92.494 ; sld_hub:auto_hub|alt_sld_fab_with_jtag_input:\instrumentation_fabric_with_node_gen:fabric_gen_new_way:with_jtag_input_gen:instrumentation_fabric|alt_sld_fab:instrumentation_fabric|alt_sld_fab_alt_sld_fab:alt_sld_fab|alt_sld_fab_alt_sld_fab_sldfabric:sldfabric|sld_jtag_hub:\jtag_hub_gen:real_sld_jtag_hub|sld_shadow_jsm:shadow_jsm|state[4] ; sld_signaltap:auto_signaltap_0|sld_signaltap_impl:sld_signaltap_body|sld_signaltap_implb:sld_signaltap_body|sld_offload_buffer_mgr:\stp_non_zero_depth_offload_gen:stp_offload_buff_mgr_inst|lpm_counter:read_pointer_counter|cntr_i6j:auto_generated|counter_reg_bit[0]                                             ; altera_reserved_tck ; altera_reserved_tck ; 100.000      ; -0.096     ; 7.431      ;
; 92.526 ; sld_hub:auto_hub|alt_sld_fab_with_jtag_input:\instrumentation_fabric_with_node_gen:fabric_gen_new_way:with_jtag_input_gen:instrumentation_fabric|alt_sld_fab:instrumentation_fabric|alt_sld_fab_alt_sld_fab:alt_sld_fab|alt_sld_fab_alt_sld_fab_sldfabric:sldfabric|sld_jtag_hub:\jtag_hub_gen:real_sld_jtag_hub|sld_shadow_jsm:shadow_jsm|state[4] ; sld_signaltap:auto_signaltap_0|sld_signaltap_impl:sld_signaltap_body|sld_signaltap_implb:sld_signaltap_body|sld_offload_buffer_mgr:\stp_non_zero_depth_offload_gen:stp_offload_buff_mgr_inst|lpm_shiftreg:ram_data_shift_out|dffs[31]                                                                                ; altera_reserved_tck ; altera_reserved_tck ; 100.000      ; -0.092     ; 7.403      ;
; 92.556 ; sld_hub:auto_hub|alt_sld_fab_with_jtag_input:\instrumentation_fabric_with_node_gen:fabric_gen_new_way:with_jtag_input_gen:instrumentation_fabric|alt_sld_fab:instrumentation_fabric|alt_sld_fab_alt_sld_fab:alt_sld_fab|splitter_nodes_receive_0[3]                                                                                                 ; sld_signaltap:auto_signaltap_0|sld_signaltap_impl:sld_signaltap_body|sld_signaltap_implb:sld_signaltap_body|sld_offload_buffer_mgr:\stp_non_zero_depth_offload_gen:stp_offload_buff_mgr_inst|lpm_shiftreg:status_data_shift_out|dffs[0]                                                                              ; altera_reserved_tck ; altera_reserved_tck ; 100.000      ; -0.068     ; 7.397      ;
; 92.573 ; sld_signaltap:auto_signaltap_0|sld_signaltap_impl:sld_signaltap_body|sld_signaltap_implb:sld_signaltap_body|tdo_crc_len_reg[6]                                                                                                                                                                                                                      ; sld_signaltap:auto_signaltap_0|sld_signaltap_impl:sld_signaltap_body|sld_signaltap_implb:sld_signaltap_body|tdo_crc_len_reg[31]                                                                                                                                                                                      ; altera_reserved_tck ; altera_reserved_tck ; 100.000      ; -0.088     ; 7.360      ;
; 92.573 ; sld_signaltap:auto_signaltap_0|sld_signaltap_impl:sld_signaltap_body|sld_signaltap_implb:sld_signaltap_body|tdo_crc_len_reg[6]                                                                                                                                                                                                                      ; sld_signaltap:auto_signaltap_0|sld_signaltap_impl:sld_signaltap_body|sld_signaltap_implb:sld_signaltap_body|tdo_crc_len_reg[30]                                                                                                                                                                                      ; altera_reserved_tck ; altera_reserved_tck ; 100.000      ; -0.088     ; 7.360      ;
; 92.573 ; sld_signaltap:auto_signaltap_0|sld_signaltap_impl:sld_signaltap_body|sld_signaltap_implb:sld_signaltap_body|tdo_crc_len_reg[6]                                                                                                                                                                                                                      ; sld_signaltap:auto_signaltap_0|sld_signaltap_impl:sld_signaltap_body|sld_signaltap_implb:sld_signaltap_body|tdo_crc_len_reg[29]                                                                                                                                                                                      ; altera_reserved_tck ; altera_reserved_tck ; 100.000      ; -0.088     ; 7.360      ;
; 92.573 ; sld_signaltap:auto_signaltap_0|sld_signaltap_impl:sld_signaltap_body|sld_signaltap_implb:sld_signaltap_body|tdo_crc_len_reg[6]                                                                                                                                                                                                                      ; sld_signaltap:auto_signaltap_0|sld_signaltap_impl:sld_signaltap_body|sld_signaltap_implb:sld_signaltap_body|tdo_crc_len_reg[28]                                                                                                                                                                                      ; altera_reserved_tck ; altera_reserved_tck ; 100.000      ; -0.088     ; 7.360      ;
; 92.573 ; sld_signaltap:auto_signaltap_0|sld_signaltap_impl:sld_signaltap_body|sld_signaltap_implb:sld_signaltap_body|tdo_crc_len_reg[6]                                                                                                                                                                                                                      ; sld_signaltap:auto_signaltap_0|sld_signaltap_impl:sld_signaltap_body|sld_signaltap_implb:sld_signaltap_body|tdo_crc_len_reg[27]                                                                                                                                                                                      ; altera_reserved_tck ; altera_reserved_tck ; 100.000      ; -0.088     ; 7.360      ;
; 92.573 ; sld_signaltap:auto_signaltap_0|sld_signaltap_impl:sld_signaltap_body|sld_signaltap_implb:sld_signaltap_body|tdo_crc_len_reg[6]                                                                                                                                                                                                                      ; sld_signaltap:auto_signaltap_0|sld_signaltap_impl:sld_signaltap_body|sld_signaltap_implb:sld_signaltap_body|tdo_crc_len_reg[26]                                                                                                                                                                                      ; altera_reserved_tck ; altera_reserved_tck ; 100.000      ; -0.088     ; 7.360      ;
; 92.573 ; sld_signaltap:auto_signaltap_0|sld_signaltap_impl:sld_signaltap_body|sld_signaltap_implb:sld_signaltap_body|tdo_crc_len_reg[6]                                                                                                                                                                                                                      ; sld_signaltap:auto_signaltap_0|sld_signaltap_impl:sld_signaltap_body|sld_signaltap_implb:sld_signaltap_body|tdo_crc_len_reg[25]                                                                                                                                                                                      ; altera_reserved_tck ; altera_reserved_tck ; 100.000      ; -0.088     ; 7.360      ;
; 92.573 ; sld_signaltap:auto_signaltap_0|sld_signaltap_impl:sld_signaltap_body|sld_signaltap_implb:sld_signaltap_body|tdo_crc_len_reg[6]                                                                                                                                                                                                                      ; sld_signaltap:auto_signaltap_0|sld_signaltap_impl:sld_signaltap_body|sld_signaltap_implb:sld_signaltap_body|tdo_crc_len_reg[24]                                                                                                                                                                                      ; altera_reserved_tck ; altera_reserved_tck ; 100.000      ; -0.088     ; 7.360      ;
; 92.573 ; sld_signaltap:auto_signaltap_0|sld_signaltap_impl:sld_signaltap_body|sld_signaltap_implb:sld_signaltap_body|tdo_crc_len_reg[6]                                                                                                                                                                                                                      ; sld_signaltap:auto_signaltap_0|sld_signaltap_impl:sld_signaltap_body|sld_signaltap_implb:sld_signaltap_body|tdo_crc_len_reg[23]                                                                                                                                                                                      ; altera_reserved_tck ; altera_reserved_tck ; 100.000      ; -0.088     ; 7.360      ;
; 92.573 ; sld_signaltap:auto_signaltap_0|sld_signaltap_impl:sld_signaltap_body|sld_signaltap_implb:sld_signaltap_body|tdo_crc_len_reg[6]                                                                                                                                                                                                                      ; sld_signaltap:auto_signaltap_0|sld_signaltap_impl:sld_signaltap_body|sld_signaltap_implb:sld_signaltap_body|tdo_crc_len_reg[22]                                                                                                                                                                                      ; altera_reserved_tck ; altera_reserved_tck ; 100.000      ; -0.088     ; 7.360      ;
; 92.573 ; sld_signaltap:auto_signaltap_0|sld_signaltap_impl:sld_signaltap_body|sld_signaltap_implb:sld_signaltap_body|tdo_crc_len_reg[6]                                                                                                                                                                                                                      ; sld_signaltap:auto_signaltap_0|sld_signaltap_impl:sld_signaltap_body|sld_signaltap_implb:sld_signaltap_body|tdo_crc_len_reg[21]                                                                                                                                                                                      ; altera_reserved_tck ; altera_reserved_tck ; 100.000      ; -0.088     ; 7.360      ;
; 92.573 ; sld_signaltap:auto_signaltap_0|sld_signaltap_impl:sld_signaltap_body|sld_signaltap_implb:sld_signaltap_body|tdo_crc_len_reg[6]                                                                                                                                                                                                                      ; sld_signaltap:auto_signaltap_0|sld_signaltap_impl:sld_signaltap_body|sld_signaltap_implb:sld_signaltap_body|tdo_crc_len_reg[20]                                                                                                                                                                                      ; altera_reserved_tck ; altera_reserved_tck ; 100.000      ; -0.088     ; 7.360      ;
; 92.573 ; sld_signaltap:auto_signaltap_0|sld_signaltap_impl:sld_signaltap_body|sld_signaltap_implb:sld_signaltap_body|tdo_crc_len_reg[6]                                                                                                                                                                                                                      ; sld_signaltap:auto_signaltap_0|sld_signaltap_impl:sld_signaltap_body|sld_signaltap_implb:sld_signaltap_body|tdo_crc_len_reg[16]                                                                                                                                                                                      ; altera_reserved_tck ; altera_reserved_tck ; 100.000      ; -0.088     ; 7.360      ;
; 92.573 ; sld_signaltap:auto_signaltap_0|sld_signaltap_impl:sld_signaltap_body|sld_signaltap_implb:sld_signaltap_body|tdo_crc_len_reg[6]                                                                                                                                                                                                                      ; sld_signaltap:auto_signaltap_0|sld_signaltap_impl:sld_signaltap_body|sld_signaltap_implb:sld_signaltap_body|tdo_crc_len_reg[17]                                                                                                                                                                                      ; altera_reserved_tck ; altera_reserved_tck ; 100.000      ; -0.088     ; 7.360      ;
; 92.573 ; sld_signaltap:auto_signaltap_0|sld_signaltap_impl:sld_signaltap_body|sld_signaltap_implb:sld_signaltap_body|tdo_crc_len_reg[6]                                                                                                                                                                                                                      ; sld_signaltap:auto_signaltap_0|sld_signaltap_impl:sld_signaltap_body|sld_signaltap_implb:sld_signaltap_body|tdo_crc_len_reg[18]                                                                                                                                                                                      ; altera_reserved_tck ; altera_reserved_tck ; 100.000      ; -0.088     ; 7.360      ;
; 92.573 ; sld_signaltap:auto_signaltap_0|sld_signaltap_impl:sld_signaltap_body|sld_signaltap_implb:sld_signaltap_body|tdo_crc_len_reg[6]                                                                                                                                                                                                                      ; sld_signaltap:auto_signaltap_0|sld_signaltap_impl:sld_signaltap_body|sld_signaltap_implb:sld_signaltap_body|tdo_crc_len_reg[19]                                                                                                                                                                                      ; altera_reserved_tck ; altera_reserved_tck ; 100.000      ; -0.088     ; 7.360      ;
; 92.591 ; sld_signaltap:auto_signaltap_0|sld_signaltap_impl:sld_signaltap_body|sld_signaltap_implb:sld_signaltap_body|tdo_crc_len_reg[6]                                                                                                                                                                                                                      ; sld_signaltap:auto_signaltap_0|sld_signaltap_impl:sld_signaltap_body|sld_signaltap_implb:sld_signaltap_body|tdo_crc_len_reg[14]                                                                                                                                                                                      ; altera_reserved_tck ; altera_reserved_tck ; 100.000      ; -0.081     ; 7.349      ;
; 92.591 ; sld_signaltap:auto_signaltap_0|sld_signaltap_impl:sld_signaltap_body|sld_signaltap_implb:sld_signaltap_body|tdo_crc_len_reg[6]                                                                                                                                                                                                                      ; sld_signaltap:auto_signaltap_0|sld_signaltap_impl:sld_signaltap_body|sld_signaltap_implb:sld_signaltap_body|tdo_crc_len_reg[15]                                                                                                                                                                                      ; altera_reserved_tck ; altera_reserved_tck ; 100.000      ; -0.081     ; 7.349      ;
; 92.591 ; sld_signaltap:auto_signaltap_0|sld_signaltap_impl:sld_signaltap_body|sld_signaltap_implb:sld_signaltap_body|tdo_crc_len_reg[6]                                                                                                                                                                                                                      ; sld_signaltap:auto_signaltap_0|sld_signaltap_impl:sld_signaltap_body|sld_signaltap_implb:sld_signaltap_body|tdo_crc_len_reg[0]                                                                                                                                                                                       ; altera_reserved_tck ; altera_reserved_tck ; 100.000      ; -0.081     ; 7.349      ;
; 92.591 ; sld_signaltap:auto_signaltap_0|sld_signaltap_impl:sld_signaltap_body|sld_signaltap_implb:sld_signaltap_body|tdo_crc_len_reg[6]                                                                                                                                                                                                                      ; sld_signaltap:auto_signaltap_0|sld_signaltap_impl:sld_signaltap_body|sld_signaltap_implb:sld_signaltap_body|tdo_crc_len_reg[1]                                                                                                                                                                                       ; altera_reserved_tck ; altera_reserved_tck ; 100.000      ; -0.081     ; 7.349      ;
; 92.591 ; sld_signaltap:auto_signaltap_0|sld_signaltap_impl:sld_signaltap_body|sld_signaltap_implb:sld_signaltap_body|tdo_crc_len_reg[6]                                                                                                                                                                                                                      ; sld_signaltap:auto_signaltap_0|sld_signaltap_impl:sld_signaltap_body|sld_signaltap_implb:sld_signaltap_body|tdo_crc_len_reg[2]                                                                                                                                                                                       ; altera_reserved_tck ; altera_reserved_tck ; 100.000      ; -0.081     ; 7.349      ;
; 92.591 ; sld_signaltap:auto_signaltap_0|sld_signaltap_impl:sld_signaltap_body|sld_signaltap_implb:sld_signaltap_body|tdo_crc_len_reg[6]                                                                                                                                                                                                                      ; sld_signaltap:auto_signaltap_0|sld_signaltap_impl:sld_signaltap_body|sld_signaltap_implb:sld_signaltap_body|tdo_crc_len_reg[3]                                                                                                                                                                                       ; altera_reserved_tck ; altera_reserved_tck ; 100.000      ; -0.081     ; 7.349      ;
; 92.591 ; sld_signaltap:auto_signaltap_0|sld_signaltap_impl:sld_signaltap_body|sld_signaltap_implb:sld_signaltap_body|tdo_crc_len_reg[6]                                                                                                                                                                                                                      ; sld_signaltap:auto_signaltap_0|sld_signaltap_impl:sld_signaltap_body|sld_signaltap_implb:sld_signaltap_body|tdo_crc_len_reg[4]                                                                                                                                                                                       ; altera_reserved_tck ; altera_reserved_tck ; 100.000      ; -0.081     ; 7.349      ;
; 92.591 ; sld_signaltap:auto_signaltap_0|sld_signaltap_impl:sld_signaltap_body|sld_signaltap_implb:sld_signaltap_body|tdo_crc_len_reg[6]                                                                                                                                                                                                                      ; sld_signaltap:auto_signaltap_0|sld_signaltap_impl:sld_signaltap_body|sld_signaltap_implb:sld_signaltap_body|tdo_crc_len_reg[5]                                                                                                                                                                                       ; altera_reserved_tck ; altera_reserved_tck ; 100.000      ; -0.081     ; 7.349      ;
; 92.591 ; sld_signaltap:auto_signaltap_0|sld_signaltap_impl:sld_signaltap_body|sld_signaltap_implb:sld_signaltap_body|tdo_crc_len_reg[6]                                                                                                                                                                                                                      ; sld_signaltap:auto_signaltap_0|sld_signaltap_impl:sld_signaltap_body|sld_signaltap_implb:sld_signaltap_body|tdo_crc_len_reg[6]                                                                                                                                                                                       ; altera_reserved_tck ; altera_reserved_tck ; 100.000      ; -0.081     ; 7.349      ;
; 92.591 ; sld_signaltap:auto_signaltap_0|sld_signaltap_impl:sld_signaltap_body|sld_signaltap_implb:sld_signaltap_body|tdo_crc_len_reg[6]                                                                                                                                                                                                                      ; sld_signaltap:auto_signaltap_0|sld_signaltap_impl:sld_signaltap_body|sld_signaltap_implb:sld_signaltap_body|tdo_crc_len_reg[7]                                                                                                                                                                                       ; altera_reserved_tck ; altera_reserved_tck ; 100.000      ; -0.081     ; 7.349      ;
; 92.591 ; sld_signaltap:auto_signaltap_0|sld_signaltap_impl:sld_signaltap_body|sld_signaltap_implb:sld_signaltap_body|tdo_crc_len_reg[6]                                                                                                                                                                                                                      ; sld_signaltap:auto_signaltap_0|sld_signaltap_impl:sld_signaltap_body|sld_signaltap_implb:sld_signaltap_body|tdo_crc_len_reg[8]                                                                                                                                                                                       ; altera_reserved_tck ; altera_reserved_tck ; 100.000      ; -0.081     ; 7.349      ;
; 92.591 ; sld_signaltap:auto_signaltap_0|sld_signaltap_impl:sld_signaltap_body|sld_signaltap_implb:sld_signaltap_body|tdo_crc_len_reg[6]                                                                                                                                                                                                                      ; sld_signaltap:auto_signaltap_0|sld_signaltap_impl:sld_signaltap_body|sld_signaltap_implb:sld_signaltap_body|tdo_crc_len_reg[9]                                                                                                                                                                                       ; altera_reserved_tck ; altera_reserved_tck ; 100.000      ; -0.081     ; 7.349      ;
; 92.591 ; sld_signaltap:auto_signaltap_0|sld_signaltap_impl:sld_signaltap_body|sld_signaltap_implb:sld_signaltap_body|tdo_crc_len_reg[6]                                                                                                                                                                                                                      ; sld_signaltap:auto_signaltap_0|sld_signaltap_impl:sld_signaltap_body|sld_signaltap_implb:sld_signaltap_body|tdo_crc_len_reg[10]                                                                                                                                                                                      ; altera_reserved_tck ; altera_reserved_tck ; 100.000      ; -0.081     ; 7.349      ;
; 92.591 ; sld_signaltap:auto_signaltap_0|sld_signaltap_impl:sld_signaltap_body|sld_signaltap_implb:sld_signaltap_body|tdo_crc_len_reg[6]                                                                                                                                                                                                                      ; sld_signaltap:auto_signaltap_0|sld_signaltap_impl:sld_signaltap_body|sld_signaltap_implb:sld_signaltap_body|tdo_crc_len_reg[11]                                                                                                                                                                                      ; altera_reserved_tck ; altera_reserved_tck ; 100.000      ; -0.081     ; 7.349      ;
; 92.591 ; sld_signaltap:auto_signaltap_0|sld_signaltap_impl:sld_signaltap_body|sld_signaltap_implb:sld_signaltap_body|tdo_crc_len_reg[6]                                                                                                                                                                                                                      ; sld_signaltap:auto_signaltap_0|sld_signaltap_impl:sld_signaltap_body|sld_signaltap_implb:sld_signaltap_body|tdo_crc_len_reg[12]                                                                                                                                                                                      ; altera_reserved_tck ; altera_reserved_tck ; 100.000      ; -0.081     ; 7.349      ;
; 92.591 ; sld_signaltap:auto_signaltap_0|sld_signaltap_impl:sld_signaltap_body|sld_signaltap_implb:sld_signaltap_body|tdo_crc_len_reg[6]                                                                                                                                                                                                                      ; sld_signaltap:auto_signaltap_0|sld_signaltap_impl:sld_signaltap_body|sld_signaltap_implb:sld_signaltap_body|tdo_crc_len_reg[13]                                                                                                                                                                                      ; altera_reserved_tck ; altera_reserved_tck ; 100.000      ; -0.081     ; 7.349      ;
; 92.608 ; sld_signaltap:auto_signaltap_0|sld_signaltap_impl:sld_signaltap_body|sld_signaltap_implb:sld_signaltap_body|tdo_crc_len_reg[5]                                                                                                                                                                                                                      ; sld_signaltap:auto_signaltap_0|sld_signaltap_impl:sld_signaltap_body|sld_signaltap_implb:sld_signaltap_body|tdo_crc_len_reg[31]                                                                                                                                                                                      ; altera_reserved_tck ; altera_reserved_tck ; 100.000      ; -0.088     ; 7.325      ;
; 92.608 ; sld_signaltap:auto_signaltap_0|sld_signaltap_impl:sld_signaltap_body|sld_signaltap_implb:sld_signaltap_body|tdo_crc_len_reg[5]                                                                                                                                                                                                                      ; sld_signaltap:auto_signaltap_0|sld_signaltap_impl:sld_signaltap_body|sld_signaltap_implb:sld_signaltap_body|tdo_crc_len_reg[30]                                                                                                                                                                                      ; altera_reserved_tck ; altera_reserved_tck ; 100.000      ; -0.088     ; 7.325      ;
; 92.608 ; sld_signaltap:auto_signaltap_0|sld_signaltap_impl:sld_signaltap_body|sld_signaltap_implb:sld_signaltap_body|tdo_crc_len_reg[5]                                                                                                                                                                                                                      ; sld_signaltap:auto_signaltap_0|sld_signaltap_impl:sld_signaltap_body|sld_signaltap_implb:sld_signaltap_body|tdo_crc_len_reg[29]                                                                                                                                                                                      ; altera_reserved_tck ; altera_reserved_tck ; 100.000      ; -0.088     ; 7.325      ;
; 92.608 ; sld_signaltap:auto_signaltap_0|sld_signaltap_impl:sld_signaltap_body|sld_signaltap_implb:sld_signaltap_body|tdo_crc_len_reg[5]                                                                                                                                                                                                                      ; sld_signaltap:auto_signaltap_0|sld_signaltap_impl:sld_signaltap_body|sld_signaltap_implb:sld_signaltap_body|tdo_crc_len_reg[28]                                                                                                                                                                                      ; altera_reserved_tck ; altera_reserved_tck ; 100.000      ; -0.088     ; 7.325      ;
; 92.608 ; sld_signaltap:auto_signaltap_0|sld_signaltap_impl:sld_signaltap_body|sld_signaltap_implb:sld_signaltap_body|tdo_crc_len_reg[5]                                                                                                                                                                                                                      ; sld_signaltap:auto_signaltap_0|sld_signaltap_impl:sld_signaltap_body|sld_signaltap_implb:sld_signaltap_body|tdo_crc_len_reg[27]                                                                                                                                                                                      ; altera_reserved_tck ; altera_reserved_tck ; 100.000      ; -0.088     ; 7.325      ;
; 92.608 ; sld_signaltap:auto_signaltap_0|sld_signaltap_impl:sld_signaltap_body|sld_signaltap_implb:sld_signaltap_body|tdo_crc_len_reg[5]                                                                                                                                                                                                                      ; sld_signaltap:auto_signaltap_0|sld_signaltap_impl:sld_signaltap_body|sld_signaltap_implb:sld_signaltap_body|tdo_crc_len_reg[26]                                                                                                                                                                                      ; altera_reserved_tck ; altera_reserved_tck ; 100.000      ; -0.088     ; 7.325      ;
; 92.608 ; sld_signaltap:auto_signaltap_0|sld_signaltap_impl:sld_signaltap_body|sld_signaltap_implb:sld_signaltap_body|tdo_crc_len_reg[5]                                                                                                                                                                                                                      ; sld_signaltap:auto_signaltap_0|sld_signaltap_impl:sld_signaltap_body|sld_signaltap_implb:sld_signaltap_body|tdo_crc_len_reg[25]                                                                                                                                                                                      ; altera_reserved_tck ; altera_reserved_tck ; 100.000      ; -0.088     ; 7.325      ;
; 92.608 ; sld_signaltap:auto_signaltap_0|sld_signaltap_impl:sld_signaltap_body|sld_signaltap_implb:sld_signaltap_body|tdo_crc_len_reg[5]                                                                                                                                                                                                                      ; sld_signaltap:auto_signaltap_0|sld_signaltap_impl:sld_signaltap_body|sld_signaltap_implb:sld_signaltap_body|tdo_crc_len_reg[24]                                                                                                                                                                                      ; altera_reserved_tck ; altera_reserved_tck ; 100.000      ; -0.088     ; 7.325      ;
; 92.608 ; sld_signaltap:auto_signaltap_0|sld_signaltap_impl:sld_signaltap_body|sld_signaltap_implb:sld_signaltap_body|tdo_crc_len_reg[5]                                                                                                                                                                                                                      ; sld_signaltap:auto_signaltap_0|sld_signaltap_impl:sld_signaltap_body|sld_signaltap_implb:sld_signaltap_body|tdo_crc_len_reg[23]                                                                                                                                                                                      ; altera_reserved_tck ; altera_reserved_tck ; 100.000      ; -0.088     ; 7.325      ;
; 92.608 ; sld_signaltap:auto_signaltap_0|sld_signaltap_impl:sld_signaltap_body|sld_signaltap_implb:sld_signaltap_body|tdo_crc_len_reg[5]                                                                                                                                                                                                                      ; sld_signaltap:auto_signaltap_0|sld_signaltap_impl:sld_signaltap_body|sld_signaltap_implb:sld_signaltap_body|tdo_crc_len_reg[22]                                                                                                                                                                                      ; altera_reserved_tck ; altera_reserved_tck ; 100.000      ; -0.088     ; 7.325      ;
; 92.608 ; sld_signaltap:auto_signaltap_0|sld_signaltap_impl:sld_signaltap_body|sld_signaltap_implb:sld_signaltap_body|tdo_crc_len_reg[5]                                                                                                                                                                                                                      ; sld_signaltap:auto_signaltap_0|sld_signaltap_impl:sld_signaltap_body|sld_signaltap_implb:sld_signaltap_body|tdo_crc_len_reg[21]                                                                                                                                                                                      ; altera_reserved_tck ; altera_reserved_tck ; 100.000      ; -0.088     ; 7.325      ;
; 92.608 ; sld_signaltap:auto_signaltap_0|sld_signaltap_impl:sld_signaltap_body|sld_signaltap_implb:sld_signaltap_body|tdo_crc_len_reg[5]                                                                                                                                                                                                                      ; sld_signaltap:auto_signaltap_0|sld_signaltap_impl:sld_signaltap_body|sld_signaltap_implb:sld_signaltap_body|tdo_crc_len_reg[20]                                                                                                                                                                                      ; altera_reserved_tck ; altera_reserved_tck ; 100.000      ; -0.088     ; 7.325      ;
; 92.608 ; sld_signaltap:auto_signaltap_0|sld_signaltap_impl:sld_signaltap_body|sld_signaltap_implb:sld_signaltap_body|tdo_crc_len_reg[5]                                                                                                                                                                                                                      ; sld_signaltap:auto_signaltap_0|sld_signaltap_impl:sld_signaltap_body|sld_signaltap_implb:sld_signaltap_body|tdo_crc_len_reg[16]                                                                                                                                                                                      ; altera_reserved_tck ; altera_reserved_tck ; 100.000      ; -0.088     ; 7.325      ;
; 92.608 ; sld_signaltap:auto_signaltap_0|sld_signaltap_impl:sld_signaltap_body|sld_signaltap_implb:sld_signaltap_body|tdo_crc_len_reg[5]                                                                                                                                                                                                                      ; sld_signaltap:auto_signaltap_0|sld_signaltap_impl:sld_signaltap_body|sld_signaltap_implb:sld_signaltap_body|tdo_crc_len_reg[17]                                                                                                                                                                                      ; altera_reserved_tck ; altera_reserved_tck ; 100.000      ; -0.088     ; 7.325      ;
; 92.608 ; sld_signaltap:auto_signaltap_0|sld_signaltap_impl:sld_signaltap_body|sld_signaltap_implb:sld_signaltap_body|tdo_crc_len_reg[5]                                                                                                                                                                                                                      ; sld_signaltap:auto_signaltap_0|sld_signaltap_impl:sld_signaltap_body|sld_signaltap_implb:sld_signaltap_body|tdo_crc_len_reg[18]                                                                                                                                                                                      ; altera_reserved_tck ; altera_reserved_tck ; 100.000      ; -0.088     ; 7.325      ;
; 92.608 ; sld_signaltap:auto_signaltap_0|sld_signaltap_impl:sld_signaltap_body|sld_signaltap_implb:sld_signaltap_body|tdo_crc_len_reg[5]                                                                                                                                                                                                                      ; sld_signaltap:auto_signaltap_0|sld_signaltap_impl:sld_signaltap_body|sld_signaltap_implb:sld_signaltap_body|tdo_crc_len_reg[19]                                                                                                                                                                                      ; altera_reserved_tck ; altera_reserved_tck ; 100.000      ; -0.088     ; 7.325      ;
; 92.626 ; sld_signaltap:auto_signaltap_0|sld_signaltap_impl:sld_signaltap_body|sld_signaltap_implb:sld_signaltap_body|tdo_crc_len_reg[5]                                                                                                                                                                                                                      ; sld_signaltap:auto_signaltap_0|sld_signaltap_impl:sld_signaltap_body|sld_signaltap_implb:sld_signaltap_body|tdo_crc_len_reg[14]                                                                                                                                                                                      ; altera_reserved_tck ; altera_reserved_tck ; 100.000      ; -0.081     ; 7.314      ;
; 92.626 ; sld_signaltap:auto_signaltap_0|sld_signaltap_impl:sld_signaltap_body|sld_signaltap_implb:sld_signaltap_body|tdo_crc_len_reg[5]                                                                                                                                                                                                                      ; sld_signaltap:auto_signaltap_0|sld_signaltap_impl:sld_signaltap_body|sld_signaltap_implb:sld_signaltap_body|tdo_crc_len_reg[15]                                                                                                                                                                                      ; altera_reserved_tck ; altera_reserved_tck ; 100.000      ; -0.081     ; 7.314      ;
; 92.626 ; sld_signaltap:auto_signaltap_0|sld_signaltap_impl:sld_signaltap_body|sld_signaltap_implb:sld_signaltap_body|tdo_crc_len_reg[5]                                                                                                                                                                                                                      ; sld_signaltap:auto_signaltap_0|sld_signaltap_impl:sld_signaltap_body|sld_signaltap_implb:sld_signaltap_body|tdo_crc_len_reg[0]                                                                                                                                                                                       ; altera_reserved_tck ; altera_reserved_tck ; 100.000      ; -0.081     ; 7.314      ;
+--------+-----------------------------------------------------------------------------------------------------------------------------------------------------------------------------------------------------------------------------------------------------------------------------------------------------------------------------------------------------+----------------------------------------------------------------------------------------------------------------------------------------------------------------------------------------------------------------------------------------------------------------------------------------------------------------------+---------------------+---------------------+--------------+------------+------------+


+------------------------------------------------------------------------------------------------------------------------------------------------------------------------------------------------------------------------------------------------------------------------------------------------------------------------------------------------------------------------------------------------------------------------------------------------------------------------------------------------------------------------------------------------------------------------------------------------------------------------------------------------------------------------------------------------------------------------------------------------------------------------------------------------------------+
; Slow 1200mV 85C Model Hold: 'altera_reserved_tck'                                                                                                                                                                                                                                                                                                                                                                                                                                                                                                                                                                                                                                                                                                                                                          ;
+-------+-------------------------------------------------------------------------------------------------------------------------------------------------------------------------------------------------------------------------------------------------------------------------------------------------------------------------------------------------------+-------------------------------------------------------------------------------------------------------------------------------------------------------------------------------------------------------------------------------------------------------------------------------------------------------------------------------------------------------+---------------------+---------------------+--------------+------------+------------+
; Slack ; From Node                                                                                                                                                                                                                                                                                                                                             ; To Node                                                                                                                                                                                                                                                                                                                                               ; Launch Clock        ; Latch Clock         ; Relationship ; Clock Skew ; Data Delay ;
+-------+-------------------------------------------------------------------------------------------------------------------------------------------------------------------------------------------------------------------------------------------------------------------------------------------------------------------------------------------------------+-------------------------------------------------------------------------------------------------------------------------------------------------------------------------------------------------------------------------------------------------------------------------------------------------------------------------------------------------------+---------------------+---------------------+--------------+------------+------------+
; 0.452 ; sld_signaltap:auto_signaltap_0|sld_signaltap_impl:sld_signaltap_body|sld_signaltap_implb:sld_signaltap_body|bypass_reg_out                                                                                                                                                                                                                            ; sld_signaltap:auto_signaltap_0|sld_signaltap_impl:sld_signaltap_body|sld_signaltap_implb:sld_signaltap_body|bypass_reg_out                                                                                                                                                                                                                            ; altera_reserved_tck ; altera_reserved_tck ; 0.000        ; 0.082      ; 0.746      ;
; 0.452 ; sld_signaltap:auto_signaltap_0|sld_signaltap_impl:sld_signaltap_body|sld_signaltap_implb:sld_signaltap_body|serial_crc_16:\tdo_crc_gen:tdo_crc_calc|lfsr[0]                                                                                                                                                                                           ; sld_signaltap:auto_signaltap_0|sld_signaltap_impl:sld_signaltap_body|sld_signaltap_implb:sld_signaltap_body|serial_crc_16:\tdo_crc_gen:tdo_crc_calc|lfsr[0]                                                                                                                                                                                           ; altera_reserved_tck ; altera_reserved_tck ; 0.000        ; 0.082      ; 0.746      ;
; 0.452 ; sld_signaltap:auto_signaltap_0|sld_signaltap_impl:sld_signaltap_body|sld_signaltap_implb:sld_signaltap_body|sld_rom_sr:crc_rom_sr|word_counter[3]                                                                                                                                                                                                     ; sld_signaltap:auto_signaltap_0|sld_signaltap_impl:sld_signaltap_body|sld_signaltap_implb:sld_signaltap_body|sld_rom_sr:crc_rom_sr|word_counter[3]                                                                                                                                                                                                     ; altera_reserved_tck ; altera_reserved_tck ; 0.000        ; 0.082      ; 0.746      ;
; 0.452 ; sld_signaltap:auto_signaltap_0|sld_signaltap_impl:sld_signaltap_body|sld_signaltap_implb:sld_signaltap_body|sld_rom_sr:crc_rom_sr|word_counter[1]                                                                                                                                                                                                     ; sld_signaltap:auto_signaltap_0|sld_signaltap_impl:sld_signaltap_body|sld_signaltap_implb:sld_signaltap_body|sld_rom_sr:crc_rom_sr|word_counter[1]                                                                                                                                                                                                     ; altera_reserved_tck ; altera_reserved_tck ; 0.000        ; 0.082      ; 0.746      ;
; 0.452 ; sld_signaltap:auto_signaltap_0|sld_signaltap_impl:sld_signaltap_body|sld_signaltap_implb:sld_signaltap_body|sld_rom_sr:crc_rom_sr|word_counter[2]                                                                                                                                                                                                     ; sld_signaltap:auto_signaltap_0|sld_signaltap_impl:sld_signaltap_body|sld_signaltap_implb:sld_signaltap_body|sld_rom_sr:crc_rom_sr|word_counter[2]                                                                                                                                                                                                     ; altera_reserved_tck ; altera_reserved_tck ; 0.000        ; 0.082      ; 0.746      ;
; 0.452 ; sld_hub:auto_hub|alt_sld_fab_with_jtag_input:\instrumentation_fabric_with_node_gen:fabric_gen_new_way:with_jtag_input_gen:instrumentation_fabric|alt_sld_fab:instrumentation_fabric|alt_sld_fab_alt_sld_fab:alt_sld_fab|alt_sld_fab_alt_sld_fab_sldfabric:sldfabric|sld_jtag_hub:\jtag_hub_gen:real_sld_jtag_hub|hub_mode_reg[1]                      ; sld_hub:auto_hub|alt_sld_fab_with_jtag_input:\instrumentation_fabric_with_node_gen:fabric_gen_new_way:with_jtag_input_gen:instrumentation_fabric|alt_sld_fab:instrumentation_fabric|alt_sld_fab_alt_sld_fab:alt_sld_fab|alt_sld_fab_alt_sld_fab_sldfabric:sldfabric|sld_jtag_hub:\jtag_hub_gen:real_sld_jtag_hub|hub_mode_reg[1]                      ; altera_reserved_tck ; altera_reserved_tck ; 0.000        ; 0.082      ; 0.746      ;
; 0.452 ; sld_hub:auto_hub|alt_sld_fab_with_jtag_input:\instrumentation_fabric_with_node_gen:fabric_gen_new_way:with_jtag_input_gen:instrumentation_fabric|alt_sld_fab:instrumentation_fabric|alt_sld_fab_alt_sld_fab:alt_sld_fab|alt_sld_fab_alt_sld_fab_sldfabric:sldfabric|sld_jtag_hub:\jtag_hub_gen:real_sld_jtag_hub|hub_mode_reg[2]                      ; sld_hub:auto_hub|alt_sld_fab_with_jtag_input:\instrumentation_fabric_with_node_gen:fabric_gen_new_way:with_jtag_input_gen:instrumentation_fabric|alt_sld_fab:instrumentation_fabric|alt_sld_fab_alt_sld_fab:alt_sld_fab|alt_sld_fab_alt_sld_fab_sldfabric:sldfabric|sld_jtag_hub:\jtag_hub_gen:real_sld_jtag_hub|hub_mode_reg[2]                      ; altera_reserved_tck ; altera_reserved_tck ; 0.000        ; 0.082      ; 0.746      ;
; 0.452 ; sld_hub:auto_hub|alt_sld_fab_with_jtag_input:\instrumentation_fabric_with_node_gen:fabric_gen_new_way:with_jtag_input_gen:instrumentation_fabric|alt_sld_fab:instrumentation_fabric|alt_sld_fab_alt_sld_fab:alt_sld_fab|alt_sld_fab_alt_sld_fab_sldfabric:sldfabric|sld_jtag_hub:\jtag_hub_gen:real_sld_jtag_hub|irsr_reg[10]                         ; sld_hub:auto_hub|alt_sld_fab_with_jtag_input:\instrumentation_fabric_with_node_gen:fabric_gen_new_way:with_jtag_input_gen:instrumentation_fabric|alt_sld_fab:instrumentation_fabric|alt_sld_fab_alt_sld_fab:alt_sld_fab|alt_sld_fab_alt_sld_fab_sldfabric:sldfabric|sld_jtag_hub:\jtag_hub_gen:real_sld_jtag_hub|irsr_reg[10]                         ; altera_reserved_tck ; altera_reserved_tck ; 0.000        ; 0.082      ; 0.746      ;
; 0.453 ; sld_hub:auto_hub|alt_sld_fab_with_jtag_input:\instrumentation_fabric_with_node_gen:fabric_gen_new_way:with_jtag_input_gen:instrumentation_fabric|alt_sld_fab:instrumentation_fabric|alt_sld_fab_alt_sld_fab:alt_sld_fab|splitter_nodes_receive_0[3]                                                                                                   ; sld_hub:auto_hub|alt_sld_fab_with_jtag_input:\instrumentation_fabric_with_node_gen:fabric_gen_new_way:with_jtag_input_gen:instrumentation_fabric|alt_sld_fab:instrumentation_fabric|alt_sld_fab_alt_sld_fab:alt_sld_fab|splitter_nodes_receive_0[3]                                                                                                   ; altera_reserved_tck ; altera_reserved_tck ; 0.000        ; 0.081      ; 0.746      ;
; 0.453 ; sld_hub:auto_hub|alt_sld_fab_with_jtag_input:\instrumentation_fabric_with_node_gen:fabric_gen_new_way:with_jtag_input_gen:instrumentation_fabric|alt_sld_fab:instrumentation_fabric|alt_sld_fab_alt_sld_fab:alt_sld_fab|alt_sld_fab_alt_sld_fab_sldfabric:sldfabric|sld_jtag_hub:\jtag_hub_gen:real_sld_jtag_hub|tdo_bypass_reg                       ; sld_hub:auto_hub|alt_sld_fab_with_jtag_input:\instrumentation_fabric_with_node_gen:fabric_gen_new_way:with_jtag_input_gen:instrumentation_fabric|alt_sld_fab:instrumentation_fabric|alt_sld_fab_alt_sld_fab:alt_sld_fab|alt_sld_fab_alt_sld_fab_sldfabric:sldfabric|sld_jtag_hub:\jtag_hub_gen:real_sld_jtag_hub|tdo_bypass_reg                       ; altera_reserved_tck ; altera_reserved_tck ; 0.000        ; 0.081      ; 0.746      ;
; 0.453 ; sld_hub:auto_hub|alt_sld_fab_with_jtag_input:\instrumentation_fabric_with_node_gen:fabric_gen_new_way:with_jtag_input_gen:instrumentation_fabric|alt_sld_fab:instrumentation_fabric|alt_sld_fab_alt_sld_fab:alt_sld_fab|alt_sld_fab_alt_sld_fab_sldfabric:sldfabric|sld_jtag_hub:\jtag_hub_gen:real_sld_jtag_hub|irsr_reg[3]                          ; sld_hub:auto_hub|alt_sld_fab_with_jtag_input:\instrumentation_fabric_with_node_gen:fabric_gen_new_way:with_jtag_input_gen:instrumentation_fabric|alt_sld_fab:instrumentation_fabric|alt_sld_fab_alt_sld_fab:alt_sld_fab|alt_sld_fab_alt_sld_fab_sldfabric:sldfabric|sld_jtag_hub:\jtag_hub_gen:real_sld_jtag_hub|irsr_reg[3]                          ; altera_reserved_tck ; altera_reserved_tck ; 0.000        ; 0.081      ; 0.746      ;
; 0.453 ; sld_hub:auto_hub|alt_sld_fab_with_jtag_input:\instrumentation_fabric_with_node_gen:fabric_gen_new_way:with_jtag_input_gen:instrumentation_fabric|alt_sld_fab:instrumentation_fabric|alt_sld_fab_alt_sld_fab:alt_sld_fab|alt_sld_fab_alt_sld_fab_sldfabric:sldfabric|sld_jtag_hub:\jtag_hub_gen:real_sld_jtag_hub|sld_shadow_jsm:shadow_jsm|state[11]  ; sld_hub:auto_hub|alt_sld_fab_with_jtag_input:\instrumentation_fabric_with_node_gen:fabric_gen_new_way:with_jtag_input_gen:instrumentation_fabric|alt_sld_fab:instrumentation_fabric|alt_sld_fab_alt_sld_fab:alt_sld_fab|alt_sld_fab_alt_sld_fab_sldfabric:sldfabric|sld_jtag_hub:\jtag_hub_gen:real_sld_jtag_hub|sld_shadow_jsm:shadow_jsm|state[11]  ; altera_reserved_tck ; altera_reserved_tck ; 0.000        ; 0.081      ; 0.746      ;
; 0.453 ; sld_hub:auto_hub|alt_sld_fab_with_jtag_input:\instrumentation_fabric_with_node_gen:fabric_gen_new_way:with_jtag_input_gen:instrumentation_fabric|alt_sld_fab:instrumentation_fabric|alt_sld_fab_alt_sld_fab:alt_sld_fab|alt_sld_fab_alt_sld_fab_sldfabric:sldfabric|sld_jtag_hub:\jtag_hub_gen:real_sld_jtag_hub|sld_shadow_jsm:shadow_jsm|state[13]  ; sld_hub:auto_hub|alt_sld_fab_with_jtag_input:\instrumentation_fabric_with_node_gen:fabric_gen_new_way:with_jtag_input_gen:instrumentation_fabric|alt_sld_fab:instrumentation_fabric|alt_sld_fab_alt_sld_fab:alt_sld_fab|alt_sld_fab_alt_sld_fab_sldfabric:sldfabric|sld_jtag_hub:\jtag_hub_gen:real_sld_jtag_hub|sld_shadow_jsm:shadow_jsm|state[13]  ; altera_reserved_tck ; altera_reserved_tck ; 0.000        ; 0.081      ; 0.746      ;
; 0.453 ; sld_hub:auto_hub|alt_sld_fab_with_jtag_input:\instrumentation_fabric_with_node_gen:fabric_gen_new_way:with_jtag_input_gen:instrumentation_fabric|alt_sld_fab:instrumentation_fabric|alt_sld_fab_alt_sld_fab:alt_sld_fab|alt_sld_fab_alt_sld_fab_sldfabric:sldfabric|sld_jtag_hub:\jtag_hub_gen:real_sld_jtag_hub|sld_shadow_jsm:shadow_jsm|state[0]   ; sld_hub:auto_hub|alt_sld_fab_with_jtag_input:\instrumentation_fabric_with_node_gen:fabric_gen_new_way:with_jtag_input_gen:instrumentation_fabric|alt_sld_fab:instrumentation_fabric|alt_sld_fab_alt_sld_fab:alt_sld_fab|alt_sld_fab_alt_sld_fab_sldfabric:sldfabric|sld_jtag_hub:\jtag_hub_gen:real_sld_jtag_hub|sld_shadow_jsm:shadow_jsm|state[0]   ; altera_reserved_tck ; altera_reserved_tck ; 0.000        ; 0.081      ; 0.746      ;
; 0.453 ; sld_hub:auto_hub|alt_sld_fab_with_jtag_input:\instrumentation_fabric_with_node_gen:fabric_gen_new_way:with_jtag_input_gen:instrumentation_fabric|alt_sld_fab:instrumentation_fabric|alt_sld_fab_alt_sld_fab:alt_sld_fab|alt_sld_fab_alt_sld_fab_sldfabric:sldfabric|sld_jtag_hub:\jtag_hub_gen:real_sld_jtag_hub|sld_shadow_jsm:shadow_jsm|state[1]   ; sld_hub:auto_hub|alt_sld_fab_with_jtag_input:\instrumentation_fabric_with_node_gen:fabric_gen_new_way:with_jtag_input_gen:instrumentation_fabric|alt_sld_fab:instrumentation_fabric|alt_sld_fab_alt_sld_fab:alt_sld_fab|alt_sld_fab_alt_sld_fab_sldfabric:sldfabric|sld_jtag_hub:\jtag_hub_gen:real_sld_jtag_hub|sld_shadow_jsm:shadow_jsm|state[1]   ; altera_reserved_tck ; altera_reserved_tck ; 0.000        ; 0.081      ; 0.746      ;
; 0.453 ; sld_hub:auto_hub|alt_sld_fab_with_jtag_input:\instrumentation_fabric_with_node_gen:fabric_gen_new_way:with_jtag_input_gen:instrumentation_fabric|alt_sld_fab:instrumentation_fabric|alt_sld_fab_alt_sld_fab:alt_sld_fab|alt_sld_fab_alt_sld_fab_sldfabric:sldfabric|sld_jtag_hub:\jtag_hub_gen:real_sld_jtag_hub|sld_shadow_jsm:shadow_jsm|tms_cnt[2] ; sld_hub:auto_hub|alt_sld_fab_with_jtag_input:\instrumentation_fabric_with_node_gen:fabric_gen_new_way:with_jtag_input_gen:instrumentation_fabric|alt_sld_fab:instrumentation_fabric|alt_sld_fab_alt_sld_fab:alt_sld_fab|alt_sld_fab_alt_sld_fab_sldfabric:sldfabric|sld_jtag_hub:\jtag_hub_gen:real_sld_jtag_hub|sld_shadow_jsm:shadow_jsm|tms_cnt[2] ; altera_reserved_tck ; altera_reserved_tck ; 0.000        ; 0.081      ; 0.746      ;
; 0.453 ; sld_hub:auto_hub|alt_sld_fab_with_jtag_input:\instrumentation_fabric_with_node_gen:fabric_gen_new_way:with_jtag_input_gen:instrumentation_fabric|alt_sld_fab:instrumentation_fabric|alt_sld_fab_alt_sld_fab:alt_sld_fab|alt_sld_fab_alt_sld_fab_sldfabric:sldfabric|sld_jtag_hub:\jtag_hub_gen:real_sld_jtag_hub|sld_shadow_jsm:shadow_jsm|tms_cnt[1] ; sld_hub:auto_hub|alt_sld_fab_with_jtag_input:\instrumentation_fabric_with_node_gen:fabric_gen_new_way:with_jtag_input_gen:instrumentation_fabric|alt_sld_fab:instrumentation_fabric|alt_sld_fab_alt_sld_fab:alt_sld_fab|alt_sld_fab_alt_sld_fab_sldfabric:sldfabric|sld_jtag_hub:\jtag_hub_gen:real_sld_jtag_hub|sld_shadow_jsm:shadow_jsm|tms_cnt[1] ; altera_reserved_tck ; altera_reserved_tck ; 0.000        ; 0.081      ; 0.746      ;
; 0.453 ; sld_hub:auto_hub|alt_sld_fab_with_jtag_input:\instrumentation_fabric_with_node_gen:fabric_gen_new_way:with_jtag_input_gen:instrumentation_fabric|alt_sld_fab:instrumentation_fabric|alt_sld_fab_alt_sld_fab:alt_sld_fab|alt_sld_fab_alt_sld_fab_sldfabric:sldfabric|sld_jtag_hub:\jtag_hub_gen:real_sld_jtag_hub|sld_shadow_jsm:shadow_jsm|state[4]   ; sld_hub:auto_hub|alt_sld_fab_with_jtag_input:\instrumentation_fabric_with_node_gen:fabric_gen_new_way:with_jtag_input_gen:instrumentation_fabric|alt_sld_fab:instrumentation_fabric|alt_sld_fab_alt_sld_fab:alt_sld_fab|alt_sld_fab_alt_sld_fab_sldfabric:sldfabric|sld_jtag_hub:\jtag_hub_gen:real_sld_jtag_hub|sld_shadow_jsm:shadow_jsm|state[4]   ; altera_reserved_tck ; altera_reserved_tck ; 0.000        ; 0.081      ; 0.746      ;
; 0.453 ; sld_hub:auto_hub|alt_sld_fab_with_jtag_input:\instrumentation_fabric_with_node_gen:fabric_gen_new_way:with_jtag_input_gen:instrumentation_fabric|alt_sld_fab:instrumentation_fabric|alt_sld_fab_alt_sld_fab:alt_sld_fab|alt_sld_fab_alt_sld_fab_sldfabric:sldfabric|sld_jtag_hub:\jtag_hub_gen:real_sld_jtag_hub|sld_shadow_jsm:shadow_jsm|state[6]   ; sld_hub:auto_hub|alt_sld_fab_with_jtag_input:\instrumentation_fabric_with_node_gen:fabric_gen_new_way:with_jtag_input_gen:instrumentation_fabric|alt_sld_fab:instrumentation_fabric|alt_sld_fab_alt_sld_fab:alt_sld_fab|alt_sld_fab_alt_sld_fab_sldfabric:sldfabric|sld_jtag_hub:\jtag_hub_gen:real_sld_jtag_hub|sld_shadow_jsm:shadow_jsm|state[6]   ; altera_reserved_tck ; altera_reserved_tck ; 0.000        ; 0.081      ; 0.746      ;
; 0.464 ; sld_signaltap:auto_signaltap_0|sld_signaltap_impl:sld_signaltap_body|sld_signaltap_implb:sld_signaltap_body|sld_rom_sr:crc_rom_sr|word_counter[0]                                                                                                                                                                                                     ; sld_signaltap:auto_signaltap_0|sld_signaltap_impl:sld_signaltap_body|sld_signaltap_implb:sld_signaltap_body|sld_rom_sr:crc_rom_sr|word_counter[0]                                                                                                                                                                                                     ; altera_reserved_tck ; altera_reserved_tck ; 0.000        ; 0.082      ; 0.758      ;
; 0.465 ; sld_hub:auto_hub|alt_sld_fab_with_jtag_input:\instrumentation_fabric_with_node_gen:fabric_gen_new_way:with_jtag_input_gen:instrumentation_fabric|alt_sld_fab:instrumentation_fabric|alt_sld_fab_alt_sld_fab:alt_sld_fab|alt_sld_fab_alt_sld_fab_sldfabric:sldfabric|sld_jtag_hub:\jtag_hub_gen:real_sld_jtag_hub|sld_shadow_jsm:shadow_jsm|tms_cnt[0] ; sld_hub:auto_hub|alt_sld_fab_with_jtag_input:\instrumentation_fabric_with_node_gen:fabric_gen_new_way:with_jtag_input_gen:instrumentation_fabric|alt_sld_fab:instrumentation_fabric|alt_sld_fab_alt_sld_fab:alt_sld_fab|alt_sld_fab_alt_sld_fab_sldfabric:sldfabric|sld_jtag_hub:\jtag_hub_gen:real_sld_jtag_hub|sld_shadow_jsm:shadow_jsm|tms_cnt[0] ; altera_reserved_tck ; altera_reserved_tck ; 0.000        ; 0.081      ; 0.758      ;
; 0.485 ; sld_hub:auto_hub|alt_sld_fab_with_jtag_input:\instrumentation_fabric_with_node_gen:fabric_gen_new_way:with_jtag_input_gen:instrumentation_fabric|alt_sld_fab:instrumentation_fabric|alt_sld_fab_alt_sld_fab:alt_sld_fab|alt_sld_fab_alt_sld_fab_sldfabric:sldfabric|sld_jtag_hub:\jtag_hub_gen:real_sld_jtag_hub|sld_shadow_jsm:shadow_jsm|tms_cnt[1] ; sld_hub:auto_hub|alt_sld_fab_with_jtag_input:\instrumentation_fabric_with_node_gen:fabric_gen_new_way:with_jtag_input_gen:instrumentation_fabric|alt_sld_fab:instrumentation_fabric|alt_sld_fab_alt_sld_fab:alt_sld_fab|alt_sld_fab_alt_sld_fab_sldfabric:sldfabric|sld_jtag_hub:\jtag_hub_gen:real_sld_jtag_hub|sld_shadow_jsm:shadow_jsm|tms_cnt[2] ; altera_reserved_tck ; altera_reserved_tck ; 0.000        ; 0.081      ; 0.778      ;
; 0.492 ; sld_hub:auto_hub|alt_sld_fab_with_jtag_input:\instrumentation_fabric_with_node_gen:fabric_gen_new_way:with_jtag_input_gen:instrumentation_fabric|alt_sld_fab:instrumentation_fabric|alt_sld_fab_alt_sld_fab:alt_sld_fab|alt_sld_fab_alt_sld_fab_sldfabric:sldfabric|sld_jtag_hub:\jtag_hub_gen:real_sld_jtag_hub|sld_shadow_jsm:shadow_jsm|tms_cnt[0] ; sld_hub:auto_hub|alt_sld_fab_with_jtag_input:\instrumentation_fabric_with_node_gen:fabric_gen_new_way:with_jtag_input_gen:instrumentation_fabric|alt_sld_fab:instrumentation_fabric|alt_sld_fab_alt_sld_fab:alt_sld_fab|alt_sld_fab_alt_sld_fab_sldfabric:sldfabric|sld_jtag_hub:\jtag_hub_gen:real_sld_jtag_hub|sld_shadow_jsm:shadow_jsm|tms_cnt[1] ; altera_reserved_tck ; altera_reserved_tck ; 0.000        ; 0.081      ; 0.785      ;
; 0.500 ; sld_signaltap:auto_signaltap_0|sld_signaltap_impl:sld_signaltap_body|sld_signaltap_implb:sld_signaltap_body|lpm_shiftreg:status_register|dffs[2]                                                                                                                                                                                                      ; sld_signaltap:auto_signaltap_0|sld_signaltap_impl:sld_signaltap_body|sld_signaltap_implb:sld_signaltap_body|lpm_shiftreg:status_register|dffs[1]                                                                                                                                                                                                      ; altera_reserved_tck ; altera_reserved_tck ; 0.000        ; 0.082      ; 0.794      ;
; 0.500 ; sld_signaltap:auto_signaltap_0|sld_signaltap_impl:sld_signaltap_body|sld_signaltap_implb:sld_signaltap_body|sld_offload_buffer_mgr:\stp_non_zero_depth_offload_gen:stp_offload_buff_mgr_inst|lpm_shiftreg:status_data_shift_out|dffs[2]                                                                                                               ; sld_signaltap:auto_signaltap_0|sld_signaltap_impl:sld_signaltap_body|sld_signaltap_implb:sld_signaltap_body|sld_offload_buffer_mgr:\stp_non_zero_depth_offload_gen:stp_offload_buff_mgr_inst|lpm_shiftreg:status_data_shift_out|dffs[1]                                                                                                               ; altera_reserved_tck ; altera_reserved_tck ; 0.000        ; 0.081      ; 0.793      ;
; 0.500 ; sld_signaltap:auto_signaltap_0|sld_signaltap_impl:sld_signaltap_body|sld_signaltap_implb:sld_signaltap_body|sld_offload_buffer_mgr:\stp_non_zero_depth_offload_gen:stp_offload_buff_mgr_inst|lpm_shiftreg:info_data_shift_out|dffs[4]                                                                                                                 ; sld_signaltap:auto_signaltap_0|sld_signaltap_impl:sld_signaltap_body|sld_signaltap_implb:sld_signaltap_body|sld_offload_buffer_mgr:\stp_non_zero_depth_offload_gen:stp_offload_buff_mgr_inst|lpm_shiftreg:info_data_shift_out|dffs[3]                                                                                                                 ; altera_reserved_tck ; altera_reserved_tck ; 0.000        ; 0.081      ; 0.793      ;
; 0.500 ; sld_signaltap:auto_signaltap_0|sld_signaltap_impl:sld_signaltap_body|sld_signaltap_implb:sld_signaltap_body|sld_offload_buffer_mgr:\stp_non_zero_depth_offload_gen:stp_offload_buff_mgr_inst|lpm_shiftreg:ram_data_shift_out|dffs[22]                                                                                                                 ; sld_signaltap:auto_signaltap_0|sld_signaltap_impl:sld_signaltap_body|sld_signaltap_implb:sld_signaltap_body|sld_offload_buffer_mgr:\stp_non_zero_depth_offload_gen:stp_offload_buff_mgr_inst|lpm_shiftreg:ram_data_shift_out|dffs[21]                                                                                                                 ; altera_reserved_tck ; altera_reserved_tck ; 0.000        ; 0.081      ; 0.793      ;
; 0.500 ; sld_signaltap:auto_signaltap_0|sld_signaltap_impl:sld_signaltap_body|sld_signaltap_implb:sld_signaltap_body|sld_ela_control:ela_control|sld_ela_trigger_flow_mgr:\builtin:ela_trigger_flow_mgr_entity|lpm_shiftreg:trigger_config_deserialize|dffs[2]                                                                                                 ; sld_signaltap:auto_signaltap_0|sld_signaltap_impl:sld_signaltap_body|sld_signaltap_implb:sld_signaltap_body|sld_ela_control:ela_control|sld_ela_trigger_flow_mgr:\builtin:ela_trigger_flow_mgr_entity|lpm_shiftreg:trigger_config_deserialize|dffs[1]                                                                                                 ; altera_reserved_tck ; altera_reserved_tck ; 0.000        ; 0.081      ; 0.793      ;
; 0.500 ; sld_signaltap:auto_signaltap_0|sld_signaltap_impl:sld_signaltap_body|sld_signaltap_implb:sld_signaltap_body|sld_ela_control:ela_control|sld_ela_trigger_flow_mgr:\builtin:ela_trigger_flow_mgr_entity|lpm_shiftreg:trigger_config_deserialize|dffs[9]                                                                                                 ; sld_signaltap:auto_signaltap_0|sld_signaltap_impl:sld_signaltap_body|sld_signaltap_implb:sld_signaltap_body|sld_ela_control:ela_control|sld_ela_trigger_flow_mgr:\builtin:ela_trigger_flow_mgr_entity|lpm_shiftreg:trigger_config_deserialize|dffs[8]                                                                                                 ; altera_reserved_tck ; altera_reserved_tck ; 0.000        ; 0.081      ; 0.793      ;
; 0.501 ; sld_signaltap:auto_signaltap_0|sld_signaltap_impl:sld_signaltap_body|sld_signaltap_implb:sld_signaltap_body|sld_offload_buffer_mgr:\stp_non_zero_depth_offload_gen:stp_offload_buff_mgr_inst|lpm_shiftreg:status_data_shift_out|dffs[11]                                                                                                              ; sld_signaltap:auto_signaltap_0|sld_signaltap_impl:sld_signaltap_body|sld_signaltap_implb:sld_signaltap_body|sld_offload_buffer_mgr:\stp_non_zero_depth_offload_gen:stp_offload_buff_mgr_inst|lpm_shiftreg:status_data_shift_out|dffs[10]                                                                                                              ; altera_reserved_tck ; altera_reserved_tck ; 0.000        ; 0.081      ; 0.794      ;
; 0.501 ; sld_signaltap:auto_signaltap_0|sld_signaltap_impl:sld_signaltap_body|sld_signaltap_implb:sld_signaltap_body|lpm_shiftreg:status_register|dffs[14]                                                                                                                                                                                                     ; sld_signaltap:auto_signaltap_0|sld_signaltap_impl:sld_signaltap_body|sld_signaltap_implb:sld_signaltap_body|lpm_shiftreg:status_register|dffs[13]                                                                                                                                                                                                     ; altera_reserved_tck ; altera_reserved_tck ; 0.000        ; 0.081      ; 0.794      ;
; 0.501 ; sld_signaltap:auto_signaltap_0|sld_signaltap_impl:sld_signaltap_body|sld_signaltap_implb:sld_signaltap_body|sld_offload_buffer_mgr:\stp_non_zero_depth_offload_gen:stp_offload_buff_mgr_inst|lpm_shiftreg:status_data_shift_out|dffs[7]                                                                                                               ; sld_signaltap:auto_signaltap_0|sld_signaltap_impl:sld_signaltap_body|sld_signaltap_implb:sld_signaltap_body|sld_offload_buffer_mgr:\stp_non_zero_depth_offload_gen:stp_offload_buff_mgr_inst|lpm_shiftreg:status_data_shift_out|dffs[6]                                                                                                               ; altera_reserved_tck ; altera_reserved_tck ; 0.000        ; 0.081      ; 0.794      ;
; 0.501 ; sld_signaltap:auto_signaltap_0|sld_signaltap_impl:sld_signaltap_body|sld_signaltap_implb:sld_signaltap_body|sld_offload_buffer_mgr:\stp_non_zero_depth_offload_gen:stp_offload_buff_mgr_inst|lpm_shiftreg:ram_data_shift_out|dffs[6]                                                                                                                  ; sld_signaltap:auto_signaltap_0|sld_signaltap_impl:sld_signaltap_body|sld_signaltap_implb:sld_signaltap_body|sld_offload_buffer_mgr:\stp_non_zero_depth_offload_gen:stp_offload_buff_mgr_inst|lpm_shiftreg:ram_data_shift_out|dffs[5]                                                                                                                  ; altera_reserved_tck ; altera_reserved_tck ; 0.000        ; 0.081      ; 0.794      ;
; 0.501 ; sld_signaltap:auto_signaltap_0|sld_signaltap_impl:sld_signaltap_body|sld_signaltap_implb:sld_signaltap_body|sld_offload_buffer_mgr:\stp_non_zero_depth_offload_gen:stp_offload_buff_mgr_inst|lpm_shiftreg:ram_data_shift_out|dffs[9]                                                                                                                  ; sld_signaltap:auto_signaltap_0|sld_signaltap_impl:sld_signaltap_body|sld_signaltap_implb:sld_signaltap_body|sld_offload_buffer_mgr:\stp_non_zero_depth_offload_gen:stp_offload_buff_mgr_inst|lpm_shiftreg:ram_data_shift_out|dffs[8]                                                                                                                  ; altera_reserved_tck ; altera_reserved_tck ; 0.000        ; 0.081      ; 0.794      ;
; 0.501 ; sld_signaltap:auto_signaltap_0|sld_signaltap_impl:sld_signaltap_body|sld_signaltap_implb:sld_signaltap_body|sld_offload_buffer_mgr:\stp_non_zero_depth_offload_gen:stp_offload_buff_mgr_inst|lpm_shiftreg:ram_data_shift_out|dffs[10]                                                                                                                 ; sld_signaltap:auto_signaltap_0|sld_signaltap_impl:sld_signaltap_body|sld_signaltap_implb:sld_signaltap_body|sld_offload_buffer_mgr:\stp_non_zero_depth_offload_gen:stp_offload_buff_mgr_inst|lpm_shiftreg:ram_data_shift_out|dffs[9]                                                                                                                  ; altera_reserved_tck ; altera_reserved_tck ; 0.000        ; 0.081      ; 0.794      ;
; 0.501 ; sld_signaltap:auto_signaltap_0|sld_signaltap_impl:sld_signaltap_body|sld_signaltap_implb:sld_signaltap_body|sld_offload_buffer_mgr:\stp_non_zero_depth_offload_gen:stp_offload_buff_mgr_inst|lpm_shiftreg:ram_data_shift_out|dffs[34]                                                                                                                 ; sld_signaltap:auto_signaltap_0|sld_signaltap_impl:sld_signaltap_body|sld_signaltap_implb:sld_signaltap_body|sld_offload_buffer_mgr:\stp_non_zero_depth_offload_gen:stp_offload_buff_mgr_inst|lpm_shiftreg:ram_data_shift_out|dffs[33]                                                                                                                 ; altera_reserved_tck ; altera_reserved_tck ; 0.000        ; 0.081      ; 0.794      ;
; 0.501 ; sld_signaltap:auto_signaltap_0|sld_signaltap_impl:sld_signaltap_body|sld_signaltap_implb:sld_signaltap_body|sld_offload_buffer_mgr:\stp_non_zero_depth_offload_gen:stp_offload_buff_mgr_inst|lpm_shiftreg:ram_data_shift_out|dffs[35]                                                                                                                 ; sld_signaltap:auto_signaltap_0|sld_signaltap_impl:sld_signaltap_body|sld_signaltap_implb:sld_signaltap_body|sld_offload_buffer_mgr:\stp_non_zero_depth_offload_gen:stp_offload_buff_mgr_inst|lpm_shiftreg:ram_data_shift_out|dffs[34]                                                                                                                 ; altera_reserved_tck ; altera_reserved_tck ; 0.000        ; 0.081      ; 0.794      ;
; 0.501 ; sld_signaltap:auto_signaltap_0|sld_signaltap_impl:sld_signaltap_body|sld_signaltap_implb:sld_signaltap_body|sld_ela_control:ela_control|lpm_shiftreg:trigger_config_deserialize|dffs[3]                                                                                                                                                               ; sld_signaltap:auto_signaltap_0|sld_signaltap_impl:sld_signaltap_body|sld_signaltap_implb:sld_signaltap_body|sld_ela_control:ela_control|lpm_shiftreg:trigger_config_deserialize|dffs[2]                                                                                                                                                               ; altera_reserved_tck ; altera_reserved_tck ; 0.000        ; 0.081      ; 0.794      ;
; 0.501 ; sld_signaltap:auto_signaltap_0|sld_signaltap_impl:sld_signaltap_body|sld_signaltap_implb:sld_signaltap_body|sld_ela_control:ela_control|sld_ela_trigger_flow_mgr:\builtin:ela_trigger_flow_mgr_entity|lpm_shiftreg:trigger_config_deserialize|dffs[5]                                                                                                 ; sld_signaltap:auto_signaltap_0|sld_signaltap_impl:sld_signaltap_body|sld_signaltap_implb:sld_signaltap_body|sld_ela_control:ela_control|sld_ela_trigger_flow_mgr:\builtin:ela_trigger_flow_mgr_entity|lpm_shiftreg:trigger_config_deserialize|dffs[4]                                                                                                 ; altera_reserved_tck ; altera_reserved_tck ; 0.000        ; 0.081      ; 0.794      ;
; 0.501 ; sld_hub:auto_hub|alt_sld_fab_with_jtag_input:\instrumentation_fabric_with_node_gen:fabric_gen_new_way:with_jtag_input_gen:instrumentation_fabric|alt_sld_fab:instrumentation_fabric|alt_sld_fab_alt_sld_fab:alt_sld_fab|alt_sld_fab_alt_sld_fab_sldfabric:sldfabric|sld_jtag_hub:\jtag_hub_gen:real_sld_jtag_hub|jtag_ir_reg[5]                       ; sld_hub:auto_hub|alt_sld_fab_with_jtag_input:\instrumentation_fabric_with_node_gen:fabric_gen_new_way:with_jtag_input_gen:instrumentation_fabric|alt_sld_fab:instrumentation_fabric|alt_sld_fab_alt_sld_fab:alt_sld_fab|alt_sld_fab_alt_sld_fab_sldfabric:sldfabric|sld_jtag_hub:\jtag_hub_gen:real_sld_jtag_hub|jtag_ir_reg[4]                       ; altera_reserved_tck ; altera_reserved_tck ; 0.000        ; 0.081      ; 0.794      ;
; 0.502 ; sld_signaltap:auto_signaltap_0|sld_signaltap_impl:sld_signaltap_body|sld_signaltap_implb:sld_signaltap_body|lpm_shiftreg:status_register|dffs[7]                                                                                                                                                                                                      ; sld_signaltap:auto_signaltap_0|sld_signaltap_impl:sld_signaltap_body|sld_signaltap_implb:sld_signaltap_body|lpm_shiftreg:status_register|dffs[6]                                                                                                                                                                                                      ; altera_reserved_tck ; altera_reserved_tck ; 0.000        ; 0.081      ; 0.795      ;
; 0.502 ; sld_signaltap:auto_signaltap_0|sld_signaltap_impl:sld_signaltap_body|sld_signaltap_implb:sld_signaltap_body|altdpram:\stp_non_zero_ram_gen:attribute_mem_gen:attribute_mem|xq[2]                                                                                                                                                                      ; sld_signaltap:auto_signaltap_0|sld_signaltap_impl:sld_signaltap_body|sld_signaltap_implb:sld_signaltap_body|sld_offload_buffer_mgr:\stp_non_zero_depth_offload_gen:stp_offload_buff_mgr_inst|lpm_shiftreg:status_data_shift_out|dffs[2]                                                                                                               ; altera_reserved_tck ; altera_reserved_tck ; 0.000        ; 0.081      ; 0.795      ;
; 0.502 ; sld_signaltap:auto_signaltap_0|sld_signaltap_impl:sld_signaltap_body|sld_signaltap_implb:sld_signaltap_body|altdpram:\stp_non_zero_ram_gen:attribute_mem_gen:attribute_mem|xq[3]                                                                                                                                                                      ; sld_signaltap:auto_signaltap_0|sld_signaltap_impl:sld_signaltap_body|sld_signaltap_implb:sld_signaltap_body|sld_offload_buffer_mgr:\stp_non_zero_depth_offload_gen:stp_offload_buff_mgr_inst|lpm_shiftreg:status_data_shift_out|dffs[3]                                                                                                               ; altera_reserved_tck ; altera_reserved_tck ; 0.000        ; 0.081      ; 0.795      ;
; 0.502 ; sld_signaltap:auto_signaltap_0|sld_signaltap_impl:sld_signaltap_body|sld_signaltap_implb:sld_signaltap_body|sld_offload_buffer_mgr:\stp_non_zero_depth_offload_gen:stp_offload_buff_mgr_inst|lpm_shiftreg:info_data_shift_out|dffs[3]                                                                                                                 ; sld_signaltap:auto_signaltap_0|sld_signaltap_impl:sld_signaltap_body|sld_signaltap_implb:sld_signaltap_body|sld_offload_buffer_mgr:\stp_non_zero_depth_offload_gen:stp_offload_buff_mgr_inst|lpm_shiftreg:info_data_shift_out|dffs[2]                                                                                                                 ; altera_reserved_tck ; altera_reserved_tck ; 0.000        ; 0.081      ; 0.795      ;
; 0.502 ; sld_signaltap:auto_signaltap_0|sld_signaltap_impl:sld_signaltap_body|sld_signaltap_implb:sld_signaltap_body|sld_offload_buffer_mgr:\stp_non_zero_depth_offload_gen:stp_offload_buff_mgr_inst|lpm_shiftreg:ram_data_shift_out|dffs[8]                                                                                                                  ; sld_signaltap:auto_signaltap_0|sld_signaltap_impl:sld_signaltap_body|sld_signaltap_implb:sld_signaltap_body|sld_offload_buffer_mgr:\stp_non_zero_depth_offload_gen:stp_offload_buff_mgr_inst|lpm_shiftreg:ram_data_shift_out|dffs[7]                                                                                                                  ; altera_reserved_tck ; altera_reserved_tck ; 0.000        ; 0.081      ; 0.795      ;
; 0.502 ; sld_signaltap:auto_signaltap_0|sld_signaltap_impl:sld_signaltap_body|sld_signaltap_implb:sld_signaltap_body|sld_offload_buffer_mgr:\stp_non_zero_depth_offload_gen:stp_offload_buff_mgr_inst|lpm_shiftreg:ram_data_shift_out|dffs[12]                                                                                                                 ; sld_signaltap:auto_signaltap_0|sld_signaltap_impl:sld_signaltap_body|sld_signaltap_implb:sld_signaltap_body|sld_offload_buffer_mgr:\stp_non_zero_depth_offload_gen:stp_offload_buff_mgr_inst|lpm_shiftreg:ram_data_shift_out|dffs[11]                                                                                                                 ; altera_reserved_tck ; altera_reserved_tck ; 0.000        ; 0.081      ; 0.795      ;
; 0.502 ; sld_signaltap:auto_signaltap_0|sld_signaltap_impl:sld_signaltap_body|sld_signaltap_implb:sld_signaltap_body|sld_offload_buffer_mgr:\stp_non_zero_depth_offload_gen:stp_offload_buff_mgr_inst|lpm_shiftreg:ram_data_shift_out|dffs[17]                                                                                                                 ; sld_signaltap:auto_signaltap_0|sld_signaltap_impl:sld_signaltap_body|sld_signaltap_implb:sld_signaltap_body|sld_offload_buffer_mgr:\stp_non_zero_depth_offload_gen:stp_offload_buff_mgr_inst|lpm_shiftreg:ram_data_shift_out|dffs[16]                                                                                                                 ; altera_reserved_tck ; altera_reserved_tck ; 0.000        ; 0.081      ; 0.795      ;
; 0.502 ; sld_signaltap:auto_signaltap_0|sld_signaltap_impl:sld_signaltap_body|sld_signaltap_implb:sld_signaltap_body|sld_offload_buffer_mgr:\stp_non_zero_depth_offload_gen:stp_offload_buff_mgr_inst|lpm_shiftreg:ram_data_shift_out|dffs[24]                                                                                                                 ; sld_signaltap:auto_signaltap_0|sld_signaltap_impl:sld_signaltap_body|sld_signaltap_implb:sld_signaltap_body|sld_offload_buffer_mgr:\stp_non_zero_depth_offload_gen:stp_offload_buff_mgr_inst|lpm_shiftreg:ram_data_shift_out|dffs[23]                                                                                                                 ; altera_reserved_tck ; altera_reserved_tck ; 0.000        ; 0.081      ; 0.795      ;
; 0.502 ; sld_signaltap:auto_signaltap_0|sld_signaltap_impl:sld_signaltap_body|sld_signaltap_implb:sld_signaltap_body|sld_offload_buffer_mgr:\stp_non_zero_depth_offload_gen:stp_offload_buff_mgr_inst|lpm_shiftreg:ram_data_shift_out|dffs[25]                                                                                                                 ; sld_signaltap:auto_signaltap_0|sld_signaltap_impl:sld_signaltap_body|sld_signaltap_implb:sld_signaltap_body|sld_offload_buffer_mgr:\stp_non_zero_depth_offload_gen:stp_offload_buff_mgr_inst|lpm_shiftreg:ram_data_shift_out|dffs[24]                                                                                                                 ; altera_reserved_tck ; altera_reserved_tck ; 0.000        ; 0.081      ; 0.795      ;
; 0.502 ; sld_signaltap:auto_signaltap_0|sld_signaltap_impl:sld_signaltap_body|sld_signaltap_implb:sld_signaltap_body|sld_offload_buffer_mgr:\stp_non_zero_depth_offload_gen:stp_offload_buff_mgr_inst|lpm_shiftreg:ram_data_shift_out|dffs[29]                                                                                                                 ; sld_signaltap:auto_signaltap_0|sld_signaltap_impl:sld_signaltap_body|sld_signaltap_implb:sld_signaltap_body|sld_offload_buffer_mgr:\stp_non_zero_depth_offload_gen:stp_offload_buff_mgr_inst|lpm_shiftreg:ram_data_shift_out|dffs[28]                                                                                                                 ; altera_reserved_tck ; altera_reserved_tck ; 0.000        ; 0.081      ; 0.795      ;
; 0.502 ; sld_signaltap:auto_signaltap_0|sld_signaltap_impl:sld_signaltap_body|sld_signaltap_implb:sld_signaltap_body|sld_offload_buffer_mgr:\stp_non_zero_depth_offload_gen:stp_offload_buff_mgr_inst|lpm_shiftreg:ram_data_shift_out|dffs[33]                                                                                                                 ; sld_signaltap:auto_signaltap_0|sld_signaltap_impl:sld_signaltap_body|sld_signaltap_implb:sld_signaltap_body|sld_offload_buffer_mgr:\stp_non_zero_depth_offload_gen:stp_offload_buff_mgr_inst|lpm_shiftreg:ram_data_shift_out|dffs[32]                                                                                                                 ; altera_reserved_tck ; altera_reserved_tck ; 0.000        ; 0.081      ; 0.795      ;
; 0.502 ; sld_signaltap:auto_signaltap_0|sld_signaltap_impl:sld_signaltap_body|sld_signaltap_implb:sld_signaltap_body|sld_ela_control:ela_control|lpm_shiftreg:trigger_config_deserialize|dffs[2]                                                                                                                                                               ; sld_signaltap:auto_signaltap_0|sld_signaltap_impl:sld_signaltap_body|sld_signaltap_implb:sld_signaltap_body|sld_ela_control:ela_control|lpm_shiftreg:trigger_config_deserialize|dffs[1]                                                                                                                                                               ; altera_reserved_tck ; altera_reserved_tck ; 0.000        ; 0.081      ; 0.795      ;
; 0.502 ; sld_signaltap:auto_signaltap_0|sld_signaltap_impl:sld_signaltap_body|sld_signaltap_implb:sld_signaltap_body|sld_ela_control:ela_control|sld_ela_trigger_flow_mgr:\builtin:ela_trigger_flow_mgr_entity|lpm_shiftreg:trigger_config_deserialize|dffs[1]                                                                                                 ; sld_signaltap:auto_signaltap_0|sld_signaltap_impl:sld_signaltap_body|sld_signaltap_implb:sld_signaltap_body|sld_ela_control:ela_control|sld_ela_trigger_flow_mgr:\builtin:ela_trigger_flow_mgr_entity|lpm_shiftreg:trigger_config_deserialize|dffs[0]                                                                                                 ; altera_reserved_tck ; altera_reserved_tck ; 0.000        ; 0.081      ; 0.795      ;
; 0.502 ; sld_signaltap:auto_signaltap_0|sld_signaltap_impl:sld_signaltap_body|sld_signaltap_implb:sld_signaltap_body|sld_ela_control:ela_control|sld_ela_trigger_flow_mgr:\builtin:ela_trigger_flow_mgr_entity|lpm_shiftreg:trigger_config_deserialize|dffs[7]                                                                                                 ; sld_signaltap:auto_signaltap_0|sld_signaltap_impl:sld_signaltap_body|sld_signaltap_implb:sld_signaltap_body|sld_ela_control:ela_control|sld_ela_trigger_flow_mgr:\builtin:ela_trigger_flow_mgr_entity|lpm_shiftreg:trigger_config_deserialize|dffs[6]                                                                                                 ; altera_reserved_tck ; altera_reserved_tck ; 0.000        ; 0.081      ; 0.795      ;
; 0.502 ; sld_signaltap:auto_signaltap_0|sld_signaltap_impl:sld_signaltap_body|sld_signaltap_implb:sld_signaltap_body|sld_ela_control:ela_control|sld_ela_trigger_flow_mgr:\builtin:ela_trigger_flow_mgr_entity|lpm_shiftreg:trigger_config_deserialize|dffs[8]                                                                                                 ; sld_signaltap:auto_signaltap_0|sld_signaltap_impl:sld_signaltap_body|sld_signaltap_implb:sld_signaltap_body|sld_ela_control:ela_control|sld_ela_trigger_flow_mgr:\builtin:ela_trigger_flow_mgr_entity|lpm_shiftreg:trigger_config_deserialize|dffs[7]                                                                                                 ; altera_reserved_tck ; altera_reserved_tck ; 0.000        ; 0.081      ; 0.795      ;
; 0.502 ; sld_signaltap:auto_signaltap_0|sld_signaltap_impl:sld_signaltap_body|sld_signaltap_implb:sld_signaltap_body|tdo_crc_val_shift_reg[3]                                                                                                                                                                                                                  ; sld_signaltap:auto_signaltap_0|sld_signaltap_impl:sld_signaltap_body|sld_signaltap_implb:sld_signaltap_body|tdo_crc_val_shift_reg[2]                                                                                                                                                                                                                  ; altera_reserved_tck ; altera_reserved_tck ; 0.000        ; 0.081      ; 0.795      ;
; 0.503 ; sld_signaltap:auto_signaltap_0|sld_signaltap_impl:sld_signaltap_body|sld_signaltap_implb:sld_signaltap_body|lpm_shiftreg:status_register|dffs[16]                                                                                                                                                                                                     ; sld_signaltap:auto_signaltap_0|sld_signaltap_impl:sld_signaltap_body|sld_signaltap_implb:sld_signaltap_body|lpm_shiftreg:status_register|dffs[15]                                                                                                                                                                                                     ; altera_reserved_tck ; altera_reserved_tck ; 0.000        ; 0.081      ; 0.796      ;
; 0.503 ; sld_signaltap:auto_signaltap_0|sld_signaltap_impl:sld_signaltap_body|sld_signaltap_implb:sld_signaltap_body|sld_offload_buffer_mgr:\stp_non_zero_depth_offload_gen:stp_offload_buff_mgr_inst|lpm_shiftreg:status_data_shift_out|dffs[5]                                                                                                               ; sld_signaltap:auto_signaltap_0|sld_signaltap_impl:sld_signaltap_body|sld_signaltap_implb:sld_signaltap_body|sld_offload_buffer_mgr:\stp_non_zero_depth_offload_gen:stp_offload_buff_mgr_inst|lpm_shiftreg:status_data_shift_out|dffs[4]                                                                                                               ; altera_reserved_tck ; altera_reserved_tck ; 0.000        ; 0.081      ; 0.796      ;
; 0.503 ; sld_signaltap:auto_signaltap_0|sld_signaltap_impl:sld_signaltap_body|sld_signaltap_implb:sld_signaltap_body|altdpram:\stp_non_zero_ram_gen:attribute_mem_gen:attribute_mem|xq[5]                                                                                                                                                                      ; sld_signaltap:auto_signaltap_0|sld_signaltap_impl:sld_signaltap_body|sld_signaltap_implb:sld_signaltap_body|sld_offload_buffer_mgr:\stp_non_zero_depth_offload_gen:stp_offload_buff_mgr_inst|lpm_shiftreg:status_data_shift_out|dffs[5]                                                                                                               ; altera_reserved_tck ; altera_reserved_tck ; 0.000        ; 0.081      ; 0.796      ;
; 0.503 ; sld_signaltap:auto_signaltap_0|sld_signaltap_impl:sld_signaltap_body|sld_signaltap_implb:sld_signaltap_body|sld_offload_buffer_mgr:\stp_non_zero_depth_offload_gen:stp_offload_buff_mgr_inst|lpm_shiftreg:info_data_shift_out|dffs[14]                                                                                                                ; sld_signaltap:auto_signaltap_0|sld_signaltap_impl:sld_signaltap_body|sld_signaltap_implb:sld_signaltap_body|sld_offload_buffer_mgr:\stp_non_zero_depth_offload_gen:stp_offload_buff_mgr_inst|lpm_shiftreg:info_data_shift_out|dffs[13]                                                                                                                ; altera_reserved_tck ; altera_reserved_tck ; 0.000        ; 0.081      ; 0.796      ;
; 0.503 ; sld_signaltap:auto_signaltap_0|sld_signaltap_impl:sld_signaltap_body|sld_signaltap_implb:sld_signaltap_body|sld_offload_buffer_mgr:\stp_non_zero_depth_offload_gen:stp_offload_buff_mgr_inst|lpm_shiftreg:ram_data_shift_out|dffs[20]                                                                                                                 ; sld_signaltap:auto_signaltap_0|sld_signaltap_impl:sld_signaltap_body|sld_signaltap_implb:sld_signaltap_body|sld_offload_buffer_mgr:\stp_non_zero_depth_offload_gen:stp_offload_buff_mgr_inst|lpm_shiftreg:ram_data_shift_out|dffs[19]                                                                                                                 ; altera_reserved_tck ; altera_reserved_tck ; 0.000        ; 0.081      ; 0.796      ;
; 0.503 ; sld_signaltap:auto_signaltap_0|sld_signaltap_impl:sld_signaltap_body|sld_signaltap_implb:sld_signaltap_body|sld_offload_buffer_mgr:\stp_non_zero_depth_offload_gen:stp_offload_buff_mgr_inst|lpm_shiftreg:ram_data_shift_out|dffs[23]                                                                                                                 ; sld_signaltap:auto_signaltap_0|sld_signaltap_impl:sld_signaltap_body|sld_signaltap_implb:sld_signaltap_body|sld_offload_buffer_mgr:\stp_non_zero_depth_offload_gen:stp_offload_buff_mgr_inst|lpm_shiftreg:ram_data_shift_out|dffs[22]                                                                                                                 ; altera_reserved_tck ; altera_reserved_tck ; 0.000        ; 0.081      ; 0.796      ;
; 0.504 ; sld_hub:auto_hub|alt_sld_fab_with_jtag_input:\instrumentation_fabric_with_node_gen:fabric_gen_new_way:with_jtag_input_gen:instrumentation_fabric|alt_sld_fab:instrumentation_fabric|alt_sld_fab_alt_sld_fab:alt_sld_fab|alt_sld_fab_alt_sld_fab_sldfabric:sldfabric|sld_jtag_hub:\jtag_hub_gen:real_sld_jtag_hub|hub_minor_ver_reg[3]                 ; sld_hub:auto_hub|alt_sld_fab_with_jtag_input:\instrumentation_fabric_with_node_gen:fabric_gen_new_way:with_jtag_input_gen:instrumentation_fabric|alt_sld_fab:instrumentation_fabric|alt_sld_fab_alt_sld_fab:alt_sld_fab|alt_sld_fab_alt_sld_fab_sldfabric:sldfabric|sld_jtag_hub:\jtag_hub_gen:real_sld_jtag_hub|hub_minor_ver_reg[2]                 ; altera_reserved_tck ; altera_reserved_tck ; 0.000        ; 0.081      ; 0.797      ;
; 0.504 ; sld_signaltap:auto_signaltap_0|sld_signaltap_impl:sld_signaltap_body|sld_signaltap_implb:sld_signaltap_body|sld_offload_buffer_mgr:\stp_non_zero_depth_offload_gen:stp_offload_buff_mgr_inst|lpm_shiftreg:info_data_shift_out|dffs[5]                                                                                                                 ; sld_signaltap:auto_signaltap_0|sld_signaltap_impl:sld_signaltap_body|sld_signaltap_implb:sld_signaltap_body|sld_offload_buffer_mgr:\stp_non_zero_depth_offload_gen:stp_offload_buff_mgr_inst|lpm_shiftreg:info_data_shift_out|dffs[4]                                                                                                                 ; altera_reserved_tck ; altera_reserved_tck ; 0.000        ; 0.081      ; 0.797      ;
; 0.504 ; sld_signaltap:auto_signaltap_0|sld_signaltap_impl:sld_signaltap_body|sld_signaltap_implb:sld_signaltap_body|sld_offload_buffer_mgr:\stp_non_zero_depth_offload_gen:stp_offload_buff_mgr_inst|lpm_shiftreg:ram_data_shift_out|dffs[14]                                                                                                                 ; sld_signaltap:auto_signaltap_0|sld_signaltap_impl:sld_signaltap_body|sld_signaltap_implb:sld_signaltap_body|sld_offload_buffer_mgr:\stp_non_zero_depth_offload_gen:stp_offload_buff_mgr_inst|lpm_shiftreg:ram_data_shift_out|dffs[13]                                                                                                                 ; altera_reserved_tck ; altera_reserved_tck ; 0.000        ; 0.081      ; 0.797      ;
; 0.506 ; sld_hub:auto_hub|alt_sld_fab_with_jtag_input:\instrumentation_fabric_with_node_gen:fabric_gen_new_way:with_jtag_input_gen:instrumentation_fabric|alt_sld_fab:instrumentation_fabric|alt_sld_fab_alt_sld_fab:alt_sld_fab|alt_sld_fab_alt_sld_fab_sldfabric:sldfabric|sld_jtag_hub:\jtag_hub_gen:real_sld_jtag_hub|sld_shadow_jsm:shadow_jsm|state[10]  ; sld_hub:auto_hub|alt_sld_fab_with_jtag_input:\instrumentation_fabric_with_node_gen:fabric_gen_new_way:with_jtag_input_gen:instrumentation_fabric|alt_sld_fab:instrumentation_fabric|alt_sld_fab_alt_sld_fab:alt_sld_fab|alt_sld_fab_alt_sld_fab_sldfabric:sldfabric|sld_jtag_hub:\jtag_hub_gen:real_sld_jtag_hub|sld_shadow_jsm:shadow_jsm|state[12]  ; altera_reserved_tck ; altera_reserved_tck ; 0.000        ; 0.081      ; 0.799      ;
; 0.507 ; sld_signaltap:auto_signaltap_0|sld_signaltap_impl:sld_signaltap_body|sld_signaltap_implb:sld_signaltap_body|sld_ela_control:ela_control|sld_ela_basic_multi_level_trigger:\basic_multi_level_mbpm_trigger_gen:multi_level_mbpm|lpm_shiftreg:trigger_condition_deserialize|dffs[78]                                                                    ; sld_signaltap:auto_signaltap_0|sld_signaltap_impl:sld_signaltap_body|sld_signaltap_implb:sld_signaltap_body|sld_ela_control:ela_control|sld_ela_basic_multi_level_trigger:\basic_multi_level_mbpm_trigger_gen:multi_level_mbpm|lpm_shiftreg:trigger_condition_deserialize|dffs[77]                                                                    ; altera_reserved_tck ; altera_reserved_tck ; 0.000        ; 0.081      ; 0.800      ;
; 0.508 ; sld_signaltap:auto_signaltap_0|sld_signaltap_impl:sld_signaltap_body|sld_signaltap_implb:sld_signaltap_body|sld_ela_control:ela_control|sld_ela_basic_multi_level_trigger:\basic_multi_level_mbpm_trigger_gen:multi_level_mbpm|lpm_shiftreg:trigger_condition_deserialize|dffs[4]                                                                     ; sld_signaltap:auto_signaltap_0|sld_signaltap_impl:sld_signaltap_body|sld_signaltap_implb:sld_signaltap_body|sld_ela_control:ela_control|sld_ela_basic_multi_level_trigger:\basic_multi_level_mbpm_trigger_gen:multi_level_mbpm|lpm_shiftreg:trigger_condition_deserialize|dffs[3]                                                                     ; altera_reserved_tck ; altera_reserved_tck ; 0.000        ; 0.081      ; 0.801      ;
; 0.508 ; sld_signaltap:auto_signaltap_0|sld_signaltap_impl:sld_signaltap_body|sld_signaltap_implb:sld_signaltap_body|sld_ela_control:ela_control|sld_ela_basic_multi_level_trigger:\basic_multi_level_mbpm_trigger_gen:multi_level_mbpm|lpm_shiftreg:trigger_condition_deserialize|dffs[22]                                                                    ; sld_signaltap:auto_signaltap_0|sld_signaltap_impl:sld_signaltap_body|sld_signaltap_implb:sld_signaltap_body|sld_ela_control:ela_control|sld_ela_basic_multi_level_trigger:\basic_multi_level_mbpm_trigger_gen:multi_level_mbpm|lpm_shiftreg:trigger_condition_deserialize|dffs[21]                                                                    ; altera_reserved_tck ; altera_reserved_tck ; 0.000        ; 0.080      ; 0.800      ;
; 0.508 ; sld_hub:auto_hub|alt_sld_fab_with_jtag_input:\instrumentation_fabric_with_node_gen:fabric_gen_new_way:with_jtag_input_gen:instrumentation_fabric|alt_sld_fab:instrumentation_fabric|alt_sld_fab_alt_sld_fab:alt_sld_fab|alt_sld_fab_alt_sld_fab_sldfabric:sldfabric|sld_jtag_hub:\jtag_hub_gen:real_sld_jtag_hub|jtag_ir_reg[1]                       ; sld_hub:auto_hub|alt_sld_fab_with_jtag_input:\instrumentation_fabric_with_node_gen:fabric_gen_new_way:with_jtag_input_gen:instrumentation_fabric|alt_sld_fab:instrumentation_fabric|alt_sld_fab_alt_sld_fab:alt_sld_fab|alt_sld_fab_alt_sld_fab_sldfabric:sldfabric|sld_jtag_hub:\jtag_hub_gen:real_sld_jtag_hub|jtag_ir_reg[0]                       ; altera_reserved_tck ; altera_reserved_tck ; 0.000        ; 0.081      ; 0.801      ;
; 0.509 ; sld_signaltap:auto_signaltap_0|sld_signaltap_impl:sld_signaltap_body|sld_signaltap_implb:sld_signaltap_body|sld_ela_control:ela_control|sld_ela_basic_multi_level_trigger:\basic_multi_level_mbpm_trigger_gen:multi_level_mbpm|lpm_shiftreg:trigger_condition_deserialize|dffs[6]                                                                     ; sld_signaltap:auto_signaltap_0|sld_signaltap_impl:sld_signaltap_body|sld_signaltap_implb:sld_signaltap_body|sld_ela_control:ela_control|sld_ela_basic_multi_level_trigger:\basic_multi_level_mbpm_trigger_gen:multi_level_mbpm|lpm_shiftreg:trigger_condition_deserialize|dffs[5]                                                                     ; altera_reserved_tck ; altera_reserved_tck ; 0.000        ; 0.081      ; 0.802      ;
; 0.509 ; sld_signaltap:auto_signaltap_0|sld_signaltap_impl:sld_signaltap_body|sld_signaltap_implb:sld_signaltap_body|sld_ela_control:ela_control|sld_ela_basic_multi_level_trigger:\basic_multi_level_mbpm_trigger_gen:multi_level_mbpm|lpm_shiftreg:trigger_condition_deserialize|dffs[9]                                                                     ; sld_signaltap:auto_signaltap_0|sld_signaltap_impl:sld_signaltap_body|sld_signaltap_implb:sld_signaltap_body|sld_ela_control:ela_control|sld_ela_basic_multi_level_trigger:\basic_multi_level_mbpm_trigger_gen:multi_level_mbpm|lpm_shiftreg:trigger_condition_deserialize|dffs[8]                                                                     ; altera_reserved_tck ; altera_reserved_tck ; 0.000        ; 0.081      ; 0.802      ;
; 0.509 ; sld_signaltap:auto_signaltap_0|sld_signaltap_impl:sld_signaltap_body|sld_signaltap_implb:sld_signaltap_body|sld_ela_control:ela_control|sld_ela_basic_multi_level_trigger:\basic_multi_level_mbpm_trigger_gen:multi_level_mbpm|lpm_shiftreg:trigger_condition_deserialize|dffs[12]                                                                    ; sld_signaltap:auto_signaltap_0|sld_signaltap_impl:sld_signaltap_body|sld_signaltap_implb:sld_signaltap_body|sld_ela_control:ela_control|sld_ela_basic_multi_level_trigger:\basic_multi_level_mbpm_trigger_gen:multi_level_mbpm|lpm_shiftreg:trigger_condition_deserialize|dffs[11]                                                                    ; altera_reserved_tck ; altera_reserved_tck ; 0.000        ; 0.081      ; 0.802      ;
; 0.509 ; sld_signaltap:auto_signaltap_0|sld_signaltap_impl:sld_signaltap_body|sld_signaltap_implb:sld_signaltap_body|sld_ela_control:ela_control|sld_ela_basic_multi_level_trigger:\basic_multi_level_mbpm_trigger_gen:multi_level_mbpm|lpm_shiftreg:trigger_condition_deserialize|dffs[15]                                                                    ; sld_signaltap:auto_signaltap_0|sld_signaltap_impl:sld_signaltap_body|sld_signaltap_implb:sld_signaltap_body|sld_ela_control:ela_control|sld_ela_basic_multi_level_trigger:\basic_multi_level_mbpm_trigger_gen:multi_level_mbpm|lpm_shiftreg:trigger_condition_deserialize|dffs[14]                                                                    ; altera_reserved_tck ; altera_reserved_tck ; 0.000        ; 0.081      ; 0.802      ;
; 0.509 ; sld_signaltap:auto_signaltap_0|sld_signaltap_impl:sld_signaltap_body|sld_signaltap_implb:sld_signaltap_body|sld_ela_control:ela_control|sld_ela_basic_multi_level_trigger:\basic_multi_level_mbpm_trigger_gen:multi_level_mbpm|lpm_shiftreg:trigger_condition_deserialize|dffs[43]                                                                    ; sld_signaltap:auto_signaltap_0|sld_signaltap_impl:sld_signaltap_body|sld_signaltap_implb:sld_signaltap_body|sld_ela_control:ela_control|sld_ela_basic_multi_level_trigger:\basic_multi_level_mbpm_trigger_gen:multi_level_mbpm|lpm_shiftreg:trigger_condition_deserialize|dffs[42]                                                                    ; altera_reserved_tck ; altera_reserved_tck ; 0.000        ; 0.081      ; 0.802      ;
; 0.509 ; sld_signaltap:auto_signaltap_0|sld_signaltap_impl:sld_signaltap_body|sld_signaltap_implb:sld_signaltap_body|sld_ela_control:ela_control|sld_ela_basic_multi_level_trigger:\basic_multi_level_mbpm_trigger_gen:multi_level_mbpm|lpm_shiftreg:trigger_condition_deserialize|dffs[55]                                                                    ; sld_signaltap:auto_signaltap_0|sld_signaltap_impl:sld_signaltap_body|sld_signaltap_implb:sld_signaltap_body|sld_ela_control:ela_control|sld_ela_basic_multi_level_trigger:\basic_multi_level_mbpm_trigger_gen:multi_level_mbpm|lpm_shiftreg:trigger_condition_deserialize|dffs[54]                                                                    ; altera_reserved_tck ; altera_reserved_tck ; 0.000        ; 0.080      ; 0.801      ;
; 0.509 ; sld_signaltap:auto_signaltap_0|sld_signaltap_impl:sld_signaltap_body|sld_signaltap_implb:sld_signaltap_body|sld_ela_control:ela_control|sld_ela_basic_multi_level_trigger:\basic_multi_level_mbpm_trigger_gen:multi_level_mbpm|lpm_shiftreg:trigger_condition_deserialize|dffs[67]                                                                    ; sld_signaltap:auto_signaltap_0|sld_signaltap_impl:sld_signaltap_body|sld_signaltap_implb:sld_signaltap_body|sld_ela_control:ela_control|sld_ela_basic_multi_level_trigger:\basic_multi_level_mbpm_trigger_gen:multi_level_mbpm|lpm_shiftreg:trigger_condition_deserialize|dffs[66]                                                                    ; altera_reserved_tck ; altera_reserved_tck ; 0.000        ; 0.081      ; 0.802      ;
; 0.509 ; sld_signaltap:auto_signaltap_0|sld_signaltap_impl:sld_signaltap_body|sld_signaltap_implb:sld_signaltap_body|sld_ela_control:ela_control|sld_ela_basic_multi_level_trigger:\basic_multi_level_mbpm_trigger_gen:multi_level_mbpm|lpm_shiftreg:trigger_condition_deserialize|dffs[70]                                                                    ; sld_signaltap:auto_signaltap_0|sld_signaltap_impl:sld_signaltap_body|sld_signaltap_implb:sld_signaltap_body|sld_ela_control:ela_control|sld_ela_basic_multi_level_trigger:\basic_multi_level_mbpm_trigger_gen:multi_level_mbpm|lpm_shiftreg:trigger_condition_deserialize|dffs[69]                                                                    ; altera_reserved_tck ; altera_reserved_tck ; 0.000        ; 0.081      ; 0.802      ;
; 0.509 ; sld_signaltap:auto_signaltap_0|sld_signaltap_impl:sld_signaltap_body|sld_signaltap_implb:sld_signaltap_body|sld_ela_control:ela_control|sld_ela_basic_multi_level_trigger:\basic_multi_level_mbpm_trigger_gen:multi_level_mbpm|lpm_shiftreg:trigger_condition_deserialize|dffs[72]                                                                    ; sld_signaltap:auto_signaltap_0|sld_signaltap_impl:sld_signaltap_body|sld_signaltap_implb:sld_signaltap_body|sld_ela_control:ela_control|sld_ela_basic_multi_level_trigger:\basic_multi_level_mbpm_trigger_gen:multi_level_mbpm|lpm_shiftreg:trigger_condition_deserialize|dffs[71]                                                                    ; altera_reserved_tck ; altera_reserved_tck ; 0.000        ; 0.081      ; 0.802      ;
; 0.509 ; sld_signaltap:auto_signaltap_0|sld_signaltap_impl:sld_signaltap_body|sld_signaltap_implb:sld_signaltap_body|sld_ela_control:ela_control|sld_ela_basic_multi_level_trigger:\basic_multi_level_mbpm_trigger_gen:multi_level_mbpm|lpm_shiftreg:trigger_condition_deserialize|dffs[81]                                                                    ; sld_signaltap:auto_signaltap_0|sld_signaltap_impl:sld_signaltap_body|sld_signaltap_implb:sld_signaltap_body|sld_ela_control:ela_control|sld_ela_basic_multi_level_trigger:\basic_multi_level_mbpm_trigger_gen:multi_level_mbpm|lpm_shiftreg:trigger_condition_deserialize|dffs[80]                                                                    ; altera_reserved_tck ; altera_reserved_tck ; 0.000        ; 0.081      ; 0.802      ;
; 0.509 ; sld_signaltap:auto_signaltap_0|sld_signaltap_impl:sld_signaltap_body|sld_signaltap_implb:sld_signaltap_body|sld_ela_control:ela_control|sld_ela_basic_multi_level_trigger:\basic_multi_level_mbpm_trigger_gen:multi_level_mbpm|lpm_shiftreg:trigger_condition_deserialize|dffs[94]                                                                    ; sld_signaltap:auto_signaltap_0|sld_signaltap_impl:sld_signaltap_body|sld_signaltap_implb:sld_signaltap_body|sld_ela_control:ela_control|sld_ela_basic_multi_level_trigger:\basic_multi_level_mbpm_trigger_gen:multi_level_mbpm|lpm_shiftreg:trigger_condition_deserialize|dffs[93]                                                                    ; altera_reserved_tck ; altera_reserved_tck ; 0.000        ; 0.080      ; 0.801      ;
; 0.509 ; sld_signaltap:auto_signaltap_0|sld_signaltap_impl:sld_signaltap_body|sld_signaltap_implb:sld_signaltap_body|sld_ela_control:ela_control|sld_ela_basic_multi_level_trigger:\basic_multi_level_mbpm_trigger_gen:multi_level_mbpm|lpm_shiftreg:trigger_condition_deserialize|dffs[97]                                                                    ; sld_signaltap:auto_signaltap_0|sld_signaltap_impl:sld_signaltap_body|sld_signaltap_implb:sld_signaltap_body|sld_ela_control:ela_control|sld_ela_basic_multi_level_trigger:\basic_multi_level_mbpm_trigger_gen:multi_level_mbpm|lpm_shiftreg:trigger_condition_deserialize|dffs[96]                                                                    ; altera_reserved_tck ; altera_reserved_tck ; 0.000        ; 0.080      ; 0.801      ;
; 0.509 ; sld_signaltap:auto_signaltap_0|sld_signaltap_impl:sld_signaltap_body|sld_signaltap_implb:sld_signaltap_body|sld_ela_control:ela_control|sld_ela_basic_multi_level_trigger:\basic_multi_level_mbpm_trigger_gen:multi_level_mbpm|lpm_shiftreg:trigger_condition_deserialize|dffs[100]                                                                   ; sld_signaltap:auto_signaltap_0|sld_signaltap_impl:sld_signaltap_body|sld_signaltap_implb:sld_signaltap_body|sld_ela_control:ela_control|sld_ela_basic_multi_level_trigger:\basic_multi_level_mbpm_trigger_gen:multi_level_mbpm|lpm_shiftreg:trigger_condition_deserialize|dffs[99]                                                                    ; altera_reserved_tck ; altera_reserved_tck ; 0.000        ; 0.081      ; 0.802      ;
; 0.509 ; sld_hub:auto_hub|alt_sld_fab_with_jtag_input:\instrumentation_fabric_with_node_gen:fabric_gen_new_way:with_jtag_input_gen:instrumentation_fabric|alt_sld_fab:instrumentation_fabric|alt_sld_fab_alt_sld_fab:alt_sld_fab|alt_sld_fab_alt_sld_fab_sldfabric:sldfabric|sld_jtag_hub:\jtag_hub_gen:real_sld_jtag_hub|irsr_reg[6]                          ; sld_hub:auto_hub|alt_sld_fab_with_jtag_input:\instrumentation_fabric_with_node_gen:fabric_gen_new_way:with_jtag_input_gen:instrumentation_fabric|alt_sld_fab:instrumentation_fabric|alt_sld_fab_alt_sld_fab:alt_sld_fab|alt_sld_fab_alt_sld_fab_sldfabric:sldfabric|sld_jtag_hub:\jtag_hub_gen:real_sld_jtag_hub|irf_reg[1][6]                        ; altera_reserved_tck ; altera_reserved_tck ; 0.000        ; 0.081      ; 0.802      ;
; 0.509 ; sld_hub:auto_hub|alt_sld_fab_with_jtag_input:\instrumentation_fabric_with_node_gen:fabric_gen_new_way:with_jtag_input_gen:instrumentation_fabric|alt_sld_fab:instrumentation_fabric|alt_sld_fab_alt_sld_fab:alt_sld_fab|alt_sld_fab_alt_sld_fab_sldfabric:sldfabric|sld_jtag_hub:\jtag_hub_gen:real_sld_jtag_hub|jtag_ir_reg[4]                       ; sld_hub:auto_hub|alt_sld_fab_with_jtag_input:\instrumentation_fabric_with_node_gen:fabric_gen_new_way:with_jtag_input_gen:instrumentation_fabric|alt_sld_fab:instrumentation_fabric|alt_sld_fab_alt_sld_fab:alt_sld_fab|alt_sld_fab_alt_sld_fab_sldfabric:sldfabric|sld_jtag_hub:\jtag_hub_gen:real_sld_jtag_hub|jtag_ir_reg[3]                       ; altera_reserved_tck ; altera_reserved_tck ; 0.000        ; 0.081      ; 0.802      ;
; 0.509 ; sld_hub:auto_hub|alt_sld_fab_with_jtag_input:\instrumentation_fabric_with_node_gen:fabric_gen_new_way:with_jtag_input_gen:instrumentation_fabric|alt_sld_fab:instrumentation_fabric|alt_sld_fab_alt_sld_fab:alt_sld_fab|alt_sld_fab_alt_sld_fab_sldfabric:sldfabric|sld_jtag_hub:\jtag_hub_gen:real_sld_jtag_hub|jtag_ir_reg[7]                       ; sld_hub:auto_hub|alt_sld_fab_with_jtag_input:\instrumentation_fabric_with_node_gen:fabric_gen_new_way:with_jtag_input_gen:instrumentation_fabric|alt_sld_fab:instrumentation_fabric|alt_sld_fab_alt_sld_fab:alt_sld_fab|alt_sld_fab_alt_sld_fab_sldfabric:sldfabric|sld_jtag_hub:\jtag_hub_gen:real_sld_jtag_hub|jtag_ir_reg[6]                       ; altera_reserved_tck ; altera_reserved_tck ; 0.000        ; 0.081      ; 0.802      ;
; 0.509 ; sld_hub:auto_hub|alt_sld_fab_with_jtag_input:\instrumentation_fabric_with_node_gen:fabric_gen_new_way:with_jtag_input_gen:instrumentation_fabric|alt_sld_fab:instrumentation_fabric|alt_sld_fab_alt_sld_fab:alt_sld_fab|alt_sld_fab_alt_sld_fab_sldfabric:sldfabric|sld_jtag_hub:\jtag_hub_gen:real_sld_jtag_hub|jtag_ir_reg[8]                       ; sld_hub:auto_hub|alt_sld_fab_with_jtag_input:\instrumentation_fabric_with_node_gen:fabric_gen_new_way:with_jtag_input_gen:instrumentation_fabric|alt_sld_fab:instrumentation_fabric|alt_sld_fab_alt_sld_fab:alt_sld_fab|alt_sld_fab_alt_sld_fab_sldfabric:sldfabric|sld_jtag_hub:\jtag_hub_gen:real_sld_jtag_hub|jtag_ir_reg[7]                       ; altera_reserved_tck ; altera_reserved_tck ; 0.000        ; 0.081      ; 0.802      ;
; 0.510 ; sld_signaltap:auto_signaltap_0|sld_signaltap_impl:sld_signaltap_body|sld_signaltap_implb:sld_signaltap_body|lpm_shiftreg:segment_offset_config_deserialize|dffs[1]                                                                                                                                                                                    ; sld_signaltap:auto_signaltap_0|sld_signaltap_impl:sld_signaltap_body|sld_signaltap_implb:sld_signaltap_body|lpm_shiftreg:segment_offset_config_deserialize|dffs[0]                                                                                                                                                                                    ; altera_reserved_tck ; altera_reserved_tck ; 0.000        ; 0.081      ; 0.803      ;
; 0.510 ; sld_signaltap:auto_signaltap_0|sld_signaltap_impl:sld_signaltap_body|sld_signaltap_implb:sld_signaltap_body|sld_ela_control:ela_control|sld_ela_basic_multi_level_trigger:\basic_multi_level_mbpm_trigger_gen:multi_level_mbpm|lpm_shiftreg:trigger_condition_deserialize|dffs[16]                                                                    ; sld_signaltap:auto_signaltap_0|sld_signaltap_impl:sld_signaltap_body|sld_signaltap_implb:sld_signaltap_body|sld_ela_control:ela_control|sld_ela_basic_multi_level_trigger:\basic_multi_level_mbpm_trigger_gen:multi_level_mbpm|lpm_shiftreg:trigger_condition_deserialize|dffs[15]                                                                    ; altera_reserved_tck ; altera_reserved_tck ; 0.000        ; 0.081      ; 0.803      ;
; 0.510 ; sld_signaltap:auto_signaltap_0|sld_signaltap_impl:sld_signaltap_body|sld_signaltap_implb:sld_signaltap_body|sld_ela_control:ela_control|sld_ela_basic_multi_level_trigger:\basic_multi_level_mbpm_trigger_gen:multi_level_mbpm|lpm_shiftreg:trigger_condition_deserialize|dffs[27]                                                                    ; sld_signaltap:auto_signaltap_0|sld_signaltap_impl:sld_signaltap_body|sld_signaltap_implb:sld_signaltap_body|sld_ela_control:ela_control|sld_ela_basic_multi_level_trigger:\basic_multi_level_mbpm_trigger_gen:multi_level_mbpm|lpm_shiftreg:trigger_condition_deserialize|dffs[26]                                                                    ; altera_reserved_tck ; altera_reserved_tck ; 0.000        ; 0.080      ; 0.802      ;
; 0.510 ; sld_signaltap:auto_signaltap_0|sld_signaltap_impl:sld_signaltap_body|sld_signaltap_implb:sld_signaltap_body|sld_ela_control:ela_control|sld_ela_basic_multi_level_trigger:\basic_multi_level_mbpm_trigger_gen:multi_level_mbpm|lpm_shiftreg:trigger_condition_deserialize|dffs[30]                                                                    ; sld_signaltap:auto_signaltap_0|sld_signaltap_impl:sld_signaltap_body|sld_signaltap_implb:sld_signaltap_body|sld_ela_control:ela_control|sld_ela_basic_multi_level_trigger:\basic_multi_level_mbpm_trigger_gen:multi_level_mbpm|lpm_shiftreg:trigger_condition_deserialize|dffs[29]                                                                    ; altera_reserved_tck ; altera_reserved_tck ; 0.000        ; 0.080      ; 0.802      ;
; 0.510 ; sld_signaltap:auto_signaltap_0|sld_signaltap_impl:sld_signaltap_body|sld_signaltap_implb:sld_signaltap_body|sld_ela_control:ela_control|sld_ela_basic_multi_level_trigger:\basic_multi_level_mbpm_trigger_gen:multi_level_mbpm|lpm_shiftreg:trigger_condition_deserialize|dffs[37]                                                                    ; sld_signaltap:auto_signaltap_0|sld_signaltap_impl:sld_signaltap_body|sld_signaltap_implb:sld_signaltap_body|sld_ela_control:ela_control|sld_ela_basic_multi_level_trigger:\basic_multi_level_mbpm_trigger_gen:multi_level_mbpm|lpm_shiftreg:trigger_condition_deserialize|dffs[36]                                                                    ; altera_reserved_tck ; altera_reserved_tck ; 0.000        ; 0.080      ; 0.802      ;
; 0.510 ; sld_signaltap:auto_signaltap_0|sld_signaltap_impl:sld_signaltap_body|sld_signaltap_implb:sld_signaltap_body|sld_ela_control:ela_control|sld_ela_basic_multi_level_trigger:\basic_multi_level_mbpm_trigger_gen:multi_level_mbpm|lpm_shiftreg:trigger_condition_deserialize|dffs[40]                                                                    ; sld_signaltap:auto_signaltap_0|sld_signaltap_impl:sld_signaltap_body|sld_signaltap_implb:sld_signaltap_body|sld_ela_control:ela_control|sld_ela_basic_multi_level_trigger:\basic_multi_level_mbpm_trigger_gen:multi_level_mbpm|lpm_shiftreg:trigger_condition_deserialize|dffs[39]                                                                    ; altera_reserved_tck ; altera_reserved_tck ; 0.000        ; 0.081      ; 0.803      ;
; 0.510 ; sld_signaltap:auto_signaltap_0|sld_signaltap_impl:sld_signaltap_body|sld_signaltap_implb:sld_signaltap_body|sld_ela_control:ela_control|sld_ela_basic_multi_level_trigger:\basic_multi_level_mbpm_trigger_gen:multi_level_mbpm|lpm_shiftreg:trigger_condition_deserialize|dffs[42]                                                                    ; sld_signaltap:auto_signaltap_0|sld_signaltap_impl:sld_signaltap_body|sld_signaltap_implb:sld_signaltap_body|sld_ela_control:ela_control|sld_ela_basic_multi_level_trigger:\basic_multi_level_mbpm_trigger_gen:multi_level_mbpm|lpm_shiftreg:trigger_condition_deserialize|dffs[41]                                                                    ; altera_reserved_tck ; altera_reserved_tck ; 0.000        ; 0.081      ; 0.803      ;
; 0.510 ; sld_signaltap:auto_signaltap_0|sld_signaltap_impl:sld_signaltap_body|sld_signaltap_implb:sld_signaltap_body|sld_ela_control:ela_control|sld_ela_basic_multi_level_trigger:\basic_multi_level_mbpm_trigger_gen:multi_level_mbpm|lpm_shiftreg:trigger_condition_deserialize|dffs[91]                                                                    ; sld_signaltap:auto_signaltap_0|sld_signaltap_impl:sld_signaltap_body|sld_signaltap_implb:sld_signaltap_body|sld_ela_control:ela_control|sld_ela_basic_multi_level_trigger:\basic_multi_level_mbpm_trigger_gen:multi_level_mbpm|lpm_shiftreg:trigger_condition_deserialize|dffs[90]                                                                    ; altera_reserved_tck ; altera_reserved_tck ; 0.000        ; 0.080      ; 0.802      ;
; 0.510 ; sld_signaltap:auto_signaltap_0|sld_signaltap_impl:sld_signaltap_body|sld_signaltap_implb:sld_signaltap_body|sld_ela_control:ela_control|sld_ela_basic_multi_level_trigger:\basic_multi_level_mbpm_trigger_gen:multi_level_mbpm|lpm_shiftreg:trigger_condition_deserialize|dffs[102]                                                                   ; sld_signaltap:auto_signaltap_0|sld_signaltap_impl:sld_signaltap_body|sld_signaltap_implb:sld_signaltap_body|sld_ela_control:ela_control|sld_ela_basic_multi_level_trigger:\basic_multi_level_mbpm_trigger_gen:multi_level_mbpm|lpm_shiftreg:trigger_condition_deserialize|dffs[101]                                                                   ; altera_reserved_tck ; altera_reserved_tck ; 0.000        ; 0.081      ; 0.803      ;
; 0.510 ; sld_hub:auto_hub|alt_sld_fab_with_jtag_input:\instrumentation_fabric_with_node_gen:fabric_gen_new_way:with_jtag_input_gen:instrumentation_fabric|alt_sld_fab:instrumentation_fabric|alt_sld_fab_alt_sld_fab:alt_sld_fab|alt_sld_fab_alt_sld_fab_sldfabric:sldfabric|sld_jtag_hub:\jtag_hub_gen:real_sld_jtag_hub|jtag_ir_reg[3]                       ; sld_hub:auto_hub|alt_sld_fab_with_jtag_input:\instrumentation_fabric_with_node_gen:fabric_gen_new_way:with_jtag_input_gen:instrumentation_fabric|alt_sld_fab:instrumentation_fabric|alt_sld_fab_alt_sld_fab:alt_sld_fab|alt_sld_fab_alt_sld_fab_sldfabric:sldfabric|sld_jtag_hub:\jtag_hub_gen:real_sld_jtag_hub|jtag_ir_reg[2]                       ; altera_reserved_tck ; altera_reserved_tck ; 0.000        ; 0.081      ; 0.803      ;
; 0.511 ; sld_signaltap:auto_signaltap_0|sld_signaltap_impl:sld_signaltap_body|sld_signaltap_implb:sld_signaltap_body|sld_ela_control:ela_control|sld_ela_basic_multi_level_trigger:\basic_multi_level_mbpm_trigger_gen:multi_level_mbpm|lpm_shiftreg:trigger_condition_deserialize|dffs[24]                                                                    ; sld_signaltap:auto_signaltap_0|sld_signaltap_impl:sld_signaltap_body|sld_signaltap_implb:sld_signaltap_body|sld_ela_control:ela_control|sld_ela_basic_multi_level_trigger:\basic_multi_level_mbpm_trigger_gen:multi_level_mbpm|lpm_shiftreg:trigger_condition_deserialize|dffs[23]                                                                    ; altera_reserved_tck ; altera_reserved_tck ; 0.000        ; 0.080      ; 0.803      ;
; 0.511 ; sld_signaltap:auto_signaltap_0|sld_signaltap_impl:sld_signaltap_body|sld_signaltap_implb:sld_signaltap_body|sld_ela_control:ela_control|sld_ela_basic_multi_level_trigger:\basic_multi_level_mbpm_trigger_gen:multi_level_mbpm|lpm_shiftreg:trigger_condition_deserialize|dffs[28]                                                                    ; sld_signaltap:auto_signaltap_0|sld_signaltap_impl:sld_signaltap_body|sld_signaltap_implb:sld_signaltap_body|sld_ela_control:ela_control|sld_ela_basic_multi_level_trigger:\basic_multi_level_mbpm_trigger_gen:multi_level_mbpm|lpm_shiftreg:trigger_condition_deserialize|dffs[27]                                                                    ; altera_reserved_tck ; altera_reserved_tck ; 0.000        ; 0.080      ; 0.803      ;
; 0.511 ; sld_signaltap:auto_signaltap_0|sld_signaltap_impl:sld_signaltap_body|sld_signaltap_implb:sld_signaltap_body|sld_ela_control:ela_control|sld_ela_basic_multi_level_trigger:\basic_multi_level_mbpm_trigger_gen:multi_level_mbpm|lpm_shiftreg:trigger_condition_deserialize|dffs[34]                                                                    ; sld_signaltap:auto_signaltap_0|sld_signaltap_impl:sld_signaltap_body|sld_signaltap_implb:sld_signaltap_body|sld_ela_control:ela_control|sld_ela_basic_multi_level_trigger:\basic_multi_level_mbpm_trigger_gen:multi_level_mbpm|lpm_shiftreg:trigger_condition_deserialize|dffs[33]                                                                    ; altera_reserved_tck ; altera_reserved_tck ; 0.000        ; 0.080      ; 0.803      ;
+-------+-------------------------------------------------------------------------------------------------------------------------------------------------------------------------------------------------------------------------------------------------------------------------------------------------------------------------------------------------------+-------------------------------------------------------------------------------------------------------------------------------------------------------------------------------------------------------------------------------------------------------------------------------------------------------------------------------------------------------+---------------------+---------------------+--------------+------------+------------+


+-----------------------------------------------------------------------------------------------------------------------------------------------------------------------------------------------------------------------------------------------------------------------------------------------------------------------------------------------------------------------------------------------------------------------------------------------------------------------------------------------------------+
; Slow 1200mV 85C Model Recovery: 'altera_reserved_tck'                                                                                                                                                                                                                                                                                                                                                                                                                                                     ;
+--------+-----------------------------------------------------------------------------------------------------------------------+-------------------------------------------------------------------------------------------------------------------------------------------------------------------------------------------------------------------------------------------------------------------------------------+---------------------+---------------------+--------------+------------+------------+
; Slack  ; From Node                                                                                                             ; To Node                                                                                                                                                                                                                                                                             ; Launch Clock        ; Latch Clock         ; Relationship ; Clock Skew ; Data Delay ;
+--------+-----------------------------------------------------------------------------------------------------------------------+-------------------------------------------------------------------------------------------------------------------------------------------------------------------------------------------------------------------------------------------------------------------------------------+---------------------+---------------------+--------------+------------+------------+
; 95.784 ; sld_signaltap:auto_signaltap_0|sld_signaltap_impl:sld_signaltap_body|sld_signaltap_implb:sld_signaltap_body|reset_all ; sld_signaltap:auto_signaltap_0|sld_signaltap_impl:sld_signaltap_body|sld_signaltap_implb:sld_signaltap_body|sld_offload_buffer_mgr:\stp_non_zero_depth_offload_gen:stp_offload_buff_mgr_inst|lpm_shiftreg:status_data_shift_out|dffs[8]                                             ; altera_reserved_tck ; altera_reserved_tck ; 100.000      ; -0.106     ; 4.131      ;
; 95.784 ; sld_signaltap:auto_signaltap_0|sld_signaltap_impl:sld_signaltap_body|sld_signaltap_implb:sld_signaltap_body|reset_all ; sld_signaltap:auto_signaltap_0|sld_signaltap_impl:sld_signaltap_body|sld_signaltap_implb:sld_signaltap_body|sld_offload_buffer_mgr:\stp_non_zero_depth_offload_gen:stp_offload_buff_mgr_inst|lpm_shiftreg:status_data_shift_out|dffs[9]                                             ; altera_reserved_tck ; altera_reserved_tck ; 100.000      ; -0.106     ; 4.131      ;
; 95.784 ; sld_signaltap:auto_signaltap_0|sld_signaltap_impl:sld_signaltap_body|sld_signaltap_implb:sld_signaltap_body|reset_all ; sld_signaltap:auto_signaltap_0|sld_signaltap_impl:sld_signaltap_body|sld_signaltap_implb:sld_signaltap_body|sld_offload_buffer_mgr:\stp_non_zero_depth_offload_gen:stp_offload_buff_mgr_inst|lpm_shiftreg:status_data_shift_out|dffs[11]                                            ; altera_reserved_tck ; altera_reserved_tck ; 100.000      ; -0.106     ; 4.131      ;
; 95.784 ; sld_signaltap:auto_signaltap_0|sld_signaltap_impl:sld_signaltap_body|sld_signaltap_implb:sld_signaltap_body|reset_all ; sld_signaltap:auto_signaltap_0|sld_signaltap_impl:sld_signaltap_body|sld_signaltap_implb:sld_signaltap_body|sld_offload_buffer_mgr:\stp_non_zero_depth_offload_gen:stp_offload_buff_mgr_inst|lpm_shiftreg:status_data_shift_out|dffs[12]                                            ; altera_reserved_tck ; altera_reserved_tck ; 100.000      ; -0.106     ; 4.131      ;
; 95.784 ; sld_signaltap:auto_signaltap_0|sld_signaltap_impl:sld_signaltap_body|sld_signaltap_implb:sld_signaltap_body|reset_all ; sld_signaltap:auto_signaltap_0|sld_signaltap_impl:sld_signaltap_body|sld_signaltap_implb:sld_signaltap_body|sld_offload_buffer_mgr:\stp_non_zero_depth_offload_gen:stp_offload_buff_mgr_inst|lpm_shiftreg:status_data_shift_out|dffs[13]                                            ; altera_reserved_tck ; altera_reserved_tck ; 100.000      ; -0.106     ; 4.131      ;
; 95.784 ; sld_signaltap:auto_signaltap_0|sld_signaltap_impl:sld_signaltap_body|sld_signaltap_implb:sld_signaltap_body|reset_all ; sld_signaltap:auto_signaltap_0|sld_signaltap_impl:sld_signaltap_body|sld_signaltap_implb:sld_signaltap_body|sld_offload_buffer_mgr:\stp_non_zero_depth_offload_gen:stp_offload_buff_mgr_inst|lpm_shiftreg:status_data_shift_out|dffs[10]                                            ; altera_reserved_tck ; altera_reserved_tck ; 100.000      ; -0.106     ; 4.131      ;
; 95.784 ; sld_signaltap:auto_signaltap_0|sld_signaltap_impl:sld_signaltap_body|sld_signaltap_implb:sld_signaltap_body|reset_all ; sld_signaltap:auto_signaltap_0|sld_signaltap_impl:sld_signaltap_body|sld_signaltap_implb:sld_signaltap_body|sld_offload_buffer_mgr:\stp_non_zero_depth_offload_gen:stp_offload_buff_mgr_inst|lpm_shiftreg:status_data_shift_out|dffs[14]                                            ; altera_reserved_tck ; altera_reserved_tck ; 100.000      ; -0.106     ; 4.131      ;
; 95.789 ; sld_signaltap:auto_signaltap_0|sld_signaltap_impl:sld_signaltap_body|sld_signaltap_implb:sld_signaltap_body|reset_all ; sld_signaltap:auto_signaltap_0|sld_signaltap_impl:sld_signaltap_body|sld_signaltap_implb:sld_signaltap_body|bypass_reg_out                                                                                                                                                          ; altera_reserved_tck ; altera_reserved_tck ; 100.000      ; -0.076     ; 4.156      ;
; 95.789 ; sld_signaltap:auto_signaltap_0|sld_signaltap_impl:sld_signaltap_body|sld_signaltap_implb:sld_signaltap_body|reset_all ; sld_signaltap:auto_signaltap_0|sld_signaltap_impl:sld_signaltap_body|sld_signaltap_implb:sld_signaltap_body|sld_offload_buffer_mgr:\stp_non_zero_depth_offload_gen:stp_offload_buff_mgr_inst|lpm_shiftreg:status_data_shift_out|dffs[0]                                             ; altera_reserved_tck ; altera_reserved_tck ; 100.000      ; -0.076     ; 4.156      ;
; 95.789 ; sld_signaltap:auto_signaltap_0|sld_signaltap_impl:sld_signaltap_body|sld_signaltap_implb:sld_signaltap_body|reset_all ; sld_signaltap:auto_signaltap_0|sld_signaltap_impl:sld_signaltap_body|sld_signaltap_implb:sld_signaltap_body|sld_offload_buffer_mgr:\stp_non_zero_depth_offload_gen:stp_offload_buff_mgr_inst|lpm_shiftreg:info_data_shift_out|dffs[0]                                               ; altera_reserved_tck ; altera_reserved_tck ; 100.000      ; -0.076     ; 4.156      ;
; 95.789 ; sld_signaltap:auto_signaltap_0|sld_signaltap_impl:sld_signaltap_body|sld_signaltap_implb:sld_signaltap_body|reset_all ; sld_signaltap:auto_signaltap_0|sld_signaltap_impl:sld_signaltap_body|sld_signaltap_implb:sld_signaltap_body|sld_offload_buffer_mgr:\stp_non_zero_depth_offload_gen:stp_offload_buff_mgr_inst|lpm_shiftreg:info_data_shift_out|dffs[1]                                               ; altera_reserved_tck ; altera_reserved_tck ; 100.000      ; -0.090     ; 4.142      ;
; 95.789 ; sld_signaltap:auto_signaltap_0|sld_signaltap_impl:sld_signaltap_body|sld_signaltap_implb:sld_signaltap_body|reset_all ; sld_signaltap:auto_signaltap_0|sld_signaltap_impl:sld_signaltap_body|sld_signaltap_implb:sld_signaltap_body|sld_offload_buffer_mgr:\stp_non_zero_depth_offload_gen:stp_offload_buff_mgr_inst|lpm_shiftreg:info_data_shift_out|dffs[2]                                               ; altera_reserved_tck ; altera_reserved_tck ; 100.000      ; -0.090     ; 4.142      ;
; 95.789 ; sld_signaltap:auto_signaltap_0|sld_signaltap_impl:sld_signaltap_body|sld_signaltap_implb:sld_signaltap_body|reset_all ; sld_signaltap:auto_signaltap_0|sld_signaltap_impl:sld_signaltap_body|sld_signaltap_implb:sld_signaltap_body|sld_offload_buffer_mgr:\stp_non_zero_depth_offload_gen:stp_offload_buff_mgr_inst|lpm_shiftreg:info_data_shift_out|dffs[3]                                               ; altera_reserved_tck ; altera_reserved_tck ; 100.000      ; -0.090     ; 4.142      ;
; 95.789 ; sld_signaltap:auto_signaltap_0|sld_signaltap_impl:sld_signaltap_body|sld_signaltap_implb:sld_signaltap_body|reset_all ; sld_signaltap:auto_signaltap_0|sld_signaltap_impl:sld_signaltap_body|sld_signaltap_implb:sld_signaltap_body|sld_offload_buffer_mgr:\stp_non_zero_depth_offload_gen:stp_offload_buff_mgr_inst|lpm_shiftreg:info_data_shift_out|dffs[4]                                               ; altera_reserved_tck ; altera_reserved_tck ; 100.000      ; -0.090     ; 4.142      ;
; 95.789 ; sld_signaltap:auto_signaltap_0|sld_signaltap_impl:sld_signaltap_body|sld_signaltap_implb:sld_signaltap_body|reset_all ; sld_signaltap:auto_signaltap_0|sld_signaltap_impl:sld_signaltap_body|sld_signaltap_implb:sld_signaltap_body|sld_offload_buffer_mgr:\stp_non_zero_depth_offload_gen:stp_offload_buff_mgr_inst|lpm_shiftreg:info_data_shift_out|dffs[5]                                               ; altera_reserved_tck ; altera_reserved_tck ; 100.000      ; -0.090     ; 4.142      ;
; 95.789 ; sld_signaltap:auto_signaltap_0|sld_signaltap_impl:sld_signaltap_body|sld_signaltap_implb:sld_signaltap_body|reset_all ; sld_signaltap:auto_signaltap_0|sld_signaltap_impl:sld_signaltap_body|sld_signaltap_implb:sld_signaltap_body|sld_offload_buffer_mgr:\stp_non_zero_depth_offload_gen:stp_offload_buff_mgr_inst|lpm_shiftreg:info_data_shift_out|dffs[6]                                               ; altera_reserved_tck ; altera_reserved_tck ; 100.000      ; -0.090     ; 4.142      ;
; 95.789 ; sld_signaltap:auto_signaltap_0|sld_signaltap_impl:sld_signaltap_body|sld_signaltap_implb:sld_signaltap_body|reset_all ; sld_signaltap:auto_signaltap_0|sld_signaltap_impl:sld_signaltap_body|sld_signaltap_implb:sld_signaltap_body|sld_offload_buffer_mgr:\stp_non_zero_depth_offload_gen:stp_offload_buff_mgr_inst|lpm_shiftreg:info_data_shift_out|dffs[7]                                               ; altera_reserved_tck ; altera_reserved_tck ; 100.000      ; -0.090     ; 4.142      ;
; 95.789 ; sld_signaltap:auto_signaltap_0|sld_signaltap_impl:sld_signaltap_body|sld_signaltap_implb:sld_signaltap_body|reset_all ; sld_signaltap:auto_signaltap_0|sld_signaltap_impl:sld_signaltap_body|sld_signaltap_implb:sld_signaltap_body|sld_offload_buffer_mgr:\stp_non_zero_depth_offload_gen:stp_offload_buff_mgr_inst|lpm_shiftreg:info_data_shift_out|dffs[8]                                               ; altera_reserved_tck ; altera_reserved_tck ; 100.000      ; -0.091     ; 4.141      ;
; 95.789 ; sld_signaltap:auto_signaltap_0|sld_signaltap_impl:sld_signaltap_body|sld_signaltap_implb:sld_signaltap_body|reset_all ; sld_signaltap:auto_signaltap_0|sld_signaltap_impl:sld_signaltap_body|sld_signaltap_implb:sld_signaltap_body|sld_offload_buffer_mgr:\stp_non_zero_depth_offload_gen:stp_offload_buff_mgr_inst|lpm_shiftreg:info_data_shift_out|dffs[9]                                               ; altera_reserved_tck ; altera_reserved_tck ; 100.000      ; -0.091     ; 4.141      ;
; 95.789 ; sld_signaltap:auto_signaltap_0|sld_signaltap_impl:sld_signaltap_body|sld_signaltap_implb:sld_signaltap_body|reset_all ; sld_signaltap:auto_signaltap_0|sld_signaltap_impl:sld_signaltap_body|sld_signaltap_implb:sld_signaltap_body|sld_offload_buffer_mgr:\stp_non_zero_depth_offload_gen:stp_offload_buff_mgr_inst|lpm_shiftreg:info_data_shift_out|dffs[10]                                              ; altera_reserved_tck ; altera_reserved_tck ; 100.000      ; -0.091     ; 4.141      ;
; 95.789 ; sld_signaltap:auto_signaltap_0|sld_signaltap_impl:sld_signaltap_body|sld_signaltap_implb:sld_signaltap_body|reset_all ; sld_signaltap:auto_signaltap_0|sld_signaltap_impl:sld_signaltap_body|sld_signaltap_implb:sld_signaltap_body|sld_offload_buffer_mgr:\stp_non_zero_depth_offload_gen:stp_offload_buff_mgr_inst|lpm_shiftreg:info_data_shift_out|dffs[11]                                              ; altera_reserved_tck ; altera_reserved_tck ; 100.000      ; -0.091     ; 4.141      ;
; 95.789 ; sld_signaltap:auto_signaltap_0|sld_signaltap_impl:sld_signaltap_body|sld_signaltap_implb:sld_signaltap_body|reset_all ; sld_signaltap:auto_signaltap_0|sld_signaltap_impl:sld_signaltap_body|sld_signaltap_implb:sld_signaltap_body|sld_offload_buffer_mgr:\stp_non_zero_depth_offload_gen:stp_offload_buff_mgr_inst|lpm_shiftreg:info_data_shift_out|dffs[12]                                              ; altera_reserved_tck ; altera_reserved_tck ; 100.000      ; -0.091     ; 4.141      ;
; 95.789 ; sld_signaltap:auto_signaltap_0|sld_signaltap_impl:sld_signaltap_body|sld_signaltap_implb:sld_signaltap_body|reset_all ; sld_signaltap:auto_signaltap_0|sld_signaltap_impl:sld_signaltap_body|sld_signaltap_implb:sld_signaltap_body|sld_offload_buffer_mgr:\stp_non_zero_depth_offload_gen:stp_offload_buff_mgr_inst|lpm_shiftreg:info_data_shift_out|dffs[13]                                              ; altera_reserved_tck ; altera_reserved_tck ; 100.000      ; -0.091     ; 4.141      ;
; 95.789 ; sld_signaltap:auto_signaltap_0|sld_signaltap_impl:sld_signaltap_body|sld_signaltap_implb:sld_signaltap_body|reset_all ; sld_signaltap:auto_signaltap_0|sld_signaltap_impl:sld_signaltap_body|sld_signaltap_implb:sld_signaltap_body|sld_offload_buffer_mgr:\stp_non_zero_depth_offload_gen:stp_offload_buff_mgr_inst|lpm_shiftreg:info_data_shift_out|dffs[14]                                              ; altera_reserved_tck ; altera_reserved_tck ; 100.000      ; -0.091     ; 4.141      ;
; 95.789 ; sld_signaltap:auto_signaltap_0|sld_signaltap_impl:sld_signaltap_body|sld_signaltap_implb:sld_signaltap_body|reset_all ; sld_signaltap:auto_signaltap_0|sld_signaltap_impl:sld_signaltap_body|sld_signaltap_implb:sld_signaltap_body|sld_offload_buffer_mgr:\stp_non_zero_depth_offload_gen:stp_offload_buff_mgr_inst|lpm_shiftreg:ram_data_shift_out|dffs[16]                                               ; altera_reserved_tck ; altera_reserved_tck ; 100.000      ; -0.091     ; 4.141      ;
; 95.789 ; sld_signaltap:auto_signaltap_0|sld_signaltap_impl:sld_signaltap_body|sld_signaltap_implb:sld_signaltap_body|reset_all ; sld_signaltap:auto_signaltap_0|sld_signaltap_impl:sld_signaltap_body|sld_signaltap_implb:sld_signaltap_body|sld_offload_buffer_mgr:\stp_non_zero_depth_offload_gen:stp_offload_buff_mgr_inst|lpm_shiftreg:ram_data_shift_out|dffs[17]                                               ; altera_reserved_tck ; altera_reserved_tck ; 100.000      ; -0.091     ; 4.141      ;
; 95.789 ; sld_signaltap:auto_signaltap_0|sld_signaltap_impl:sld_signaltap_body|sld_signaltap_implb:sld_signaltap_body|reset_all ; sld_signaltap:auto_signaltap_0|sld_signaltap_impl:sld_signaltap_body|sld_signaltap_implb:sld_signaltap_body|sld_offload_buffer_mgr:\stp_non_zero_depth_offload_gen:stp_offload_buff_mgr_inst|lpm_shiftreg:ram_data_shift_out|dffs[18]                                               ; altera_reserved_tck ; altera_reserved_tck ; 100.000      ; -0.091     ; 4.141      ;
; 95.789 ; sld_signaltap:auto_signaltap_0|sld_signaltap_impl:sld_signaltap_body|sld_signaltap_implb:sld_signaltap_body|reset_all ; sld_signaltap:auto_signaltap_0|sld_signaltap_impl:sld_signaltap_body|sld_signaltap_implb:sld_signaltap_body|sld_offload_buffer_mgr:\stp_non_zero_depth_offload_gen:stp_offload_buff_mgr_inst|lpm_shiftreg:ram_data_shift_out|dffs[19]                                               ; altera_reserved_tck ; altera_reserved_tck ; 100.000      ; -0.091     ; 4.141      ;
; 95.789 ; sld_signaltap:auto_signaltap_0|sld_signaltap_impl:sld_signaltap_body|sld_signaltap_implb:sld_signaltap_body|reset_all ; sld_signaltap:auto_signaltap_0|sld_signaltap_impl:sld_signaltap_body|sld_signaltap_implb:sld_signaltap_body|sld_offload_buffer_mgr:\stp_non_zero_depth_offload_gen:stp_offload_buff_mgr_inst|lpm_shiftreg:ram_data_shift_out|dffs[20]                                               ; altera_reserved_tck ; altera_reserved_tck ; 100.000      ; -0.091     ; 4.141      ;
; 95.789 ; sld_signaltap:auto_signaltap_0|sld_signaltap_impl:sld_signaltap_body|sld_signaltap_implb:sld_signaltap_body|reset_all ; sld_signaltap:auto_signaltap_0|sld_signaltap_impl:sld_signaltap_body|sld_signaltap_implb:sld_signaltap_body|sld_offload_buffer_mgr:\stp_non_zero_depth_offload_gen:stp_offload_buff_mgr_inst|lpm_shiftreg:ram_data_shift_out|dffs[21]                                               ; altera_reserved_tck ; altera_reserved_tck ; 100.000      ; -0.091     ; 4.141      ;
; 95.789 ; sld_signaltap:auto_signaltap_0|sld_signaltap_impl:sld_signaltap_body|sld_signaltap_implb:sld_signaltap_body|reset_all ; sld_signaltap:auto_signaltap_0|sld_signaltap_impl:sld_signaltap_body|sld_signaltap_implb:sld_signaltap_body|sld_offload_buffer_mgr:\stp_non_zero_depth_offload_gen:stp_offload_buff_mgr_inst|lpm_shiftreg:ram_data_shift_out|dffs[22]                                               ; altera_reserved_tck ; altera_reserved_tck ; 100.000      ; -0.091     ; 4.141      ;
; 95.789 ; sld_signaltap:auto_signaltap_0|sld_signaltap_impl:sld_signaltap_body|sld_signaltap_implb:sld_signaltap_body|reset_all ; sld_signaltap:auto_signaltap_0|sld_signaltap_impl:sld_signaltap_body|sld_signaltap_implb:sld_signaltap_body|sld_offload_buffer_mgr:\stp_non_zero_depth_offload_gen:stp_offload_buff_mgr_inst|lpm_shiftreg:ram_data_shift_out|dffs[23]                                               ; altera_reserved_tck ; altera_reserved_tck ; 100.000      ; -0.091     ; 4.141      ;
; 95.789 ; sld_signaltap:auto_signaltap_0|sld_signaltap_impl:sld_signaltap_body|sld_signaltap_implb:sld_signaltap_body|reset_all ; sld_signaltap:auto_signaltap_0|sld_signaltap_impl:sld_signaltap_body|sld_signaltap_implb:sld_signaltap_body|sld_offload_buffer_mgr:\stp_non_zero_depth_offload_gen:stp_offload_buff_mgr_inst|lpm_shiftreg:ram_data_shift_out|dffs[24]                                               ; altera_reserved_tck ; altera_reserved_tck ; 100.000      ; -0.091     ; 4.141      ;
; 95.789 ; sld_signaltap:auto_signaltap_0|sld_signaltap_impl:sld_signaltap_body|sld_signaltap_implb:sld_signaltap_body|reset_all ; sld_signaltap:auto_signaltap_0|sld_signaltap_impl:sld_signaltap_body|sld_signaltap_implb:sld_signaltap_body|sld_offload_buffer_mgr:\stp_non_zero_depth_offload_gen:stp_offload_buff_mgr_inst|lpm_shiftreg:ram_data_shift_out|dffs[25]                                               ; altera_reserved_tck ; altera_reserved_tck ; 100.000      ; -0.091     ; 4.141      ;
; 95.789 ; sld_signaltap:auto_signaltap_0|sld_signaltap_impl:sld_signaltap_body|sld_signaltap_implb:sld_signaltap_body|reset_all ; sld_signaltap:auto_signaltap_0|sld_signaltap_impl:sld_signaltap_body|sld_signaltap_implb:sld_signaltap_body|sld_offload_buffer_mgr:\stp_non_zero_depth_offload_gen:stp_offload_buff_mgr_inst|lpm_shiftreg:ram_data_shift_out|dffs[26]                                               ; altera_reserved_tck ; altera_reserved_tck ; 100.000      ; -0.091     ; 4.141      ;
; 95.789 ; sld_signaltap:auto_signaltap_0|sld_signaltap_impl:sld_signaltap_body|sld_signaltap_implb:sld_signaltap_body|reset_all ; sld_signaltap:auto_signaltap_0|sld_signaltap_impl:sld_signaltap_body|sld_signaltap_implb:sld_signaltap_body|sld_offload_buffer_mgr:\stp_non_zero_depth_offload_gen:stp_offload_buff_mgr_inst|lpm_shiftreg:ram_data_shift_out|dffs[27]                                               ; altera_reserved_tck ; altera_reserved_tck ; 100.000      ; -0.091     ; 4.141      ;
; 95.789 ; sld_signaltap:auto_signaltap_0|sld_signaltap_impl:sld_signaltap_body|sld_signaltap_implb:sld_signaltap_body|reset_all ; sld_signaltap:auto_signaltap_0|sld_signaltap_impl:sld_signaltap_body|sld_signaltap_implb:sld_signaltap_body|sld_offload_buffer_mgr:\stp_non_zero_depth_offload_gen:stp_offload_buff_mgr_inst|lpm_shiftreg:ram_data_shift_out|dffs[28]                                               ; altera_reserved_tck ; altera_reserved_tck ; 100.000      ; -0.091     ; 4.141      ;
; 95.789 ; sld_signaltap:auto_signaltap_0|sld_signaltap_impl:sld_signaltap_body|sld_signaltap_implb:sld_signaltap_body|reset_all ; sld_signaltap:auto_signaltap_0|sld_signaltap_impl:sld_signaltap_body|sld_signaltap_implb:sld_signaltap_body|sld_offload_buffer_mgr:\stp_non_zero_depth_offload_gen:stp_offload_buff_mgr_inst|lpm_shiftreg:ram_data_shift_out|dffs[29]                                               ; altera_reserved_tck ; altera_reserved_tck ; 100.000      ; -0.091     ; 4.141      ;
; 95.789 ; sld_signaltap:auto_signaltap_0|sld_signaltap_impl:sld_signaltap_body|sld_signaltap_implb:sld_signaltap_body|reset_all ; sld_signaltap:auto_signaltap_0|sld_signaltap_impl:sld_signaltap_body|sld_signaltap_implb:sld_signaltap_body|sld_offload_buffer_mgr:\stp_non_zero_depth_offload_gen:stp_offload_buff_mgr_inst|lpm_shiftreg:ram_data_shift_out|dffs[30]                                               ; altera_reserved_tck ; altera_reserved_tck ; 100.000      ; -0.091     ; 4.141      ;
; 95.789 ; sld_signaltap:auto_signaltap_0|sld_signaltap_impl:sld_signaltap_body|sld_signaltap_implb:sld_signaltap_body|reset_all ; sld_signaltap:auto_signaltap_0|sld_signaltap_impl:sld_signaltap_body|sld_signaltap_implb:sld_signaltap_body|sld_offload_buffer_mgr:\stp_non_zero_depth_offload_gen:stp_offload_buff_mgr_inst|lpm_shiftreg:ram_data_shift_out|dffs[31]                                               ; altera_reserved_tck ; altera_reserved_tck ; 100.000      ; -0.091     ; 4.141      ;
; 95.789 ; sld_signaltap:auto_signaltap_0|sld_signaltap_impl:sld_signaltap_body|sld_signaltap_implb:sld_signaltap_body|reset_all ; sld_signaltap:auto_signaltap_0|sld_signaltap_impl:sld_signaltap_body|sld_signaltap_implb:sld_signaltap_body|sld_offload_buffer_mgr:\stp_non_zero_depth_offload_gen:stp_offload_buff_mgr_inst|lpm_shiftreg:ram_data_shift_out|dffs[32]                                               ; altera_reserved_tck ; altera_reserved_tck ; 100.000      ; -0.096     ; 4.136      ;
; 95.789 ; sld_signaltap:auto_signaltap_0|sld_signaltap_impl:sld_signaltap_body|sld_signaltap_implb:sld_signaltap_body|reset_all ; sld_signaltap:auto_signaltap_0|sld_signaltap_impl:sld_signaltap_body|sld_signaltap_implb:sld_signaltap_body|sld_offload_buffer_mgr:\stp_non_zero_depth_offload_gen:stp_offload_buff_mgr_inst|lpm_shiftreg:ram_data_shift_out|dffs[33]                                               ; altera_reserved_tck ; altera_reserved_tck ; 100.000      ; -0.096     ; 4.136      ;
; 95.789 ; sld_signaltap:auto_signaltap_0|sld_signaltap_impl:sld_signaltap_body|sld_signaltap_implb:sld_signaltap_body|reset_all ; sld_signaltap:auto_signaltap_0|sld_signaltap_impl:sld_signaltap_body|sld_signaltap_implb:sld_signaltap_body|sld_offload_buffer_mgr:\stp_non_zero_depth_offload_gen:stp_offload_buff_mgr_inst|lpm_shiftreg:ram_data_shift_out|dffs[34]                                               ; altera_reserved_tck ; altera_reserved_tck ; 100.000      ; -0.096     ; 4.136      ;
; 95.789 ; sld_signaltap:auto_signaltap_0|sld_signaltap_impl:sld_signaltap_body|sld_signaltap_implb:sld_signaltap_body|reset_all ; sld_signaltap:auto_signaltap_0|sld_signaltap_impl:sld_signaltap_body|sld_signaltap_implb:sld_signaltap_body|sld_offload_buffer_mgr:\stp_non_zero_depth_offload_gen:stp_offload_buff_mgr_inst|lpm_shiftreg:ram_data_shift_out|dffs[35]                                               ; altera_reserved_tck ; altera_reserved_tck ; 100.000      ; -0.096     ; 4.136      ;
; 95.789 ; sld_signaltap:auto_signaltap_0|sld_signaltap_impl:sld_signaltap_body|sld_signaltap_implb:sld_signaltap_body|reset_all ; sld_signaltap:auto_signaltap_0|sld_signaltap_impl:sld_signaltap_body|sld_signaltap_implb:sld_signaltap_body|lpm_shiftreg:segment_offset_config_deserialize|dffs[0]                                                                                                                  ; altera_reserved_tck ; altera_reserved_tck ; 100.000      ; -0.077     ; 4.155      ;
; 95.789 ; sld_signaltap:auto_signaltap_0|sld_signaltap_impl:sld_signaltap_body|sld_signaltap_implb:sld_signaltap_body|reset_all ; sld_signaltap:auto_signaltap_0|sld_signaltap_impl:sld_signaltap_body|sld_signaltap_implb:sld_signaltap_body|lpm_shiftreg:segment_offset_config_deserialize|dffs[1]                                                                                                                  ; altera_reserved_tck ; altera_reserved_tck ; 100.000      ; -0.077     ; 4.155      ;
; 95.789 ; sld_signaltap:auto_signaltap_0|sld_signaltap_impl:sld_signaltap_body|sld_signaltap_implb:sld_signaltap_body|reset_all ; sld_signaltap:auto_signaltap_0|sld_signaltap_impl:sld_signaltap_body|sld_signaltap_implb:sld_signaltap_body|lpm_shiftreg:segment_offset_config_deserialize|dffs[2]                                                                                                                  ; altera_reserved_tck ; altera_reserved_tck ; 100.000      ; -0.078     ; 4.154      ;
; 95.789 ; sld_signaltap:auto_signaltap_0|sld_signaltap_impl:sld_signaltap_body|sld_signaltap_implb:sld_signaltap_body|reset_all ; sld_signaltap:auto_signaltap_0|sld_signaltap_impl:sld_signaltap_body|sld_signaltap_implb:sld_signaltap_body|lpm_shiftreg:segment_offset_config_deserialize|dffs[3]                                                                                                                  ; altera_reserved_tck ; altera_reserved_tck ; 100.000      ; -0.084     ; 4.148      ;
; 95.789 ; sld_signaltap:auto_signaltap_0|sld_signaltap_impl:sld_signaltap_body|sld_signaltap_implb:sld_signaltap_body|reset_all ; sld_signaltap:auto_signaltap_0|sld_signaltap_impl:sld_signaltap_body|sld_signaltap_implb:sld_signaltap_body|lpm_shiftreg:segment_offset_config_deserialize|dffs[4]                                                                                                                  ; altera_reserved_tck ; altera_reserved_tck ; 100.000      ; -0.084     ; 4.148      ;
; 95.789 ; sld_signaltap:auto_signaltap_0|sld_signaltap_impl:sld_signaltap_body|sld_signaltap_implb:sld_signaltap_body|reset_all ; sld_signaltap:auto_signaltap_0|sld_signaltap_impl:sld_signaltap_body|sld_signaltap_implb:sld_signaltap_body|lpm_shiftreg:segment_offset_config_deserialize|dffs[5]                                                                                                                  ; altera_reserved_tck ; altera_reserved_tck ; 100.000      ; -0.084     ; 4.148      ;
; 95.789 ; sld_signaltap:auto_signaltap_0|sld_signaltap_impl:sld_signaltap_body|sld_signaltap_implb:sld_signaltap_body|reset_all ; sld_signaltap:auto_signaltap_0|sld_signaltap_impl:sld_signaltap_body|sld_signaltap_implb:sld_signaltap_body|lpm_shiftreg:segment_offset_config_deserialize|dffs[6]                                                                                                                  ; altera_reserved_tck ; altera_reserved_tck ; 100.000      ; -0.084     ; 4.148      ;
; 95.789 ; sld_signaltap:auto_signaltap_0|sld_signaltap_impl:sld_signaltap_body|sld_signaltap_implb:sld_signaltap_body|reset_all ; sld_signaltap:auto_signaltap_0|sld_signaltap_impl:sld_signaltap_body|sld_signaltap_implb:sld_signaltap_body|sld_ela_control:ela_control|lpm_shiftreg:trigger_config_deserialize|dffs[0]                                                                                             ; altera_reserved_tck ; altera_reserved_tck ; 100.000      ; -0.084     ; 4.148      ;
; 95.789 ; sld_signaltap:auto_signaltap_0|sld_signaltap_impl:sld_signaltap_body|sld_signaltap_implb:sld_signaltap_body|reset_all ; sld_signaltap:auto_signaltap_0|sld_signaltap_impl:sld_signaltap_body|sld_signaltap_implb:sld_signaltap_body|sld_ela_control:ela_control|lpm_shiftreg:trigger_config_deserialize|dffs[1]                                                                                             ; altera_reserved_tck ; altera_reserved_tck ; 100.000      ; -0.084     ; 4.148      ;
; 95.789 ; sld_signaltap:auto_signaltap_0|sld_signaltap_impl:sld_signaltap_body|sld_signaltap_implb:sld_signaltap_body|reset_all ; sld_signaltap:auto_signaltap_0|sld_signaltap_impl:sld_signaltap_body|sld_signaltap_implb:sld_signaltap_body|sld_ela_control:ela_control|lpm_shiftreg:trigger_config_deserialize|dffs[2]                                                                                             ; altera_reserved_tck ; altera_reserved_tck ; 100.000      ; -0.084     ; 4.148      ;
; 95.789 ; sld_signaltap:auto_signaltap_0|sld_signaltap_impl:sld_signaltap_body|sld_signaltap_implb:sld_signaltap_body|reset_all ; sld_signaltap:auto_signaltap_0|sld_signaltap_impl:sld_signaltap_body|sld_signaltap_implb:sld_signaltap_body|sld_ela_control:ela_control|lpm_shiftreg:trigger_config_deserialize|dffs[3]                                                                                             ; altera_reserved_tck ; altera_reserved_tck ; 100.000      ; -0.084     ; 4.148      ;
; 95.789 ; sld_signaltap:auto_signaltap_0|sld_signaltap_impl:sld_signaltap_body|sld_signaltap_implb:sld_signaltap_body|reset_all ; sld_signaltap:auto_signaltap_0|sld_signaltap_impl:sld_signaltap_body|sld_signaltap_implb:sld_signaltap_body|sld_ela_control:ela_control|sld_ela_trigger_flow_mgr:\builtin:ela_trigger_flow_mgr_entity|lpm_shiftreg:trigger_config_deserialize|dffs[0]                               ; altera_reserved_tck ; altera_reserved_tck ; 100.000      ; -0.084     ; 4.148      ;
; 95.789 ; sld_signaltap:auto_signaltap_0|sld_signaltap_impl:sld_signaltap_body|sld_signaltap_implb:sld_signaltap_body|reset_all ; sld_signaltap:auto_signaltap_0|sld_signaltap_impl:sld_signaltap_body|sld_signaltap_implb:sld_signaltap_body|sld_ela_control:ela_control|sld_ela_trigger_flow_mgr:\builtin:ela_trigger_flow_mgr_entity|lpm_shiftreg:trigger_config_deserialize|dffs[1]                               ; altera_reserved_tck ; altera_reserved_tck ; 100.000      ; -0.084     ; 4.148      ;
; 95.789 ; sld_signaltap:auto_signaltap_0|sld_signaltap_impl:sld_signaltap_body|sld_signaltap_implb:sld_signaltap_body|reset_all ; sld_signaltap:auto_signaltap_0|sld_signaltap_impl:sld_signaltap_body|sld_signaltap_implb:sld_signaltap_body|sld_ela_control:ela_control|sld_ela_trigger_flow_mgr:\builtin:ela_trigger_flow_mgr_entity|lpm_shiftreg:trigger_config_deserialize|dffs[2]                               ; altera_reserved_tck ; altera_reserved_tck ; 100.000      ; -0.084     ; 4.148      ;
; 95.789 ; sld_signaltap:auto_signaltap_0|sld_signaltap_impl:sld_signaltap_body|sld_signaltap_implb:sld_signaltap_body|reset_all ; sld_signaltap:auto_signaltap_0|sld_signaltap_impl:sld_signaltap_body|sld_signaltap_implb:sld_signaltap_body|sld_ela_control:ela_control|sld_ela_trigger_flow_mgr:\builtin:ela_trigger_flow_mgr_entity|lpm_shiftreg:trigger_config_deserialize|dffs[3]                               ; altera_reserved_tck ; altera_reserved_tck ; 100.000      ; -0.084     ; 4.148      ;
; 95.789 ; sld_signaltap:auto_signaltap_0|sld_signaltap_impl:sld_signaltap_body|sld_signaltap_implb:sld_signaltap_body|reset_all ; sld_signaltap:auto_signaltap_0|sld_signaltap_impl:sld_signaltap_body|sld_signaltap_implb:sld_signaltap_body|sld_ela_control:ela_control|sld_ela_trigger_flow_mgr:\builtin:ela_trigger_flow_mgr_entity|lpm_shiftreg:trigger_config_deserialize|dffs[4]                               ; altera_reserved_tck ; altera_reserved_tck ; 100.000      ; -0.084     ; 4.148      ;
; 95.789 ; sld_signaltap:auto_signaltap_0|sld_signaltap_impl:sld_signaltap_body|sld_signaltap_implb:sld_signaltap_body|reset_all ; sld_signaltap:auto_signaltap_0|sld_signaltap_impl:sld_signaltap_body|sld_signaltap_implb:sld_signaltap_body|sld_ela_control:ela_control|sld_ela_trigger_flow_mgr:\builtin:ela_trigger_flow_mgr_entity|lpm_shiftreg:trigger_config_deserialize|dffs[5]                               ; altera_reserved_tck ; altera_reserved_tck ; 100.000      ; -0.084     ; 4.148      ;
; 95.789 ; sld_signaltap:auto_signaltap_0|sld_signaltap_impl:sld_signaltap_body|sld_signaltap_implb:sld_signaltap_body|reset_all ; sld_signaltap:auto_signaltap_0|sld_signaltap_impl:sld_signaltap_body|sld_signaltap_implb:sld_signaltap_body|sld_ela_control:ela_control|sld_ela_basic_multi_level_trigger:\basic_multi_level_mbpm_trigger_gen:multi_level_mbpm|lpm_shiftreg:trigger_condition_deserialize|dffs[38]  ; altera_reserved_tck ; altera_reserved_tck ; 100.000      ; -0.105     ; 4.127      ;
; 95.789 ; sld_signaltap:auto_signaltap_0|sld_signaltap_impl:sld_signaltap_body|sld_signaltap_implb:sld_signaltap_body|reset_all ; sld_signaltap:auto_signaltap_0|sld_signaltap_impl:sld_signaltap_body|sld_signaltap_implb:sld_signaltap_body|sld_ela_control:ela_control|sld_ela_basic_multi_level_trigger:\basic_multi_level_mbpm_trigger_gen:multi_level_mbpm|lpm_shiftreg:trigger_condition_deserialize|dffs[39]  ; altera_reserved_tck ; altera_reserved_tck ; 100.000      ; -0.105     ; 4.127      ;
; 95.789 ; sld_signaltap:auto_signaltap_0|sld_signaltap_impl:sld_signaltap_body|sld_signaltap_implb:sld_signaltap_body|reset_all ; sld_signaltap:auto_signaltap_0|sld_signaltap_impl:sld_signaltap_body|sld_signaltap_implb:sld_signaltap_body|sld_ela_control:ela_control|sld_ela_basic_multi_level_trigger:\basic_multi_level_mbpm_trigger_gen:multi_level_mbpm|lpm_shiftreg:trigger_condition_deserialize|dffs[40]  ; altera_reserved_tck ; altera_reserved_tck ; 100.000      ; -0.105     ; 4.127      ;
; 95.789 ; sld_signaltap:auto_signaltap_0|sld_signaltap_impl:sld_signaltap_body|sld_signaltap_implb:sld_signaltap_body|reset_all ; sld_signaltap:auto_signaltap_0|sld_signaltap_impl:sld_signaltap_body|sld_signaltap_implb:sld_signaltap_body|sld_ela_control:ela_control|sld_ela_basic_multi_level_trigger:\basic_multi_level_mbpm_trigger_gen:multi_level_mbpm|lpm_shiftreg:trigger_condition_deserialize|dffs[41]  ; altera_reserved_tck ; altera_reserved_tck ; 100.000      ; -0.105     ; 4.127      ;
; 95.789 ; sld_signaltap:auto_signaltap_0|sld_signaltap_impl:sld_signaltap_body|sld_signaltap_implb:sld_signaltap_body|reset_all ; sld_signaltap:auto_signaltap_0|sld_signaltap_impl:sld_signaltap_body|sld_signaltap_implb:sld_signaltap_body|sld_ela_control:ela_control|sld_ela_basic_multi_level_trigger:\basic_multi_level_mbpm_trigger_gen:multi_level_mbpm|lpm_shiftreg:trigger_condition_deserialize|dffs[42]  ; altera_reserved_tck ; altera_reserved_tck ; 100.000      ; -0.105     ; 4.127      ;
; 95.789 ; sld_signaltap:auto_signaltap_0|sld_signaltap_impl:sld_signaltap_body|sld_signaltap_implb:sld_signaltap_body|reset_all ; sld_signaltap:auto_signaltap_0|sld_signaltap_impl:sld_signaltap_body|sld_signaltap_implb:sld_signaltap_body|sld_ela_control:ela_control|sld_ela_basic_multi_level_trigger:\basic_multi_level_mbpm_trigger_gen:multi_level_mbpm|lpm_shiftreg:trigger_condition_deserialize|dffs[43]  ; altera_reserved_tck ; altera_reserved_tck ; 100.000      ; -0.105     ; 4.127      ;
; 95.789 ; sld_signaltap:auto_signaltap_0|sld_signaltap_impl:sld_signaltap_body|sld_signaltap_implb:sld_signaltap_body|reset_all ; sld_signaltap:auto_signaltap_0|sld_signaltap_impl:sld_signaltap_body|sld_signaltap_implb:sld_signaltap_body|sld_ela_control:ela_control|sld_ela_basic_multi_level_trigger:\basic_multi_level_mbpm_trigger_gen:multi_level_mbpm|lpm_shiftreg:trigger_condition_deserialize|dffs[44]  ; altera_reserved_tck ; altera_reserved_tck ; 100.000      ; -0.105     ; 4.127      ;
; 95.789 ; sld_signaltap:auto_signaltap_0|sld_signaltap_impl:sld_signaltap_body|sld_signaltap_implb:sld_signaltap_body|reset_all ; sld_signaltap:auto_signaltap_0|sld_signaltap_impl:sld_signaltap_body|sld_signaltap_implb:sld_signaltap_body|sld_ela_control:ela_control|sld_ela_basic_multi_level_trigger:\basic_multi_level_mbpm_trigger_gen:multi_level_mbpm|lpm_shiftreg:trigger_condition_deserialize|dffs[45]  ; altera_reserved_tck ; altera_reserved_tck ; 100.000      ; -0.086     ; 4.146      ;
; 95.789 ; sld_signaltap:auto_signaltap_0|sld_signaltap_impl:sld_signaltap_body|sld_signaltap_implb:sld_signaltap_body|reset_all ; sld_signaltap:auto_signaltap_0|sld_signaltap_impl:sld_signaltap_body|sld_signaltap_implb:sld_signaltap_body|sld_ela_control:ela_control|sld_ela_basic_multi_level_trigger:\basic_multi_level_mbpm_trigger_gen:multi_level_mbpm|lpm_shiftreg:trigger_condition_deserialize|dffs[46]  ; altera_reserved_tck ; altera_reserved_tck ; 100.000      ; -0.086     ; 4.146      ;
; 95.789 ; sld_signaltap:auto_signaltap_0|sld_signaltap_impl:sld_signaltap_body|sld_signaltap_implb:sld_signaltap_body|reset_all ; sld_signaltap:auto_signaltap_0|sld_signaltap_impl:sld_signaltap_body|sld_signaltap_implb:sld_signaltap_body|sld_ela_control:ela_control|sld_ela_basic_multi_level_trigger:\basic_multi_level_mbpm_trigger_gen:multi_level_mbpm|lpm_shiftreg:trigger_condition_deserialize|dffs[47]  ; altera_reserved_tck ; altera_reserved_tck ; 100.000      ; -0.086     ; 4.146      ;
; 95.789 ; sld_signaltap:auto_signaltap_0|sld_signaltap_impl:sld_signaltap_body|sld_signaltap_implb:sld_signaltap_body|reset_all ; sld_signaltap:auto_signaltap_0|sld_signaltap_impl:sld_signaltap_body|sld_signaltap_implb:sld_signaltap_body|sld_ela_control:ela_control|sld_ela_basic_multi_level_trigger:\basic_multi_level_mbpm_trigger_gen:multi_level_mbpm|lpm_shiftreg:trigger_condition_deserialize|dffs[48]  ; altera_reserved_tck ; altera_reserved_tck ; 100.000      ; -0.086     ; 4.146      ;
; 95.789 ; sld_signaltap:auto_signaltap_0|sld_signaltap_impl:sld_signaltap_body|sld_signaltap_implb:sld_signaltap_body|reset_all ; sld_signaltap:auto_signaltap_0|sld_signaltap_impl:sld_signaltap_body|sld_signaltap_implb:sld_signaltap_body|sld_ela_control:ela_control|sld_ela_basic_multi_level_trigger:\basic_multi_level_mbpm_trigger_gen:multi_level_mbpm|lpm_shiftreg:trigger_condition_deserialize|dffs[49]  ; altera_reserved_tck ; altera_reserved_tck ; 100.000      ; -0.086     ; 4.146      ;
; 95.789 ; sld_signaltap:auto_signaltap_0|sld_signaltap_impl:sld_signaltap_body|sld_signaltap_implb:sld_signaltap_body|reset_all ; sld_signaltap:auto_signaltap_0|sld_signaltap_impl:sld_signaltap_body|sld_signaltap_implb:sld_signaltap_body|sld_ela_control:ela_control|sld_ela_basic_multi_level_trigger:\basic_multi_level_mbpm_trigger_gen:multi_level_mbpm|lpm_shiftreg:trigger_condition_deserialize|dffs[50]  ; altera_reserved_tck ; altera_reserved_tck ; 100.000      ; -0.086     ; 4.146      ;
; 95.789 ; sld_signaltap:auto_signaltap_0|sld_signaltap_impl:sld_signaltap_body|sld_signaltap_implb:sld_signaltap_body|reset_all ; sld_signaltap:auto_signaltap_0|sld_signaltap_impl:sld_signaltap_body|sld_signaltap_implb:sld_signaltap_body|sld_ela_control:ela_control|sld_ela_basic_multi_level_trigger:\basic_multi_level_mbpm_trigger_gen:multi_level_mbpm|lpm_shiftreg:trigger_condition_deserialize|dffs[51]  ; altera_reserved_tck ; altera_reserved_tck ; 100.000      ; -0.086     ; 4.146      ;
; 95.789 ; sld_signaltap:auto_signaltap_0|sld_signaltap_impl:sld_signaltap_body|sld_signaltap_implb:sld_signaltap_body|reset_all ; sld_signaltap:auto_signaltap_0|sld_signaltap_impl:sld_signaltap_body|sld_signaltap_implb:sld_signaltap_body|sld_ela_control:ela_control|sld_ela_basic_multi_level_trigger:\basic_multi_level_mbpm_trigger_gen:multi_level_mbpm|lpm_shiftreg:trigger_condition_deserialize|dffs[52]  ; altera_reserved_tck ; altera_reserved_tck ; 100.000      ; -0.086     ; 4.146      ;
; 95.789 ; sld_signaltap:auto_signaltap_0|sld_signaltap_impl:sld_signaltap_body|sld_signaltap_implb:sld_signaltap_body|reset_all ; sld_signaltap:auto_signaltap_0|sld_signaltap_impl:sld_signaltap_body|sld_signaltap_implb:sld_signaltap_body|sld_ela_control:ela_control|sld_ela_basic_multi_level_trigger:\basic_multi_level_mbpm_trigger_gen:multi_level_mbpm|lpm_shiftreg:trigger_condition_deserialize|dffs[99]  ; altera_reserved_tck ; altera_reserved_tck ; 100.000      ; -0.087     ; 4.145      ;
; 95.789 ; sld_signaltap:auto_signaltap_0|sld_signaltap_impl:sld_signaltap_body|sld_signaltap_implb:sld_signaltap_body|reset_all ; sld_signaltap:auto_signaltap_0|sld_signaltap_impl:sld_signaltap_body|sld_signaltap_implb:sld_signaltap_body|sld_ela_control:ela_control|sld_ela_basic_multi_level_trigger:\basic_multi_level_mbpm_trigger_gen:multi_level_mbpm|lpm_shiftreg:trigger_condition_deserialize|dffs[100] ; altera_reserved_tck ; altera_reserved_tck ; 100.000      ; -0.087     ; 4.145      ;
; 95.789 ; sld_signaltap:auto_signaltap_0|sld_signaltap_impl:sld_signaltap_body|sld_signaltap_implb:sld_signaltap_body|reset_all ; sld_signaltap:auto_signaltap_0|sld_signaltap_impl:sld_signaltap_body|sld_signaltap_implb:sld_signaltap_body|sld_ela_control:ela_control|sld_ela_basic_multi_level_trigger:\basic_multi_level_mbpm_trigger_gen:multi_level_mbpm|lpm_shiftreg:trigger_condition_deserialize|dffs[101] ; altera_reserved_tck ; altera_reserved_tck ; 100.000      ; -0.087     ; 4.145      ;
; 95.789 ; sld_signaltap:auto_signaltap_0|sld_signaltap_impl:sld_signaltap_body|sld_signaltap_implb:sld_signaltap_body|reset_all ; sld_signaltap:auto_signaltap_0|sld_signaltap_impl:sld_signaltap_body|sld_signaltap_implb:sld_signaltap_body|sld_ela_control:ela_control|sld_ela_basic_multi_level_trigger:\basic_multi_level_mbpm_trigger_gen:multi_level_mbpm|lpm_shiftreg:trigger_condition_deserialize|dffs[102] ; altera_reserved_tck ; altera_reserved_tck ; 100.000      ; -0.087     ; 4.145      ;
; 95.789 ; sld_signaltap:auto_signaltap_0|sld_signaltap_impl:sld_signaltap_body|sld_signaltap_implb:sld_signaltap_body|reset_all ; sld_signaltap:auto_signaltap_0|sld_signaltap_impl:sld_signaltap_body|sld_signaltap_implb:sld_signaltap_body|sld_ela_control:ela_control|sld_ela_basic_multi_level_trigger:\basic_multi_level_mbpm_trigger_gen:multi_level_mbpm|lpm_shiftreg:trigger_condition_deserialize|dffs[103] ; altera_reserved_tck ; altera_reserved_tck ; 100.000      ; -0.087     ; 4.145      ;
; 95.789 ; sld_signaltap:auto_signaltap_0|sld_signaltap_impl:sld_signaltap_body|sld_signaltap_implb:sld_signaltap_body|reset_all ; sld_signaltap:auto_signaltap_0|sld_signaltap_impl:sld_signaltap_body|sld_signaltap_implb:sld_signaltap_body|sld_ela_control:ela_control|sld_ela_basic_multi_level_trigger:\basic_multi_level_mbpm_trigger_gen:multi_level_mbpm|lpm_shiftreg:trigger_condition_deserialize|dffs[104] ; altera_reserved_tck ; altera_reserved_tck ; 100.000      ; -0.087     ; 4.145      ;
; 95.789 ; sld_signaltap:auto_signaltap_0|sld_signaltap_impl:sld_signaltap_body|sld_signaltap_implb:sld_signaltap_body|reset_all ; sld_signaltap:auto_signaltap_0|sld_signaltap_impl:sld_signaltap_body|sld_signaltap_implb:sld_signaltap_body|sld_ela_control:ela_control|sld_ela_basic_multi_level_trigger:\basic_multi_level_mbpm_trigger_gen:multi_level_mbpm|lpm_shiftreg:trigger_condition_deserialize|dffs[105] ; altera_reserved_tck ; altera_reserved_tck ; 100.000      ; -0.087     ; 4.145      ;
; 95.789 ; sld_signaltap:auto_signaltap_0|sld_signaltap_impl:sld_signaltap_body|sld_signaltap_implb:sld_signaltap_body|reset_all ; sld_signaltap:auto_signaltap_0|sld_signaltap_impl:sld_signaltap_body|sld_signaltap_implb:sld_signaltap_body|sld_ela_control:ela_control|sld_ela_basic_multi_level_trigger:\basic_multi_level_mbpm_trigger_gen:multi_level_mbpm|lpm_shiftreg:trigger_condition_deserialize|dffs[106] ; altera_reserved_tck ; altera_reserved_tck ; 100.000      ; -0.087     ; 4.145      ;
; 95.789 ; sld_signaltap:auto_signaltap_0|sld_signaltap_impl:sld_signaltap_body|sld_signaltap_implb:sld_signaltap_body|reset_all ; sld_signaltap:auto_signaltap_0|sld_signaltap_impl:sld_signaltap_body|sld_signaltap_implb:sld_signaltap_body|sld_ela_control:ela_control|sld_ela_basic_multi_level_trigger:\basic_multi_level_mbpm_trigger_gen:multi_level_mbpm|lpm_shiftreg:trigger_condition_deserialize|dffs[107] ; altera_reserved_tck ; altera_reserved_tck ; 100.000      ; -0.077     ; 4.155      ;
; 95.790 ; sld_signaltap:auto_signaltap_0|sld_signaltap_impl:sld_signaltap_body|sld_signaltap_implb:sld_signaltap_body|reset_all ; sld_signaltap:auto_signaltap_0|sld_signaltap_impl:sld_signaltap_body|sld_signaltap_implb:sld_signaltap_body|sld_offload_buffer_mgr:\stp_non_zero_depth_offload_gen:stp_offload_buff_mgr_inst|lpm_shiftreg:status_data_shift_out|dffs[1]                                             ; altera_reserved_tck ; altera_reserved_tck ; 100.000      ; -0.098     ; 4.133      ;
; 95.790 ; sld_signaltap:auto_signaltap_0|sld_signaltap_impl:sld_signaltap_body|sld_signaltap_implb:sld_signaltap_body|reset_all ; sld_signaltap:auto_signaltap_0|sld_signaltap_impl:sld_signaltap_body|sld_signaltap_implb:sld_signaltap_body|sld_offload_buffer_mgr:\stp_non_zero_depth_offload_gen:stp_offload_buff_mgr_inst|lpm_shiftreg:status_data_shift_out|dffs[2]                                             ; altera_reserved_tck ; altera_reserved_tck ; 100.000      ; -0.098     ; 4.133      ;
; 95.790 ; sld_signaltap:auto_signaltap_0|sld_signaltap_impl:sld_signaltap_body|sld_signaltap_implb:sld_signaltap_body|reset_all ; sld_signaltap:auto_signaltap_0|sld_signaltap_impl:sld_signaltap_body|sld_signaltap_implb:sld_signaltap_body|sld_offload_buffer_mgr:\stp_non_zero_depth_offload_gen:stp_offload_buff_mgr_inst|lpm_shiftreg:status_data_shift_out|dffs[3]                                             ; altera_reserved_tck ; altera_reserved_tck ; 100.000      ; -0.098     ; 4.133      ;
; 95.790 ; sld_signaltap:auto_signaltap_0|sld_signaltap_impl:sld_signaltap_body|sld_signaltap_implb:sld_signaltap_body|reset_all ; sld_signaltap:auto_signaltap_0|sld_signaltap_impl:sld_signaltap_body|sld_signaltap_implb:sld_signaltap_body|sld_offload_buffer_mgr:\stp_non_zero_depth_offload_gen:stp_offload_buff_mgr_inst|lpm_shiftreg:status_data_shift_out|dffs[4]                                             ; altera_reserved_tck ; altera_reserved_tck ; 100.000      ; -0.098     ; 4.133      ;
; 95.790 ; sld_signaltap:auto_signaltap_0|sld_signaltap_impl:sld_signaltap_body|sld_signaltap_implb:sld_signaltap_body|reset_all ; sld_signaltap:auto_signaltap_0|sld_signaltap_impl:sld_signaltap_body|sld_signaltap_implb:sld_signaltap_body|sld_offload_buffer_mgr:\stp_non_zero_depth_offload_gen:stp_offload_buff_mgr_inst|lpm_shiftreg:status_data_shift_out|dffs[5]                                             ; altera_reserved_tck ; altera_reserved_tck ; 100.000      ; -0.098     ; 4.133      ;
; 95.790 ; sld_signaltap:auto_signaltap_0|sld_signaltap_impl:sld_signaltap_body|sld_signaltap_implb:sld_signaltap_body|reset_all ; sld_signaltap:auto_signaltap_0|sld_signaltap_impl:sld_signaltap_body|sld_signaltap_implb:sld_signaltap_body|sld_offload_buffer_mgr:\stp_non_zero_depth_offload_gen:stp_offload_buff_mgr_inst|lpm_shiftreg:status_data_shift_out|dffs[6]                                             ; altera_reserved_tck ; altera_reserved_tck ; 100.000      ; -0.098     ; 4.133      ;
; 95.790 ; sld_signaltap:auto_signaltap_0|sld_signaltap_impl:sld_signaltap_body|sld_signaltap_implb:sld_signaltap_body|reset_all ; sld_signaltap:auto_signaltap_0|sld_signaltap_impl:sld_signaltap_body|sld_signaltap_implb:sld_signaltap_body|sld_offload_buffer_mgr:\stp_non_zero_depth_offload_gen:stp_offload_buff_mgr_inst|lpm_shiftreg:status_data_shift_out|dffs[7]                                             ; altera_reserved_tck ; altera_reserved_tck ; 100.000      ; -0.098     ; 4.133      ;
; 95.790 ; sld_signaltap:auto_signaltap_0|sld_signaltap_impl:sld_signaltap_body|sld_signaltap_implb:sld_signaltap_body|reset_all ; sld_signaltap:auto_signaltap_0|sld_signaltap_impl:sld_signaltap_body|sld_signaltap_implb:sld_signaltap_body|sld_offload_buffer_mgr:\stp_non_zero_depth_offload_gen:stp_offload_buff_mgr_inst|lpm_shiftreg:ram_data_shift_out|dffs[0]                                                ; altera_reserved_tck ; altera_reserved_tck ; 100.000      ; -0.094     ; 4.137      ;
; 95.790 ; sld_signaltap:auto_signaltap_0|sld_signaltap_impl:sld_signaltap_body|sld_signaltap_implb:sld_signaltap_body|reset_all ; sld_signaltap:auto_signaltap_0|sld_signaltap_impl:sld_signaltap_body|sld_signaltap_implb:sld_signaltap_body|sld_offload_buffer_mgr:\stp_non_zero_depth_offload_gen:stp_offload_buff_mgr_inst|lpm_shiftreg:ram_data_shift_out|dffs[1]                                                ; altera_reserved_tck ; altera_reserved_tck ; 100.000      ; -0.094     ; 4.137      ;
; 95.790 ; sld_signaltap:auto_signaltap_0|sld_signaltap_impl:sld_signaltap_body|sld_signaltap_implb:sld_signaltap_body|reset_all ; sld_signaltap:auto_signaltap_0|sld_signaltap_impl:sld_signaltap_body|sld_signaltap_implb:sld_signaltap_body|sld_offload_buffer_mgr:\stp_non_zero_depth_offload_gen:stp_offload_buff_mgr_inst|lpm_shiftreg:ram_data_shift_out|dffs[2]                                                ; altera_reserved_tck ; altera_reserved_tck ; 100.000      ; -0.094     ; 4.137      ;
; 95.790 ; sld_signaltap:auto_signaltap_0|sld_signaltap_impl:sld_signaltap_body|sld_signaltap_implb:sld_signaltap_body|reset_all ; sld_signaltap:auto_signaltap_0|sld_signaltap_impl:sld_signaltap_body|sld_signaltap_implb:sld_signaltap_body|sld_offload_buffer_mgr:\stp_non_zero_depth_offload_gen:stp_offload_buff_mgr_inst|lpm_shiftreg:ram_data_shift_out|dffs[3]                                                ; altera_reserved_tck ; altera_reserved_tck ; 100.000      ; -0.094     ; 4.137      ;
; 95.790 ; sld_signaltap:auto_signaltap_0|sld_signaltap_impl:sld_signaltap_body|sld_signaltap_implb:sld_signaltap_body|reset_all ; sld_signaltap:auto_signaltap_0|sld_signaltap_impl:sld_signaltap_body|sld_signaltap_implb:sld_signaltap_body|sld_offload_buffer_mgr:\stp_non_zero_depth_offload_gen:stp_offload_buff_mgr_inst|lpm_shiftreg:ram_data_shift_out|dffs[4]                                                ; altera_reserved_tck ; altera_reserved_tck ; 100.000      ; -0.094     ; 4.137      ;
; 95.790 ; sld_signaltap:auto_signaltap_0|sld_signaltap_impl:sld_signaltap_body|sld_signaltap_implb:sld_signaltap_body|reset_all ; sld_signaltap:auto_signaltap_0|sld_signaltap_impl:sld_signaltap_body|sld_signaltap_implb:sld_signaltap_body|sld_offload_buffer_mgr:\stp_non_zero_depth_offload_gen:stp_offload_buff_mgr_inst|lpm_shiftreg:ram_data_shift_out|dffs[5]                                                ; altera_reserved_tck ; altera_reserved_tck ; 100.000      ; -0.094     ; 4.137      ;
; 95.790 ; sld_signaltap:auto_signaltap_0|sld_signaltap_impl:sld_signaltap_body|sld_signaltap_implb:sld_signaltap_body|reset_all ; sld_signaltap:auto_signaltap_0|sld_signaltap_impl:sld_signaltap_body|sld_signaltap_implb:sld_signaltap_body|sld_offload_buffer_mgr:\stp_non_zero_depth_offload_gen:stp_offload_buff_mgr_inst|lpm_shiftreg:ram_data_shift_out|dffs[6]                                                ; altera_reserved_tck ; altera_reserved_tck ; 100.000      ; -0.094     ; 4.137      ;
; 95.790 ; sld_signaltap:auto_signaltap_0|sld_signaltap_impl:sld_signaltap_body|sld_signaltap_implb:sld_signaltap_body|reset_all ; sld_signaltap:auto_signaltap_0|sld_signaltap_impl:sld_signaltap_body|sld_signaltap_implb:sld_signaltap_body|sld_offload_buffer_mgr:\stp_non_zero_depth_offload_gen:stp_offload_buff_mgr_inst|lpm_shiftreg:ram_data_shift_out|dffs[7]                                                ; altera_reserved_tck ; altera_reserved_tck ; 100.000      ; -0.094     ; 4.137      ;
+--------+-----------------------------------------------------------------------------------------------------------------------+-------------------------------------------------------------------------------------------------------------------------------------------------------------------------------------------------------------------------------------------------------------------------------------+---------------------+---------------------+--------------+------------+------------+


+-----------------------------------------------------------------------------------------------------------------------------------------------------------------------------------------------------------------------------------------------------------------------------------------------------------------------------------------------------------------------------------------------------------------------------------------------------------------------------------------------------------------------------------------------------------------------------------------------------------------------------------------------------------------------------------------------------------------------------------------------------------------------------------------------+
; Slow 1200mV 85C Model Removal: 'altera_reserved_tck'                                                                                                                                                                                                                                                                                                                                                                                                                                                                                                                                                                                                                                                                                                                                          ;
+-------+-----------------------------------------------------------------------------------------------------------------------------------------------------------------------------------------------------------------------------------------------------------------------------------------------------------------------------------------------------+--------------------------------------------------------------------------------------------------------------------------------------------------------------------------------------------------------------------------------------------------------------------------------------------------------------------------------------------+---------------------+---------------------+--------------+------------+------------+
; Slack ; From Node                                                                                                                                                                                                                                                                                                                                           ; To Node                                                                                                                                                                                                                                                                                                                                    ; Launch Clock        ; Latch Clock         ; Relationship ; Clock Skew ; Data Delay ;
+-------+-----------------------------------------------------------------------------------------------------------------------------------------------------------------------------------------------------------------------------------------------------------------------------------------------------------------------------------------------------+--------------------------------------------------------------------------------------------------------------------------------------------------------------------------------------------------------------------------------------------------------------------------------------------------------------------------------------------+---------------------+---------------------+--------------+------------+------------+
; 1.128 ; sld_hub:auto_hub|alt_sld_fab_with_jtag_input:\instrumentation_fabric_with_node_gen:fabric_gen_new_way:with_jtag_input_gen:instrumentation_fabric|alt_sld_fab:instrumentation_fabric|alt_sld_fab_alt_sld_fab:alt_sld_fab|alt_sld_fab_alt_sld_fab_sldfabric:sldfabric|sld_jtag_hub:\jtag_hub_gen:real_sld_jtag_hub|clr_reg                            ; sld_hub:auto_hub|alt_sld_fab_with_jtag_input:\instrumentation_fabric_with_node_gen:fabric_gen_new_way:with_jtag_input_gen:instrumentation_fabric|alt_sld_fab:instrumentation_fabric|alt_sld_fab_alt_sld_fab:alt_sld_fab|splitter_nodes_receive_0[3]                                                                                        ; altera_reserved_tck ; altera_reserved_tck ; 0.000        ; 0.081      ; 1.421      ;
; 1.692 ; sld_hub:auto_hub|alt_sld_fab_with_jtag_input:\instrumentation_fabric_with_node_gen:fabric_gen_new_way:with_jtag_input_gen:instrumentation_fabric|alt_sld_fab:instrumentation_fabric|alt_sld_fab_alt_sld_fab:alt_sld_fab|alt_sld_fab_alt_sld_fab_sldfabric:sldfabric|sld_jtag_hub:\jtag_hub_gen:real_sld_jtag_hub|sld_shadow_jsm:shadow_jsm|state[0] ; sld_hub:auto_hub|alt_sld_fab_with_jtag_input:\instrumentation_fabric_with_node_gen:fabric_gen_new_way:with_jtag_input_gen:instrumentation_fabric|alt_sld_fab:instrumentation_fabric|alt_sld_fab_alt_sld_fab:alt_sld_fab|alt_sld_fab_alt_sld_fab_sldfabric:sldfabric|sld_jtag_hub:\jtag_hub_gen:real_sld_jtag_hub|virtual_dr_scan_reg       ; altera_reserved_tck ; altera_reserved_tck ; 0.000        ; 0.087      ; 1.991      ;
; 1.692 ; sld_hub:auto_hub|alt_sld_fab_with_jtag_input:\instrumentation_fabric_with_node_gen:fabric_gen_new_way:with_jtag_input_gen:instrumentation_fabric|alt_sld_fab:instrumentation_fabric|alt_sld_fab_alt_sld_fab:alt_sld_fab|alt_sld_fab_alt_sld_fab_sldfabric:sldfabric|sld_jtag_hub:\jtag_hub_gen:real_sld_jtag_hub|sld_shadow_jsm:shadow_jsm|state[0] ; sld_hub:auto_hub|alt_sld_fab_with_jtag_input:\instrumentation_fabric_with_node_gen:fabric_gen_new_way:with_jtag_input_gen:instrumentation_fabric|alt_sld_fab:instrumentation_fabric|alt_sld_fab_alt_sld_fab:alt_sld_fab|alt_sld_fab_alt_sld_fab_sldfabric:sldfabric|sld_jtag_hub:\jtag_hub_gen:real_sld_jtag_hub|virtual_ir_scan_reg       ; altera_reserved_tck ; altera_reserved_tck ; 0.000        ; 0.087      ; 1.991      ;
; 1.709 ; sld_hub:auto_hub|alt_sld_fab_with_jtag_input:\instrumentation_fabric_with_node_gen:fabric_gen_new_way:with_jtag_input_gen:instrumentation_fabric|alt_sld_fab:instrumentation_fabric|alt_sld_fab_alt_sld_fab:alt_sld_fab|alt_sld_fab_alt_sld_fab_sldfabric:sldfabric|sld_jtag_hub:\jtag_hub_gen:real_sld_jtag_hub|sld_shadow_jsm:shadow_jsm|state[0] ; sld_hub:auto_hub|alt_sld_fab_with_jtag_input:\instrumentation_fabric_with_node_gen:fabric_gen_new_way:with_jtag_input_gen:instrumentation_fabric|alt_sld_fab:instrumentation_fabric|alt_sld_fab_alt_sld_fab:alt_sld_fab|alt_sld_fab_alt_sld_fab_sldfabric:sldfabric|sld_jtag_hub:\jtag_hub_gen:real_sld_jtag_hub|jtag_ir_reg[0]            ; altera_reserved_tck ; altera_reserved_tck ; 0.000        ; 0.087      ; 2.008      ;
; 1.709 ; sld_hub:auto_hub|alt_sld_fab_with_jtag_input:\instrumentation_fabric_with_node_gen:fabric_gen_new_way:with_jtag_input_gen:instrumentation_fabric|alt_sld_fab:instrumentation_fabric|alt_sld_fab_alt_sld_fab:alt_sld_fab|alt_sld_fab_alt_sld_fab_sldfabric:sldfabric|sld_jtag_hub:\jtag_hub_gen:real_sld_jtag_hub|sld_shadow_jsm:shadow_jsm|state[0] ; sld_hub:auto_hub|alt_sld_fab_with_jtag_input:\instrumentation_fabric_with_node_gen:fabric_gen_new_way:with_jtag_input_gen:instrumentation_fabric|alt_sld_fab:instrumentation_fabric|alt_sld_fab_alt_sld_fab:alt_sld_fab|alt_sld_fab_alt_sld_fab_sldfabric:sldfabric|sld_jtag_hub:\jtag_hub_gen:real_sld_jtag_hub|jtag_ir_reg[1]            ; altera_reserved_tck ; altera_reserved_tck ; 0.000        ; 0.087      ; 2.008      ;
; 1.709 ; sld_hub:auto_hub|alt_sld_fab_with_jtag_input:\instrumentation_fabric_with_node_gen:fabric_gen_new_way:with_jtag_input_gen:instrumentation_fabric|alt_sld_fab:instrumentation_fabric|alt_sld_fab_alt_sld_fab:alt_sld_fab|alt_sld_fab_alt_sld_fab_sldfabric:sldfabric|sld_jtag_hub:\jtag_hub_gen:real_sld_jtag_hub|sld_shadow_jsm:shadow_jsm|state[0] ; sld_hub:auto_hub|alt_sld_fab_with_jtag_input:\instrumentation_fabric_with_node_gen:fabric_gen_new_way:with_jtag_input_gen:instrumentation_fabric|alt_sld_fab:instrumentation_fabric|alt_sld_fab_alt_sld_fab:alt_sld_fab|alt_sld_fab_alt_sld_fab_sldfabric:sldfabric|sld_jtag_hub:\jtag_hub_gen:real_sld_jtag_hub|jtag_ir_reg[2]            ; altera_reserved_tck ; altera_reserved_tck ; 0.000        ; 0.087      ; 2.008      ;
; 1.709 ; sld_hub:auto_hub|alt_sld_fab_with_jtag_input:\instrumentation_fabric_with_node_gen:fabric_gen_new_way:with_jtag_input_gen:instrumentation_fabric|alt_sld_fab:instrumentation_fabric|alt_sld_fab_alt_sld_fab:alt_sld_fab|alt_sld_fab_alt_sld_fab_sldfabric:sldfabric|sld_jtag_hub:\jtag_hub_gen:real_sld_jtag_hub|sld_shadow_jsm:shadow_jsm|state[0] ; sld_hub:auto_hub|alt_sld_fab_with_jtag_input:\instrumentation_fabric_with_node_gen:fabric_gen_new_way:with_jtag_input_gen:instrumentation_fabric|alt_sld_fab:instrumentation_fabric|alt_sld_fab_alt_sld_fab:alt_sld_fab|alt_sld_fab_alt_sld_fab_sldfabric:sldfabric|sld_jtag_hub:\jtag_hub_gen:real_sld_jtag_hub|jtag_ir_reg[3]            ; altera_reserved_tck ; altera_reserved_tck ; 0.000        ; 0.087      ; 2.008      ;
; 1.709 ; sld_hub:auto_hub|alt_sld_fab_with_jtag_input:\instrumentation_fabric_with_node_gen:fabric_gen_new_way:with_jtag_input_gen:instrumentation_fabric|alt_sld_fab:instrumentation_fabric|alt_sld_fab_alt_sld_fab:alt_sld_fab|alt_sld_fab_alt_sld_fab_sldfabric:sldfabric|sld_jtag_hub:\jtag_hub_gen:real_sld_jtag_hub|sld_shadow_jsm:shadow_jsm|state[0] ; sld_hub:auto_hub|alt_sld_fab_with_jtag_input:\instrumentation_fabric_with_node_gen:fabric_gen_new_way:with_jtag_input_gen:instrumentation_fabric|alt_sld_fab:instrumentation_fabric|alt_sld_fab_alt_sld_fab:alt_sld_fab|alt_sld_fab_alt_sld_fab_sldfabric:sldfabric|sld_jtag_hub:\jtag_hub_gen:real_sld_jtag_hub|jtag_ir_reg[4]            ; altera_reserved_tck ; altera_reserved_tck ; 0.000        ; 0.087      ; 2.008      ;
; 1.709 ; sld_hub:auto_hub|alt_sld_fab_with_jtag_input:\instrumentation_fabric_with_node_gen:fabric_gen_new_way:with_jtag_input_gen:instrumentation_fabric|alt_sld_fab:instrumentation_fabric|alt_sld_fab_alt_sld_fab:alt_sld_fab|alt_sld_fab_alt_sld_fab_sldfabric:sldfabric|sld_jtag_hub:\jtag_hub_gen:real_sld_jtag_hub|sld_shadow_jsm:shadow_jsm|state[0] ; sld_hub:auto_hub|alt_sld_fab_with_jtag_input:\instrumentation_fabric_with_node_gen:fabric_gen_new_way:with_jtag_input_gen:instrumentation_fabric|alt_sld_fab:instrumentation_fabric|alt_sld_fab_alt_sld_fab:alt_sld_fab|alt_sld_fab_alt_sld_fab_sldfabric:sldfabric|sld_jtag_hub:\jtag_hub_gen:real_sld_jtag_hub|jtag_ir_reg[5]            ; altera_reserved_tck ; altera_reserved_tck ; 0.000        ; 0.087      ; 2.008      ;
; 1.709 ; sld_hub:auto_hub|alt_sld_fab_with_jtag_input:\instrumentation_fabric_with_node_gen:fabric_gen_new_way:with_jtag_input_gen:instrumentation_fabric|alt_sld_fab:instrumentation_fabric|alt_sld_fab_alt_sld_fab:alt_sld_fab|alt_sld_fab_alt_sld_fab_sldfabric:sldfabric|sld_jtag_hub:\jtag_hub_gen:real_sld_jtag_hub|sld_shadow_jsm:shadow_jsm|state[0] ; sld_hub:auto_hub|alt_sld_fab_with_jtag_input:\instrumentation_fabric_with_node_gen:fabric_gen_new_way:with_jtag_input_gen:instrumentation_fabric|alt_sld_fab:instrumentation_fabric|alt_sld_fab_alt_sld_fab:alt_sld_fab|alt_sld_fab_alt_sld_fab_sldfabric:sldfabric|sld_jtag_hub:\jtag_hub_gen:real_sld_jtag_hub|jtag_ir_reg[6]            ; altera_reserved_tck ; altera_reserved_tck ; 0.000        ; 0.087      ; 2.008      ;
; 1.709 ; sld_hub:auto_hub|alt_sld_fab_with_jtag_input:\instrumentation_fabric_with_node_gen:fabric_gen_new_way:with_jtag_input_gen:instrumentation_fabric|alt_sld_fab:instrumentation_fabric|alt_sld_fab_alt_sld_fab:alt_sld_fab|alt_sld_fab_alt_sld_fab_sldfabric:sldfabric|sld_jtag_hub:\jtag_hub_gen:real_sld_jtag_hub|sld_shadow_jsm:shadow_jsm|state[0] ; sld_hub:auto_hub|alt_sld_fab_with_jtag_input:\instrumentation_fabric_with_node_gen:fabric_gen_new_way:with_jtag_input_gen:instrumentation_fabric|alt_sld_fab:instrumentation_fabric|alt_sld_fab_alt_sld_fab:alt_sld_fab|alt_sld_fab_alt_sld_fab_sldfabric:sldfabric|sld_jtag_hub:\jtag_hub_gen:real_sld_jtag_hub|jtag_ir_reg[7]            ; altera_reserved_tck ; altera_reserved_tck ; 0.000        ; 0.087      ; 2.008      ;
; 1.709 ; sld_hub:auto_hub|alt_sld_fab_with_jtag_input:\instrumentation_fabric_with_node_gen:fabric_gen_new_way:with_jtag_input_gen:instrumentation_fabric|alt_sld_fab:instrumentation_fabric|alt_sld_fab_alt_sld_fab:alt_sld_fab|alt_sld_fab_alt_sld_fab_sldfabric:sldfabric|sld_jtag_hub:\jtag_hub_gen:real_sld_jtag_hub|sld_shadow_jsm:shadow_jsm|state[0] ; sld_hub:auto_hub|alt_sld_fab_with_jtag_input:\instrumentation_fabric_with_node_gen:fabric_gen_new_way:with_jtag_input_gen:instrumentation_fabric|alt_sld_fab:instrumentation_fabric|alt_sld_fab_alt_sld_fab:alt_sld_fab|alt_sld_fab_alt_sld_fab_sldfabric:sldfabric|sld_jtag_hub:\jtag_hub_gen:real_sld_jtag_hub|jtag_ir_reg[8]            ; altera_reserved_tck ; altera_reserved_tck ; 0.000        ; 0.087      ; 2.008      ;
; 1.709 ; sld_hub:auto_hub|alt_sld_fab_with_jtag_input:\instrumentation_fabric_with_node_gen:fabric_gen_new_way:with_jtag_input_gen:instrumentation_fabric|alt_sld_fab:instrumentation_fabric|alt_sld_fab_alt_sld_fab:alt_sld_fab|alt_sld_fab_alt_sld_fab_sldfabric:sldfabric|sld_jtag_hub:\jtag_hub_gen:real_sld_jtag_hub|sld_shadow_jsm:shadow_jsm|state[0] ; sld_hub:auto_hub|alt_sld_fab_with_jtag_input:\instrumentation_fabric_with_node_gen:fabric_gen_new_way:with_jtag_input_gen:instrumentation_fabric|alt_sld_fab:instrumentation_fabric|alt_sld_fab_alt_sld_fab:alt_sld_fab|alt_sld_fab_alt_sld_fab_sldfabric:sldfabric|sld_jtag_hub:\jtag_hub_gen:real_sld_jtag_hub|jtag_ir_reg[9]            ; altera_reserved_tck ; altera_reserved_tck ; 0.000        ; 0.087      ; 2.008      ;
; 1.995 ; sld_hub:auto_hub|alt_sld_fab_with_jtag_input:\instrumentation_fabric_with_node_gen:fabric_gen_new_way:with_jtag_input_gen:instrumentation_fabric|alt_sld_fab:instrumentation_fabric|alt_sld_fab_alt_sld_fab:alt_sld_fab|alt_sld_fab_alt_sld_fab_sldfabric:sldfabric|sld_jtag_hub:\jtag_hub_gen:real_sld_jtag_hub|virtual_ir_scan_reg                ; sld_hub:auto_hub|alt_sld_fab_with_jtag_input:\instrumentation_fabric_with_node_gen:fabric_gen_new_way:with_jtag_input_gen:instrumentation_fabric|alt_sld_fab:instrumentation_fabric|alt_sld_fab_alt_sld_fab:alt_sld_fab|alt_sld_fab_alt_sld_fab_sldfabric:sldfabric|sld_jtag_hub:\jtag_hub_gen:real_sld_jtag_hub|hub_mode_reg[2]           ; altera_reserved_tck ; altera_reserved_tck ; 0.000        ; 0.086      ; 2.293      ;
; 2.042 ; sld_hub:auto_hub|alt_sld_fab_with_jtag_input:\instrumentation_fabric_with_node_gen:fabric_gen_new_way:with_jtag_input_gen:instrumentation_fabric|alt_sld_fab:instrumentation_fabric|alt_sld_fab_alt_sld_fab:alt_sld_fab|alt_sld_fab_alt_sld_fab_sldfabric:sldfabric|sld_jtag_hub:\jtag_hub_gen:real_sld_jtag_hub|clr_reg                            ; sld_hub:auto_hub|alt_sld_fab_with_jtag_input:\instrumentation_fabric_with_node_gen:fabric_gen_new_way:with_jtag_input_gen:instrumentation_fabric|alt_sld_fab:instrumentation_fabric|alt_sld_fab_alt_sld_fab:alt_sld_fab|alt_sld_fab_alt_sld_fab_sldfabric:sldfabric|sld_jtag_hub:\jtag_hub_gen:real_sld_jtag_hub|irsr_reg[3]               ; altera_reserved_tck ; altera_reserved_tck ; 0.000        ; 0.083      ; 2.337      ;
; 2.042 ; sld_hub:auto_hub|alt_sld_fab_with_jtag_input:\instrumentation_fabric_with_node_gen:fabric_gen_new_way:with_jtag_input_gen:instrumentation_fabric|alt_sld_fab:instrumentation_fabric|alt_sld_fab_alt_sld_fab:alt_sld_fab|alt_sld_fab_alt_sld_fab_sldfabric:sldfabric|sld_jtag_hub:\jtag_hub_gen:real_sld_jtag_hub|clr_reg                            ; sld_hub:auto_hub|alt_sld_fab_with_jtag_input:\instrumentation_fabric_with_node_gen:fabric_gen_new_way:with_jtag_input_gen:instrumentation_fabric|alt_sld_fab:instrumentation_fabric|alt_sld_fab_alt_sld_fab:alt_sld_fab|alt_sld_fab_alt_sld_fab_sldfabric:sldfabric|sld_jtag_hub:\jtag_hub_gen:real_sld_jtag_hub|irf_reg[1][3]             ; altera_reserved_tck ; altera_reserved_tck ; 0.000        ; 0.083      ; 2.337      ;
; 2.042 ; sld_hub:auto_hub|alt_sld_fab_with_jtag_input:\instrumentation_fabric_with_node_gen:fabric_gen_new_way:with_jtag_input_gen:instrumentation_fabric|alt_sld_fab:instrumentation_fabric|alt_sld_fab_alt_sld_fab:alt_sld_fab|alt_sld_fab_alt_sld_fab_sldfabric:sldfabric|sld_jtag_hub:\jtag_hub_gen:real_sld_jtag_hub|clr_reg                            ; sld_hub:auto_hub|alt_sld_fab_with_jtag_input:\instrumentation_fabric_with_node_gen:fabric_gen_new_way:with_jtag_input_gen:instrumentation_fabric|alt_sld_fab:instrumentation_fabric|alt_sld_fab_alt_sld_fab:alt_sld_fab|alt_sld_fab_alt_sld_fab_sldfabric:sldfabric|sld_jtag_hub:\jtag_hub_gen:real_sld_jtag_hub|irf_reg[1][4]             ; altera_reserved_tck ; altera_reserved_tck ; 0.000        ; 0.083      ; 2.337      ;
; 2.042 ; sld_hub:auto_hub|alt_sld_fab_with_jtag_input:\instrumentation_fabric_with_node_gen:fabric_gen_new_way:with_jtag_input_gen:instrumentation_fabric|alt_sld_fab:instrumentation_fabric|alt_sld_fab_alt_sld_fab:alt_sld_fab|alt_sld_fab_alt_sld_fab_sldfabric:sldfabric|sld_jtag_hub:\jtag_hub_gen:real_sld_jtag_hub|clr_reg                            ; sld_hub:auto_hub|alt_sld_fab_with_jtag_input:\instrumentation_fabric_with_node_gen:fabric_gen_new_way:with_jtag_input_gen:instrumentation_fabric|alt_sld_fab:instrumentation_fabric|alt_sld_fab_alt_sld_fab:alt_sld_fab|alt_sld_fab_alt_sld_fab_sldfabric:sldfabric|sld_jtag_hub:\jtag_hub_gen:real_sld_jtag_hub|irf_reg[1][7]             ; altera_reserved_tck ; altera_reserved_tck ; 0.000        ; 0.083      ; 2.337      ;
; 2.052 ; sld_hub:auto_hub|alt_sld_fab_with_jtag_input:\instrumentation_fabric_with_node_gen:fabric_gen_new_way:with_jtag_input_gen:instrumentation_fabric|alt_sld_fab:instrumentation_fabric|alt_sld_fab_alt_sld_fab:alt_sld_fab|alt_sld_fab_alt_sld_fab_sldfabric:sldfabric|sld_jtag_hub:\jtag_hub_gen:real_sld_jtag_hub|clr_reg                            ; sld_hub:auto_hub|alt_sld_fab_with_jtag_input:\instrumentation_fabric_with_node_gen:fabric_gen_new_way:with_jtag_input_gen:instrumentation_fabric|alt_sld_fab:instrumentation_fabric|alt_sld_fab_alt_sld_fab:alt_sld_fab|alt_sld_fab_alt_sld_fab_sldfabric:sldfabric|sld_jtag_hub:\jtag_hub_gen:real_sld_jtag_hub|irf_reg[1][1]             ; altera_reserved_tck ; altera_reserved_tck ; 0.000        ; 0.089      ; 2.353      ;
; 2.052 ; sld_hub:auto_hub|alt_sld_fab_with_jtag_input:\instrumentation_fabric_with_node_gen:fabric_gen_new_way:with_jtag_input_gen:instrumentation_fabric|alt_sld_fab:instrumentation_fabric|alt_sld_fab_alt_sld_fab:alt_sld_fab|alt_sld_fab_alt_sld_fab_sldfabric:sldfabric|sld_jtag_hub:\jtag_hub_gen:real_sld_jtag_hub|clr_reg                            ; sld_hub:auto_hub|alt_sld_fab_with_jtag_input:\instrumentation_fabric_with_node_gen:fabric_gen_new_way:with_jtag_input_gen:instrumentation_fabric|alt_sld_fab:instrumentation_fabric|alt_sld_fab_alt_sld_fab:alt_sld_fab|alt_sld_fab_alt_sld_fab_sldfabric:sldfabric|sld_jtag_hub:\jtag_hub_gen:real_sld_jtag_hub|irsr_reg[0]               ; altera_reserved_tck ; altera_reserved_tck ; 0.000        ; 0.089      ; 2.353      ;
; 2.052 ; sld_hub:auto_hub|alt_sld_fab_with_jtag_input:\instrumentation_fabric_with_node_gen:fabric_gen_new_way:with_jtag_input_gen:instrumentation_fabric|alt_sld_fab:instrumentation_fabric|alt_sld_fab_alt_sld_fab:alt_sld_fab|alt_sld_fab_alt_sld_fab_sldfabric:sldfabric|sld_jtag_hub:\jtag_hub_gen:real_sld_jtag_hub|clr_reg                            ; sld_hub:auto_hub|alt_sld_fab_with_jtag_input:\instrumentation_fabric_with_node_gen:fabric_gen_new_way:with_jtag_input_gen:instrumentation_fabric|alt_sld_fab:instrumentation_fabric|alt_sld_fab_alt_sld_fab:alt_sld_fab|alt_sld_fab_alt_sld_fab_sldfabric:sldfabric|sld_jtag_hub:\jtag_hub_gen:real_sld_jtag_hub|irsr_reg[1]               ; altera_reserved_tck ; altera_reserved_tck ; 0.000        ; 0.089      ; 2.353      ;
; 2.052 ; sld_hub:auto_hub|alt_sld_fab_with_jtag_input:\instrumentation_fabric_with_node_gen:fabric_gen_new_way:with_jtag_input_gen:instrumentation_fabric|alt_sld_fab:instrumentation_fabric|alt_sld_fab_alt_sld_fab:alt_sld_fab|alt_sld_fab_alt_sld_fab_sldfabric:sldfabric|sld_jtag_hub:\jtag_hub_gen:real_sld_jtag_hub|clr_reg                            ; sld_hub:auto_hub|alt_sld_fab_with_jtag_input:\instrumentation_fabric_with_node_gen:fabric_gen_new_way:with_jtag_input_gen:instrumentation_fabric|alt_sld_fab:instrumentation_fabric|alt_sld_fab_alt_sld_fab:alt_sld_fab|alt_sld_fab_alt_sld_fab_sldfabric:sldfabric|sld_jtag_hub:\jtag_hub_gen:real_sld_jtag_hub|irsr_reg[2]               ; altera_reserved_tck ; altera_reserved_tck ; 0.000        ; 0.089      ; 2.353      ;
; 2.052 ; sld_hub:auto_hub|alt_sld_fab_with_jtag_input:\instrumentation_fabric_with_node_gen:fabric_gen_new_way:with_jtag_input_gen:instrumentation_fabric|alt_sld_fab:instrumentation_fabric|alt_sld_fab_alt_sld_fab:alt_sld_fab|alt_sld_fab_alt_sld_fab_sldfabric:sldfabric|sld_jtag_hub:\jtag_hub_gen:real_sld_jtag_hub|clr_reg                            ; sld_hub:auto_hub|alt_sld_fab_with_jtag_input:\instrumentation_fabric_with_node_gen:fabric_gen_new_way:with_jtag_input_gen:instrumentation_fabric|alt_sld_fab:instrumentation_fabric|alt_sld_fab_alt_sld_fab:alt_sld_fab|alt_sld_fab_alt_sld_fab_sldfabric:sldfabric|sld_jtag_hub:\jtag_hub_gen:real_sld_jtag_hub|irsr_reg[4]               ; altera_reserved_tck ; altera_reserved_tck ; 0.000        ; 0.089      ; 2.353      ;
; 2.052 ; sld_hub:auto_hub|alt_sld_fab_with_jtag_input:\instrumentation_fabric_with_node_gen:fabric_gen_new_way:with_jtag_input_gen:instrumentation_fabric|alt_sld_fab:instrumentation_fabric|alt_sld_fab_alt_sld_fab:alt_sld_fab|alt_sld_fab_alt_sld_fab_sldfabric:sldfabric|sld_jtag_hub:\jtag_hub_gen:real_sld_jtag_hub|clr_reg                            ; sld_hub:auto_hub|alt_sld_fab_with_jtag_input:\instrumentation_fabric_with_node_gen:fabric_gen_new_way:with_jtag_input_gen:instrumentation_fabric|alt_sld_fab:instrumentation_fabric|alt_sld_fab_alt_sld_fab:alt_sld_fab|alt_sld_fab_alt_sld_fab_sldfabric:sldfabric|sld_jtag_hub:\jtag_hub_gen:real_sld_jtag_hub|irsr_reg[5]               ; altera_reserved_tck ; altera_reserved_tck ; 0.000        ; 0.089      ; 2.353      ;
; 2.052 ; sld_hub:auto_hub|alt_sld_fab_with_jtag_input:\instrumentation_fabric_with_node_gen:fabric_gen_new_way:with_jtag_input_gen:instrumentation_fabric|alt_sld_fab:instrumentation_fabric|alt_sld_fab_alt_sld_fab:alt_sld_fab|alt_sld_fab_alt_sld_fab_sldfabric:sldfabric|sld_jtag_hub:\jtag_hub_gen:real_sld_jtag_hub|clr_reg                            ; sld_hub:auto_hub|alt_sld_fab_with_jtag_input:\instrumentation_fabric_with_node_gen:fabric_gen_new_way:with_jtag_input_gen:instrumentation_fabric|alt_sld_fab:instrumentation_fabric|alt_sld_fab_alt_sld_fab:alt_sld_fab|alt_sld_fab_alt_sld_fab_sldfabric:sldfabric|sld_jtag_hub:\jtag_hub_gen:real_sld_jtag_hub|irsr_reg[6]               ; altera_reserved_tck ; altera_reserved_tck ; 0.000        ; 0.089      ; 2.353      ;
; 2.052 ; sld_hub:auto_hub|alt_sld_fab_with_jtag_input:\instrumentation_fabric_with_node_gen:fabric_gen_new_way:with_jtag_input_gen:instrumentation_fabric|alt_sld_fab:instrumentation_fabric|alt_sld_fab_alt_sld_fab:alt_sld_fab|alt_sld_fab_alt_sld_fab_sldfabric:sldfabric|sld_jtag_hub:\jtag_hub_gen:real_sld_jtag_hub|clr_reg                            ; sld_hub:auto_hub|alt_sld_fab_with_jtag_input:\instrumentation_fabric_with_node_gen:fabric_gen_new_way:with_jtag_input_gen:instrumentation_fabric|alt_sld_fab:instrumentation_fabric|alt_sld_fab_alt_sld_fab:alt_sld_fab|alt_sld_fab_alt_sld_fab_sldfabric:sldfabric|sld_jtag_hub:\jtag_hub_gen:real_sld_jtag_hub|irsr_reg[7]               ; altera_reserved_tck ; altera_reserved_tck ; 0.000        ; 0.089      ; 2.353      ;
; 2.052 ; sld_hub:auto_hub|alt_sld_fab_with_jtag_input:\instrumentation_fabric_with_node_gen:fabric_gen_new_way:with_jtag_input_gen:instrumentation_fabric|alt_sld_fab:instrumentation_fabric|alt_sld_fab_alt_sld_fab:alt_sld_fab|alt_sld_fab_alt_sld_fab_sldfabric:sldfabric|sld_jtag_hub:\jtag_hub_gen:real_sld_jtag_hub|clr_reg                            ; sld_hub:auto_hub|alt_sld_fab_with_jtag_input:\instrumentation_fabric_with_node_gen:fabric_gen_new_way:with_jtag_input_gen:instrumentation_fabric|alt_sld_fab:instrumentation_fabric|alt_sld_fab_alt_sld_fab:alt_sld_fab|alt_sld_fab_alt_sld_fab_sldfabric:sldfabric|sld_jtag_hub:\jtag_hub_gen:real_sld_jtag_hub|irsr_reg[8]               ; altera_reserved_tck ; altera_reserved_tck ; 0.000        ; 0.089      ; 2.353      ;
; 2.052 ; sld_hub:auto_hub|alt_sld_fab_with_jtag_input:\instrumentation_fabric_with_node_gen:fabric_gen_new_way:with_jtag_input_gen:instrumentation_fabric|alt_sld_fab:instrumentation_fabric|alt_sld_fab_alt_sld_fab:alt_sld_fab|alt_sld_fab_alt_sld_fab_sldfabric:sldfabric|sld_jtag_hub:\jtag_hub_gen:real_sld_jtag_hub|clr_reg                            ; sld_hub:auto_hub|alt_sld_fab_with_jtag_input:\instrumentation_fabric_with_node_gen:fabric_gen_new_way:with_jtag_input_gen:instrumentation_fabric|alt_sld_fab:instrumentation_fabric|alt_sld_fab_alt_sld_fab:alt_sld_fab|alt_sld_fab_alt_sld_fab_sldfabric:sldfabric|sld_jtag_hub:\jtag_hub_gen:real_sld_jtag_hub|irsr_reg[9]               ; altera_reserved_tck ; altera_reserved_tck ; 0.000        ; 0.089      ; 2.353      ;
; 2.052 ; sld_hub:auto_hub|alt_sld_fab_with_jtag_input:\instrumentation_fabric_with_node_gen:fabric_gen_new_way:with_jtag_input_gen:instrumentation_fabric|alt_sld_fab:instrumentation_fabric|alt_sld_fab_alt_sld_fab:alt_sld_fab|alt_sld_fab_alt_sld_fab_sldfabric:sldfabric|sld_jtag_hub:\jtag_hub_gen:real_sld_jtag_hub|clr_reg                            ; sld_hub:auto_hub|alt_sld_fab_with_jtag_input:\instrumentation_fabric_with_node_gen:fabric_gen_new_way:with_jtag_input_gen:instrumentation_fabric|alt_sld_fab:instrumentation_fabric|alt_sld_fab_alt_sld_fab:alt_sld_fab|alt_sld_fab_alt_sld_fab_sldfabric:sldfabric|sld_jtag_hub:\jtag_hub_gen:real_sld_jtag_hub|irf_reg[1][5]             ; altera_reserved_tck ; altera_reserved_tck ; 0.000        ; 0.089      ; 2.353      ;
; 2.052 ; sld_hub:auto_hub|alt_sld_fab_with_jtag_input:\instrumentation_fabric_with_node_gen:fabric_gen_new_way:with_jtag_input_gen:instrumentation_fabric|alt_sld_fab:instrumentation_fabric|alt_sld_fab_alt_sld_fab:alt_sld_fab|alt_sld_fab_alt_sld_fab_sldfabric:sldfabric|sld_jtag_hub:\jtag_hub_gen:real_sld_jtag_hub|clr_reg                            ; sld_hub:auto_hub|alt_sld_fab_with_jtag_input:\instrumentation_fabric_with_node_gen:fabric_gen_new_way:with_jtag_input_gen:instrumentation_fabric|alt_sld_fab:instrumentation_fabric|alt_sld_fab_alt_sld_fab:alt_sld_fab|alt_sld_fab_alt_sld_fab_sldfabric:sldfabric|sld_jtag_hub:\jtag_hub_gen:real_sld_jtag_hub|irf_reg[1][6]             ; altera_reserved_tck ; altera_reserved_tck ; 0.000        ; 0.089      ; 2.353      ;
; 2.052 ; sld_hub:auto_hub|alt_sld_fab_with_jtag_input:\instrumentation_fabric_with_node_gen:fabric_gen_new_way:with_jtag_input_gen:instrumentation_fabric|alt_sld_fab:instrumentation_fabric|alt_sld_fab_alt_sld_fab:alt_sld_fab|alt_sld_fab_alt_sld_fab_sldfabric:sldfabric|sld_jtag_hub:\jtag_hub_gen:real_sld_jtag_hub|clr_reg                            ; sld_hub:auto_hub|alt_sld_fab_with_jtag_input:\instrumentation_fabric_with_node_gen:fabric_gen_new_way:with_jtag_input_gen:instrumentation_fabric|alt_sld_fab:instrumentation_fabric|alt_sld_fab_alt_sld_fab:alt_sld_fab|alt_sld_fab_alt_sld_fab_sldfabric:sldfabric|sld_jtag_hub:\jtag_hub_gen:real_sld_jtag_hub|irf_reg[1][8]             ; altera_reserved_tck ; altera_reserved_tck ; 0.000        ; 0.089      ; 2.353      ;
; 2.052 ; sld_hub:auto_hub|alt_sld_fab_with_jtag_input:\instrumentation_fabric_with_node_gen:fabric_gen_new_way:with_jtag_input_gen:instrumentation_fabric|alt_sld_fab:instrumentation_fabric|alt_sld_fab_alt_sld_fab:alt_sld_fab|alt_sld_fab_alt_sld_fab_sldfabric:sldfabric|sld_jtag_hub:\jtag_hub_gen:real_sld_jtag_hub|clr_reg                            ; sld_hub:auto_hub|alt_sld_fab_with_jtag_input:\instrumentation_fabric_with_node_gen:fabric_gen_new_way:with_jtag_input_gen:instrumentation_fabric|alt_sld_fab:instrumentation_fabric|alt_sld_fab_alt_sld_fab:alt_sld_fab|alt_sld_fab_alt_sld_fab_sldfabric:sldfabric|sld_jtag_hub:\jtag_hub_gen:real_sld_jtag_hub|irf_reg[1][9]             ; altera_reserved_tck ; altera_reserved_tck ; 0.000        ; 0.089      ; 2.353      ;
; 2.052 ; sld_hub:auto_hub|alt_sld_fab_with_jtag_input:\instrumentation_fabric_with_node_gen:fabric_gen_new_way:with_jtag_input_gen:instrumentation_fabric|alt_sld_fab:instrumentation_fabric|alt_sld_fab_alt_sld_fab:alt_sld_fab|alt_sld_fab_alt_sld_fab_sldfabric:sldfabric|sld_jtag_hub:\jtag_hub_gen:real_sld_jtag_hub|clr_reg                            ; sld_hub:auto_hub|alt_sld_fab_with_jtag_input:\instrumentation_fabric_with_node_gen:fabric_gen_new_way:with_jtag_input_gen:instrumentation_fabric|alt_sld_fab:instrumentation_fabric|alt_sld_fab_alt_sld_fab:alt_sld_fab|alt_sld_fab_alt_sld_fab_sldfabric:sldfabric|sld_jtag_hub:\jtag_hub_gen:real_sld_jtag_hub|irf_reg[1][0]             ; altera_reserved_tck ; altera_reserved_tck ; 0.000        ; 0.089      ; 2.353      ;
; 2.052 ; sld_hub:auto_hub|alt_sld_fab_with_jtag_input:\instrumentation_fabric_with_node_gen:fabric_gen_new_way:with_jtag_input_gen:instrumentation_fabric|alt_sld_fab:instrumentation_fabric|alt_sld_fab_alt_sld_fab:alt_sld_fab|alt_sld_fab_alt_sld_fab_sldfabric:sldfabric|sld_jtag_hub:\jtag_hub_gen:real_sld_jtag_hub|clr_reg                            ; sld_hub:auto_hub|alt_sld_fab_with_jtag_input:\instrumentation_fabric_with_node_gen:fabric_gen_new_way:with_jtag_input_gen:instrumentation_fabric|alt_sld_fab:instrumentation_fabric|alt_sld_fab_alt_sld_fab:alt_sld_fab|alt_sld_fab_alt_sld_fab_sldfabric:sldfabric|sld_jtag_hub:\jtag_hub_gen:real_sld_jtag_hub|irf_reg[1][2]             ; altera_reserved_tck ; altera_reserved_tck ; 0.000        ; 0.089      ; 2.353      ;
; 2.078 ; sld_hub:auto_hub|alt_sld_fab_with_jtag_input:\instrumentation_fabric_with_node_gen:fabric_gen_new_way:with_jtag_input_gen:instrumentation_fabric|alt_sld_fab:instrumentation_fabric|alt_sld_fab_alt_sld_fab:alt_sld_fab|alt_sld_fab_alt_sld_fab_sldfabric:sldfabric|sld_jtag_hub:\jtag_hub_gen:real_sld_jtag_hub|clr_reg                            ; sld_hub:auto_hub|alt_sld_fab_with_jtag_input:\instrumentation_fabric_with_node_gen:fabric_gen_new_way:with_jtag_input_gen:instrumentation_fabric|alt_sld_fab:instrumentation_fabric|alt_sld_fab_alt_sld_fab:alt_sld_fab|alt_sld_fab_alt_sld_fab_sldfabric:sldfabric|sld_jtag_hub:\jtag_hub_gen:real_sld_jtag_hub|hub_mode_reg[0]           ; altera_reserved_tck ; altera_reserved_tck ; 0.000        ; 0.090      ; 2.380      ;
; 2.078 ; sld_hub:auto_hub|alt_sld_fab_with_jtag_input:\instrumentation_fabric_with_node_gen:fabric_gen_new_way:with_jtag_input_gen:instrumentation_fabric|alt_sld_fab:instrumentation_fabric|alt_sld_fab_alt_sld_fab:alt_sld_fab|alt_sld_fab_alt_sld_fab_sldfabric:sldfabric|sld_jtag_hub:\jtag_hub_gen:real_sld_jtag_hub|clr_reg                            ; sld_hub:auto_hub|alt_sld_fab_with_jtag_input:\instrumentation_fabric_with_node_gen:fabric_gen_new_way:with_jtag_input_gen:instrumentation_fabric|alt_sld_fab:instrumentation_fabric|alt_sld_fab_alt_sld_fab:alt_sld_fab|alt_sld_fab_alt_sld_fab_sldfabric:sldfabric|sld_jtag_hub:\jtag_hub_gen:real_sld_jtag_hub|virtual_ir_tdo_sel_reg[0] ; altera_reserved_tck ; altera_reserved_tck ; 0.000        ; 0.090      ; 2.380      ;
; 2.089 ; sld_hub:auto_hub|alt_sld_fab_with_jtag_input:\instrumentation_fabric_with_node_gen:fabric_gen_new_way:with_jtag_input_gen:instrumentation_fabric|alt_sld_fab:instrumentation_fabric|alt_sld_fab_alt_sld_fab:alt_sld_fab|alt_sld_fab_alt_sld_fab_sldfabric:sldfabric|sld_jtag_hub:\jtag_hub_gen:real_sld_jtag_hub|clr_reg                            ; sld_hub:auto_hub|alt_sld_fab_with_jtag_input:\instrumentation_fabric_with_node_gen:fabric_gen_new_way:with_jtag_input_gen:instrumentation_fabric|alt_sld_fab:instrumentation_fabric|alt_sld_fab_alt_sld_fab:alt_sld_fab|alt_sld_fab_alt_sld_fab_sldfabric:sldfabric|sld_jtag_hub:\jtag_hub_gen:real_sld_jtag_hub|hub_mode_reg[1]           ; altera_reserved_tck ; altera_reserved_tck ; 0.000        ; 0.091      ; 2.392      ;
; 2.089 ; sld_hub:auto_hub|alt_sld_fab_with_jtag_input:\instrumentation_fabric_with_node_gen:fabric_gen_new_way:with_jtag_input_gen:instrumentation_fabric|alt_sld_fab:instrumentation_fabric|alt_sld_fab_alt_sld_fab:alt_sld_fab|alt_sld_fab_alt_sld_fab_sldfabric:sldfabric|sld_jtag_hub:\jtag_hub_gen:real_sld_jtag_hub|clr_reg                            ; sld_hub:auto_hub|alt_sld_fab_with_jtag_input:\instrumentation_fabric_with_node_gen:fabric_gen_new_way:with_jtag_input_gen:instrumentation_fabric|alt_sld_fab:instrumentation_fabric|alt_sld_fab_alt_sld_fab:alt_sld_fab|alt_sld_fab_alt_sld_fab_sldfabric:sldfabric|sld_jtag_hub:\jtag_hub_gen:real_sld_jtag_hub|irsr_reg[10]              ; altera_reserved_tck ; altera_reserved_tck ; 0.000        ; 0.091      ; 2.392      ;
; 3.635 ; sld_signaltap:auto_signaltap_0|sld_signaltap_impl:sld_signaltap_body|sld_signaltap_implb:sld_signaltap_body|reset_all                                                                                                                                                                                                                               ; sld_signaltap:auto_signaltap_0|sld_signaltap_impl:sld_signaltap_body|sld_signaltap_implb:sld_signaltap_body|sld_ela_control:ela_control|sld_ela_trigger_flow_mgr:\builtin:ela_trigger_flow_mgr_entity|lpm_shiftreg:trigger_config_deserialize|dffs[6]                                                                                      ; altera_reserved_tck ; altera_reserved_tck ; 0.000        ; 0.055      ; 3.902      ;
; 3.635 ; sld_signaltap:auto_signaltap_0|sld_signaltap_impl:sld_signaltap_body|sld_signaltap_implb:sld_signaltap_body|reset_all                                                                                                                                                                                                                               ; sld_signaltap:auto_signaltap_0|sld_signaltap_impl:sld_signaltap_body|sld_signaltap_implb:sld_signaltap_body|sld_ela_control:ela_control|sld_ela_trigger_flow_mgr:\builtin:ela_trigger_flow_mgr_entity|lpm_shiftreg:trigger_config_deserialize|dffs[7]                                                                                      ; altera_reserved_tck ; altera_reserved_tck ; 0.000        ; 0.055      ; 3.902      ;
; 3.635 ; sld_signaltap:auto_signaltap_0|sld_signaltap_impl:sld_signaltap_body|sld_signaltap_implb:sld_signaltap_body|reset_all                                                                                                                                                                                                                               ; sld_signaltap:auto_signaltap_0|sld_signaltap_impl:sld_signaltap_body|sld_signaltap_implb:sld_signaltap_body|sld_ela_control:ela_control|sld_ela_trigger_flow_mgr:\builtin:ela_trigger_flow_mgr_entity|lpm_shiftreg:trigger_config_deserialize|dffs[8]                                                                                      ; altera_reserved_tck ; altera_reserved_tck ; 0.000        ; 0.055      ; 3.902      ;
; 3.635 ; sld_signaltap:auto_signaltap_0|sld_signaltap_impl:sld_signaltap_body|sld_signaltap_implb:sld_signaltap_body|reset_all                                                                                                                                                                                                                               ; sld_signaltap:auto_signaltap_0|sld_signaltap_impl:sld_signaltap_body|sld_signaltap_implb:sld_signaltap_body|sld_ela_control:ela_control|sld_ela_trigger_flow_mgr:\builtin:ela_trigger_flow_mgr_entity|lpm_shiftreg:trigger_config_deserialize|dffs[9]                                                                                      ; altera_reserved_tck ; altera_reserved_tck ; 0.000        ; 0.055      ; 3.902      ;
; 3.635 ; sld_signaltap:auto_signaltap_0|sld_signaltap_impl:sld_signaltap_body|sld_signaltap_implb:sld_signaltap_body|reset_all                                                                                                                                                                                                                               ; sld_signaltap:auto_signaltap_0|sld_signaltap_impl:sld_signaltap_body|sld_signaltap_implb:sld_signaltap_body|sld_ela_control:ela_control|sld_ela_basic_multi_level_trigger:\basic_multi_level_mbpm_trigger_gen:multi_level_mbpm|lpm_shiftreg:trigger_condition_deserialize|dffs[0]                                                          ; altera_reserved_tck ; altera_reserved_tck ; 0.000        ; 0.055      ; 3.902      ;
; 3.635 ; sld_signaltap:auto_signaltap_0|sld_signaltap_impl:sld_signaltap_body|sld_signaltap_implb:sld_signaltap_body|reset_all                                                                                                                                                                                                                               ; sld_signaltap:auto_signaltap_0|sld_signaltap_impl:sld_signaltap_body|sld_signaltap_implb:sld_signaltap_body|sld_ela_control:ela_control|sld_ela_basic_multi_level_trigger:\basic_multi_level_mbpm_trigger_gen:multi_level_mbpm|lpm_shiftreg:trigger_condition_deserialize|dffs[1]                                                          ; altera_reserved_tck ; altera_reserved_tck ; 0.000        ; 0.055      ; 3.902      ;
; 3.635 ; sld_signaltap:auto_signaltap_0|sld_signaltap_impl:sld_signaltap_body|sld_signaltap_implb:sld_signaltap_body|reset_all                                                                                                                                                                                                                               ; sld_signaltap:auto_signaltap_0|sld_signaltap_impl:sld_signaltap_body|sld_signaltap_implb:sld_signaltap_body|sld_ela_control:ela_control|sld_ela_basic_multi_level_trigger:\basic_multi_level_mbpm_trigger_gen:multi_level_mbpm|lpm_shiftreg:trigger_condition_deserialize|dffs[2]                                                          ; altera_reserved_tck ; altera_reserved_tck ; 0.000        ; 0.055      ; 3.902      ;
; 3.635 ; sld_signaltap:auto_signaltap_0|sld_signaltap_impl:sld_signaltap_body|sld_signaltap_implb:sld_signaltap_body|reset_all                                                                                                                                                                                                                               ; sld_signaltap:auto_signaltap_0|sld_signaltap_impl:sld_signaltap_body|sld_signaltap_implb:sld_signaltap_body|sld_ela_control:ela_control|sld_ela_basic_multi_level_trigger:\basic_multi_level_mbpm_trigger_gen:multi_level_mbpm|lpm_shiftreg:trigger_condition_deserialize|dffs[3]                                                          ; altera_reserved_tck ; altera_reserved_tck ; 0.000        ; 0.063      ; 3.910      ;
; 3.635 ; sld_signaltap:auto_signaltap_0|sld_signaltap_impl:sld_signaltap_body|sld_signaltap_implb:sld_signaltap_body|reset_all                                                                                                                                                                                                                               ; sld_signaltap:auto_signaltap_0|sld_signaltap_impl:sld_signaltap_body|sld_signaltap_implb:sld_signaltap_body|sld_ela_control:ela_control|sld_ela_basic_multi_level_trigger:\basic_multi_level_mbpm_trigger_gen:multi_level_mbpm|lpm_shiftreg:trigger_condition_deserialize|dffs[4]                                                          ; altera_reserved_tck ; altera_reserved_tck ; 0.000        ; 0.063      ; 3.910      ;
; 3.635 ; sld_signaltap:auto_signaltap_0|sld_signaltap_impl:sld_signaltap_body|sld_signaltap_implb:sld_signaltap_body|reset_all                                                                                                                                                                                                                               ; sld_signaltap:auto_signaltap_0|sld_signaltap_impl:sld_signaltap_body|sld_signaltap_implb:sld_signaltap_body|sld_ela_control:ela_control|sld_ela_basic_multi_level_trigger:\basic_multi_level_mbpm_trigger_gen:multi_level_mbpm|lpm_shiftreg:trigger_condition_deserialize|dffs[5]                                                          ; altera_reserved_tck ; altera_reserved_tck ; 0.000        ; 0.063      ; 3.910      ;
; 3.635 ; sld_signaltap:auto_signaltap_0|sld_signaltap_impl:sld_signaltap_body|sld_signaltap_implb:sld_signaltap_body|reset_all                                                                                                                                                                                                                               ; sld_signaltap:auto_signaltap_0|sld_signaltap_impl:sld_signaltap_body|sld_signaltap_implb:sld_signaltap_body|sld_ela_control:ela_control|sld_ela_basic_multi_level_trigger:\basic_multi_level_mbpm_trigger_gen:multi_level_mbpm|lpm_shiftreg:trigger_condition_deserialize|dffs[6]                                                          ; altera_reserved_tck ; altera_reserved_tck ; 0.000        ; 0.063      ; 3.910      ;
; 3.635 ; sld_signaltap:auto_signaltap_0|sld_signaltap_impl:sld_signaltap_body|sld_signaltap_implb:sld_signaltap_body|reset_all                                                                                                                                                                                                                               ; sld_signaltap:auto_signaltap_0|sld_signaltap_impl:sld_signaltap_body|sld_signaltap_implb:sld_signaltap_body|sld_ela_control:ela_control|sld_ela_basic_multi_level_trigger:\basic_multi_level_mbpm_trigger_gen:multi_level_mbpm|lpm_shiftreg:trigger_condition_deserialize|dffs[7]                                                          ; altera_reserved_tck ; altera_reserved_tck ; 0.000        ; 0.063      ; 3.910      ;
; 3.635 ; sld_signaltap:auto_signaltap_0|sld_signaltap_impl:sld_signaltap_body|sld_signaltap_implb:sld_signaltap_body|reset_all                                                                                                                                                                                                                               ; sld_signaltap:auto_signaltap_0|sld_signaltap_impl:sld_signaltap_body|sld_signaltap_implb:sld_signaltap_body|sld_ela_control:ela_control|sld_ela_basic_multi_level_trigger:\basic_multi_level_mbpm_trigger_gen:multi_level_mbpm|lpm_shiftreg:trigger_condition_deserialize|dffs[8]                                                          ; altera_reserved_tck ; altera_reserved_tck ; 0.000        ; 0.063      ; 3.910      ;
; 3.635 ; sld_signaltap:auto_signaltap_0|sld_signaltap_impl:sld_signaltap_body|sld_signaltap_implb:sld_signaltap_body|reset_all                                                                                                                                                                                                                               ; sld_signaltap:auto_signaltap_0|sld_signaltap_impl:sld_signaltap_body|sld_signaltap_implb:sld_signaltap_body|sld_ela_control:ela_control|sld_ela_basic_multi_level_trigger:\basic_multi_level_mbpm_trigger_gen:multi_level_mbpm|lpm_shiftreg:trigger_condition_deserialize|dffs[9]                                                          ; altera_reserved_tck ; altera_reserved_tck ; 0.000        ; 0.063      ; 3.910      ;
; 3.635 ; sld_signaltap:auto_signaltap_0|sld_signaltap_impl:sld_signaltap_body|sld_signaltap_implb:sld_signaltap_body|reset_all                                                                                                                                                                                                                               ; sld_signaltap:auto_signaltap_0|sld_signaltap_impl:sld_signaltap_body|sld_signaltap_implb:sld_signaltap_body|sld_ela_control:ela_control|sld_ela_basic_multi_level_trigger:\basic_multi_level_mbpm_trigger_gen:multi_level_mbpm|lpm_shiftreg:trigger_condition_deserialize|dffs[10]                                                         ; altera_reserved_tck ; altera_reserved_tck ; 0.000        ; 0.062      ; 3.909      ;
; 3.635 ; sld_signaltap:auto_signaltap_0|sld_signaltap_impl:sld_signaltap_body|sld_signaltap_implb:sld_signaltap_body|reset_all                                                                                                                                                                                                                               ; sld_signaltap:auto_signaltap_0|sld_signaltap_impl:sld_signaltap_body|sld_signaltap_implb:sld_signaltap_body|sld_ela_control:ela_control|sld_ela_basic_multi_level_trigger:\basic_multi_level_mbpm_trigger_gen:multi_level_mbpm|lpm_shiftreg:trigger_condition_deserialize|dffs[11]                                                         ; altera_reserved_tck ; altera_reserved_tck ; 0.000        ; 0.062      ; 3.909      ;
; 3.635 ; sld_signaltap:auto_signaltap_0|sld_signaltap_impl:sld_signaltap_body|sld_signaltap_implb:sld_signaltap_body|reset_all                                                                                                                                                                                                                               ; sld_signaltap:auto_signaltap_0|sld_signaltap_impl:sld_signaltap_body|sld_signaltap_implb:sld_signaltap_body|sld_ela_control:ela_control|sld_ela_basic_multi_level_trigger:\basic_multi_level_mbpm_trigger_gen:multi_level_mbpm|lpm_shiftreg:trigger_condition_deserialize|dffs[12]                                                         ; altera_reserved_tck ; altera_reserved_tck ; 0.000        ; 0.062      ; 3.909      ;
; 3.635 ; sld_signaltap:auto_signaltap_0|sld_signaltap_impl:sld_signaltap_body|sld_signaltap_implb:sld_signaltap_body|reset_all                                                                                                                                                                                                                               ; sld_signaltap:auto_signaltap_0|sld_signaltap_impl:sld_signaltap_body|sld_signaltap_implb:sld_signaltap_body|sld_ela_control:ela_control|sld_ela_basic_multi_level_trigger:\basic_multi_level_mbpm_trigger_gen:multi_level_mbpm|lpm_shiftreg:trigger_condition_deserialize|dffs[13]                                                         ; altera_reserved_tck ; altera_reserved_tck ; 0.000        ; 0.062      ; 3.909      ;
; 3.635 ; sld_signaltap:auto_signaltap_0|sld_signaltap_impl:sld_signaltap_body|sld_signaltap_implb:sld_signaltap_body|reset_all                                                                                                                                                                                                                               ; sld_signaltap:auto_signaltap_0|sld_signaltap_impl:sld_signaltap_body|sld_signaltap_implb:sld_signaltap_body|sld_ela_control:ela_control|sld_ela_basic_multi_level_trigger:\basic_multi_level_mbpm_trigger_gen:multi_level_mbpm|lpm_shiftreg:trigger_condition_deserialize|dffs[14]                                                         ; altera_reserved_tck ; altera_reserved_tck ; 0.000        ; 0.062      ; 3.909      ;
; 3.635 ; sld_signaltap:auto_signaltap_0|sld_signaltap_impl:sld_signaltap_body|sld_signaltap_implb:sld_signaltap_body|reset_all                                                                                                                                                                                                                               ; sld_signaltap:auto_signaltap_0|sld_signaltap_impl:sld_signaltap_body|sld_signaltap_implb:sld_signaltap_body|sld_ela_control:ela_control|sld_ela_basic_multi_level_trigger:\basic_multi_level_mbpm_trigger_gen:multi_level_mbpm|lpm_shiftreg:trigger_condition_deserialize|dffs[15]                                                         ; altera_reserved_tck ; altera_reserved_tck ; 0.000        ; 0.062      ; 3.909      ;
; 3.635 ; sld_signaltap:auto_signaltap_0|sld_signaltap_impl:sld_signaltap_body|sld_signaltap_implb:sld_signaltap_body|reset_all                                                                                                                                                                                                                               ; sld_signaltap:auto_signaltap_0|sld_signaltap_impl:sld_signaltap_body|sld_signaltap_implb:sld_signaltap_body|sld_ela_control:ela_control|sld_ela_basic_multi_level_trigger:\basic_multi_level_mbpm_trigger_gen:multi_level_mbpm|lpm_shiftreg:trigger_condition_deserialize|dffs[16]                                                         ; altera_reserved_tck ; altera_reserved_tck ; 0.000        ; 0.062      ; 3.909      ;
; 3.635 ; sld_signaltap:auto_signaltap_0|sld_signaltap_impl:sld_signaltap_body|sld_signaltap_implb:sld_signaltap_body|reset_all                                                                                                                                                                                                                               ; sld_signaltap:auto_signaltap_0|sld_signaltap_impl:sld_signaltap_body|sld_signaltap_implb:sld_signaltap_body|sld_ela_control:ela_control|sld_ela_basic_multi_level_trigger:\basic_multi_level_mbpm_trigger_gen:multi_level_mbpm|lpm_shiftreg:trigger_condition_deserialize|dffs[17]                                                         ; altera_reserved_tck ; altera_reserved_tck ; 0.000        ; 0.062      ; 3.909      ;
; 3.635 ; sld_signaltap:auto_signaltap_0|sld_signaltap_impl:sld_signaltap_body|sld_signaltap_implb:sld_signaltap_body|reset_all                                                                                                                                                                                                                               ; sld_signaltap:auto_signaltap_0|sld_signaltap_impl:sld_signaltap_body|sld_signaltap_implb:sld_signaltap_body|sld_ela_control:ela_control|sld_ela_basic_multi_level_trigger:\basic_multi_level_mbpm_trigger_gen:multi_level_mbpm|lpm_shiftreg:trigger_condition_deserialize|dffs[18]                                                         ; altera_reserved_tck ; altera_reserved_tck ; 0.000        ; 0.061      ; 3.908      ;
; 3.635 ; sld_signaltap:auto_signaltap_0|sld_signaltap_impl:sld_signaltap_body|sld_signaltap_implb:sld_signaltap_body|reset_all                                                                                                                                                                                                                               ; sld_signaltap:auto_signaltap_0|sld_signaltap_impl:sld_signaltap_body|sld_signaltap_implb:sld_signaltap_body|sld_ela_control:ela_control|sld_ela_basic_multi_level_trigger:\basic_multi_level_mbpm_trigger_gen:multi_level_mbpm|lpm_shiftreg:trigger_condition_deserialize|dffs[19]                                                         ; altera_reserved_tck ; altera_reserved_tck ; 0.000        ; 0.061      ; 3.908      ;
; 3.635 ; sld_signaltap:auto_signaltap_0|sld_signaltap_impl:sld_signaltap_body|sld_signaltap_implb:sld_signaltap_body|reset_all                                                                                                                                                                                                                               ; sld_signaltap:auto_signaltap_0|sld_signaltap_impl:sld_signaltap_body|sld_signaltap_implb:sld_signaltap_body|sld_ela_control:ela_control|sld_ela_basic_multi_level_trigger:\basic_multi_level_mbpm_trigger_gen:multi_level_mbpm|lpm_shiftreg:trigger_condition_deserialize|dffs[20]                                                         ; altera_reserved_tck ; altera_reserved_tck ; 0.000        ; 0.061      ; 3.908      ;
; 3.635 ; sld_signaltap:auto_signaltap_0|sld_signaltap_impl:sld_signaltap_body|sld_signaltap_implb:sld_signaltap_body|reset_all                                                                                                                                                                                                                               ; sld_signaltap:auto_signaltap_0|sld_signaltap_impl:sld_signaltap_body|sld_signaltap_implb:sld_signaltap_body|sld_ela_control:ela_control|sld_ela_basic_multi_level_trigger:\basic_multi_level_mbpm_trigger_gen:multi_level_mbpm|lpm_shiftreg:trigger_condition_deserialize|dffs[21]                                                         ; altera_reserved_tck ; altera_reserved_tck ; 0.000        ; 0.061      ; 3.908      ;
; 3.635 ; sld_signaltap:auto_signaltap_0|sld_signaltap_impl:sld_signaltap_body|sld_signaltap_implb:sld_signaltap_body|reset_all                                                                                                                                                                                                                               ; sld_signaltap:auto_signaltap_0|sld_signaltap_impl:sld_signaltap_body|sld_signaltap_implb:sld_signaltap_body|sld_ela_control:ela_control|sld_ela_basic_multi_level_trigger:\basic_multi_level_mbpm_trigger_gen:multi_level_mbpm|lpm_shiftreg:trigger_condition_deserialize|dffs[22]                                                         ; altera_reserved_tck ; altera_reserved_tck ; 0.000        ; 0.061      ; 3.908      ;
; 3.635 ; sld_signaltap:auto_signaltap_0|sld_signaltap_impl:sld_signaltap_body|sld_signaltap_implb:sld_signaltap_body|reset_all                                                                                                                                                                                                                               ; sld_signaltap:auto_signaltap_0|sld_signaltap_impl:sld_signaltap_body|sld_signaltap_implb:sld_signaltap_body|sld_ela_control:ela_control|sld_ela_basic_multi_level_trigger:\basic_multi_level_mbpm_trigger_gen:multi_level_mbpm|lpm_shiftreg:trigger_condition_deserialize|dffs[23]                                                         ; altera_reserved_tck ; altera_reserved_tck ; 0.000        ; 0.061      ; 3.908      ;
; 3.635 ; sld_signaltap:auto_signaltap_0|sld_signaltap_impl:sld_signaltap_body|sld_signaltap_implb:sld_signaltap_body|reset_all                                                                                                                                                                                                                               ; sld_signaltap:auto_signaltap_0|sld_signaltap_impl:sld_signaltap_body|sld_signaltap_implb:sld_signaltap_body|sld_ela_control:ela_control|sld_ela_basic_multi_level_trigger:\basic_multi_level_mbpm_trigger_gen:multi_level_mbpm|lpm_shiftreg:trigger_condition_deserialize|dffs[24]                                                         ; altera_reserved_tck ; altera_reserved_tck ; 0.000        ; 0.061      ; 3.908      ;
; 3.635 ; sld_signaltap:auto_signaltap_0|sld_signaltap_impl:sld_signaltap_body|sld_signaltap_implb:sld_signaltap_body|reset_all                                                                                                                                                                                                                               ; sld_signaltap:auto_signaltap_0|sld_signaltap_impl:sld_signaltap_body|sld_signaltap_implb:sld_signaltap_body|sld_ela_control:ela_control|sld_ela_basic_multi_level_trigger:\basic_multi_level_mbpm_trigger_gen:multi_level_mbpm|lpm_shiftreg:trigger_condition_deserialize|dffs[77]                                                         ; altera_reserved_tck ; altera_reserved_tck ; 0.000        ; 0.056      ; 3.903      ;
; 3.635 ; sld_signaltap:auto_signaltap_0|sld_signaltap_impl:sld_signaltap_body|sld_signaltap_implb:sld_signaltap_body|reset_all                                                                                                                                                                                                                               ; sld_signaltap:auto_signaltap_0|sld_signaltap_impl:sld_signaltap_body|sld_signaltap_implb:sld_signaltap_body|sld_ela_control:ela_control|sld_ela_basic_multi_level_trigger:\basic_multi_level_mbpm_trigger_gen:multi_level_mbpm|lpm_shiftreg:trigger_condition_deserialize|dffs[78]                                                         ; altera_reserved_tck ; altera_reserved_tck ; 0.000        ; 0.056      ; 3.903      ;
; 3.635 ; sld_signaltap:auto_signaltap_0|sld_signaltap_impl:sld_signaltap_body|sld_signaltap_implb:sld_signaltap_body|reset_all                                                                                                                                                                                                                               ; sld_signaltap:auto_signaltap_0|sld_signaltap_impl:sld_signaltap_body|sld_signaltap_implb:sld_signaltap_body|sld_ela_control:ela_control|sld_ela_basic_multi_level_trigger:\basic_multi_level_mbpm_trigger_gen:multi_level_mbpm|lpm_shiftreg:trigger_condition_deserialize|dffs[79]                                                         ; altera_reserved_tck ; altera_reserved_tck ; 0.000        ; 0.056      ; 3.903      ;
; 3.635 ; sld_signaltap:auto_signaltap_0|sld_signaltap_impl:sld_signaltap_body|sld_signaltap_implb:sld_signaltap_body|reset_all                                                                                                                                                                                                                               ; sld_signaltap:auto_signaltap_0|sld_signaltap_impl:sld_signaltap_body|sld_signaltap_implb:sld_signaltap_body|sld_ela_control:ela_control|sld_ela_basic_multi_level_trigger:\basic_multi_level_mbpm_trigger_gen:multi_level_mbpm|lpm_shiftreg:trigger_condition_deserialize|dffs[80]                                                         ; altera_reserved_tck ; altera_reserved_tck ; 0.000        ; 0.056      ; 3.903      ;
; 3.635 ; sld_signaltap:auto_signaltap_0|sld_signaltap_impl:sld_signaltap_body|sld_signaltap_implb:sld_signaltap_body|reset_all                                                                                                                                                                                                                               ; sld_signaltap:auto_signaltap_0|sld_signaltap_impl:sld_signaltap_body|sld_signaltap_implb:sld_signaltap_body|sld_ela_control:ela_control|sld_ela_basic_multi_level_trigger:\basic_multi_level_mbpm_trigger_gen:multi_level_mbpm|lpm_shiftreg:trigger_condition_deserialize|dffs[81]                                                         ; altera_reserved_tck ; altera_reserved_tck ; 0.000        ; 0.056      ; 3.903      ;
; 3.635 ; sld_signaltap:auto_signaltap_0|sld_signaltap_impl:sld_signaltap_body|sld_signaltap_implb:sld_signaltap_body|reset_all                                                                                                                                                                                                                               ; sld_signaltap:auto_signaltap_0|sld_signaltap_impl:sld_signaltap_body|sld_signaltap_implb:sld_signaltap_body|sld_ela_control:ela_control|sld_ela_basic_multi_level_trigger:\basic_multi_level_mbpm_trigger_gen:multi_level_mbpm|lpm_shiftreg:trigger_condition_deserialize|dffs[82]                                                         ; altera_reserved_tck ; altera_reserved_tck ; 0.000        ; 0.056      ; 3.903      ;
; 3.635 ; sld_signaltap:auto_signaltap_0|sld_signaltap_impl:sld_signaltap_body|sld_signaltap_implb:sld_signaltap_body|reset_all                                                                                                                                                                                                                               ; sld_signaltap:auto_signaltap_0|sld_signaltap_impl:sld_signaltap_body|sld_signaltap_implb:sld_signaltap_body|sld_ela_control:ela_control|sld_ela_basic_multi_level_trigger:\basic_multi_level_mbpm_trigger_gen:multi_level_mbpm|lpm_shiftreg:trigger_condition_deserialize|dffs[83]                                                         ; altera_reserved_tck ; altera_reserved_tck ; 0.000        ; 0.056      ; 3.903      ;
; 3.635 ; sld_signaltap:auto_signaltap_0|sld_signaltap_impl:sld_signaltap_body|sld_signaltap_implb:sld_signaltap_body|reset_all                                                                                                                                                                                                                               ; sld_signaltap:auto_signaltap_0|sld_signaltap_impl:sld_signaltap_body|sld_signaltap_implb:sld_signaltap_body|sld_ela_control:ela_control|sld_ela_basic_multi_level_trigger:\basic_multi_level_mbpm_trigger_gen:multi_level_mbpm|lpm_shiftreg:trigger_condition_deserialize|dffs[84]                                                         ; altera_reserved_tck ; altera_reserved_tck ; 0.000        ; 0.059      ; 3.906      ;
; 3.635 ; sld_signaltap:auto_signaltap_0|sld_signaltap_impl:sld_signaltap_body|sld_signaltap_implb:sld_signaltap_body|reset_all                                                                                                                                                                                                                               ; sld_signaltap:auto_signaltap_0|sld_signaltap_impl:sld_signaltap_body|sld_signaltap_implb:sld_signaltap_body|sld_ela_control:ela_control|sld_ela_basic_multi_level_trigger:\basic_multi_level_mbpm_trigger_gen:multi_level_mbpm|lpm_shiftreg:trigger_condition_deserialize|dffs[85]                                                         ; altera_reserved_tck ; altera_reserved_tck ; 0.000        ; 0.059      ; 3.906      ;
; 3.635 ; sld_signaltap:auto_signaltap_0|sld_signaltap_impl:sld_signaltap_body|sld_signaltap_implb:sld_signaltap_body|reset_all                                                                                                                                                                                                                               ; sld_signaltap:auto_signaltap_0|sld_signaltap_impl:sld_signaltap_body|sld_signaltap_implb:sld_signaltap_body|sld_ela_control:ela_control|sld_ela_basic_multi_level_trigger:\basic_multi_level_mbpm_trigger_gen:multi_level_mbpm|lpm_shiftreg:trigger_condition_deserialize|dffs[86]                                                         ; altera_reserved_tck ; altera_reserved_tck ; 0.000        ; 0.059      ; 3.906      ;
; 3.635 ; sld_signaltap:auto_signaltap_0|sld_signaltap_impl:sld_signaltap_body|sld_signaltap_implb:sld_signaltap_body|reset_all                                                                                                                                                                                                                               ; sld_signaltap:auto_signaltap_0|sld_signaltap_impl:sld_signaltap_body|sld_signaltap_implb:sld_signaltap_body|sld_ela_control:ela_control|sld_ela_basic_multi_level_trigger:\basic_multi_level_mbpm_trigger_gen:multi_level_mbpm|lpm_shiftreg:trigger_condition_deserialize|dffs[87]                                                         ; altera_reserved_tck ; altera_reserved_tck ; 0.000        ; 0.059      ; 3.906      ;
; 3.635 ; sld_signaltap:auto_signaltap_0|sld_signaltap_impl:sld_signaltap_body|sld_signaltap_implb:sld_signaltap_body|reset_all                                                                                                                                                                                                                               ; sld_signaltap:auto_signaltap_0|sld_signaltap_impl:sld_signaltap_body|sld_signaltap_implb:sld_signaltap_body|sld_ela_control:ela_control|sld_ela_basic_multi_level_trigger:\basic_multi_level_mbpm_trigger_gen:multi_level_mbpm|lpm_shiftreg:trigger_condition_deserialize|dffs[88]                                                         ; altera_reserved_tck ; altera_reserved_tck ; 0.000        ; 0.059      ; 3.906      ;
; 3.635 ; sld_signaltap:auto_signaltap_0|sld_signaltap_impl:sld_signaltap_body|sld_signaltap_implb:sld_signaltap_body|reset_all                                                                                                                                                                                                                               ; sld_signaltap:auto_signaltap_0|sld_signaltap_impl:sld_signaltap_body|sld_signaltap_implb:sld_signaltap_body|sld_ela_control:ela_control|sld_ela_basic_multi_level_trigger:\basic_multi_level_mbpm_trigger_gen:multi_level_mbpm|lpm_shiftreg:trigger_condition_deserialize|dffs[89]                                                         ; altera_reserved_tck ; altera_reserved_tck ; 0.000        ; 0.059      ; 3.906      ;
; 3.635 ; sld_signaltap:auto_signaltap_0|sld_signaltap_impl:sld_signaltap_body|sld_signaltap_implb:sld_signaltap_body|reset_all                                                                                                                                                                                                                               ; sld_signaltap:auto_signaltap_0|sld_signaltap_impl:sld_signaltap_body|sld_signaltap_implb:sld_signaltap_body|sld_ela_control:ela_control|sld_ela_basic_multi_level_trigger:\basic_multi_level_mbpm_trigger_gen:multi_level_mbpm|lpm_shiftreg:trigger_condition_deserialize|dffs[90]                                                         ; altera_reserved_tck ; altera_reserved_tck ; 0.000        ; 0.059      ; 3.906      ;
; 3.635 ; sld_signaltap:auto_signaltap_0|sld_signaltap_impl:sld_signaltap_body|sld_signaltap_implb:sld_signaltap_body|reset_all                                                                                                                                                                                                                               ; sld_signaltap:auto_signaltap_0|sld_signaltap_impl:sld_signaltap_body|sld_signaltap_implb:sld_signaltap_body|sld_ela_control:ela_control|sld_ela_basic_multi_level_trigger:\basic_multi_level_mbpm_trigger_gen:multi_level_mbpm|lpm_shiftreg:trigger_condition_deserialize|dffs[91]                                                         ; altera_reserved_tck ; altera_reserved_tck ; 0.000        ; 0.059      ; 3.906      ;
; 3.635 ; sld_signaltap:auto_signaltap_0|sld_signaltap_impl:sld_signaltap_body|sld_signaltap_implb:sld_signaltap_body|reset_all                                                                                                                                                                                                                               ; sld_signaltap:auto_signaltap_0|sld_signaltap_impl:sld_signaltap_body|sld_signaltap_implb:sld_signaltap_body|sld_ela_control:ela_control|sld_ela_basic_multi_level_trigger:\basic_multi_level_mbpm_trigger_gen:multi_level_mbpm|lpm_shiftreg:trigger_condition_deserialize|dffs[92]                                                         ; altera_reserved_tck ; altera_reserved_tck ; 0.000        ; 0.059      ; 3.906      ;
; 3.635 ; sld_signaltap:auto_signaltap_0|sld_signaltap_impl:sld_signaltap_body|sld_signaltap_implb:sld_signaltap_body|reset_all                                                                                                                                                                                                                               ; sld_signaltap:auto_signaltap_0|sld_signaltap_impl:sld_signaltap_body|sld_signaltap_implb:sld_signaltap_body|sld_ela_control:ela_control|sld_ela_basic_multi_level_trigger:\basic_multi_level_mbpm_trigger_gen:multi_level_mbpm|lpm_shiftreg:trigger_condition_deserialize|dffs[93]                                                         ; altera_reserved_tck ; altera_reserved_tck ; 0.000        ; 0.060      ; 3.907      ;
; 3.635 ; sld_signaltap:auto_signaltap_0|sld_signaltap_impl:sld_signaltap_body|sld_signaltap_implb:sld_signaltap_body|reset_all                                                                                                                                                                                                                               ; sld_signaltap:auto_signaltap_0|sld_signaltap_impl:sld_signaltap_body|sld_signaltap_implb:sld_signaltap_body|sld_ela_control:ela_control|sld_ela_basic_multi_level_trigger:\basic_multi_level_mbpm_trigger_gen:multi_level_mbpm|lpm_shiftreg:trigger_condition_deserialize|dffs[94]                                                         ; altera_reserved_tck ; altera_reserved_tck ; 0.000        ; 0.060      ; 3.907      ;
; 3.635 ; sld_signaltap:auto_signaltap_0|sld_signaltap_impl:sld_signaltap_body|sld_signaltap_implb:sld_signaltap_body|reset_all                                                                                                                                                                                                                               ; sld_signaltap:auto_signaltap_0|sld_signaltap_impl:sld_signaltap_body|sld_signaltap_implb:sld_signaltap_body|sld_ela_control:ela_control|sld_ela_basic_multi_level_trigger:\basic_multi_level_mbpm_trigger_gen:multi_level_mbpm|lpm_shiftreg:trigger_condition_deserialize|dffs[95]                                                         ; altera_reserved_tck ; altera_reserved_tck ; 0.000        ; 0.060      ; 3.907      ;
; 3.635 ; sld_signaltap:auto_signaltap_0|sld_signaltap_impl:sld_signaltap_body|sld_signaltap_implb:sld_signaltap_body|reset_all                                                                                                                                                                                                                               ; sld_signaltap:auto_signaltap_0|sld_signaltap_impl:sld_signaltap_body|sld_signaltap_implb:sld_signaltap_body|sld_ela_control:ela_control|sld_ela_basic_multi_level_trigger:\basic_multi_level_mbpm_trigger_gen:multi_level_mbpm|lpm_shiftreg:trigger_condition_deserialize|dffs[96]                                                         ; altera_reserved_tck ; altera_reserved_tck ; 0.000        ; 0.060      ; 3.907      ;
; 3.635 ; sld_signaltap:auto_signaltap_0|sld_signaltap_impl:sld_signaltap_body|sld_signaltap_implb:sld_signaltap_body|reset_all                                                                                                                                                                                                                               ; sld_signaltap:auto_signaltap_0|sld_signaltap_impl:sld_signaltap_body|sld_signaltap_implb:sld_signaltap_body|sld_ela_control:ela_control|sld_ela_basic_multi_level_trigger:\basic_multi_level_mbpm_trigger_gen:multi_level_mbpm|lpm_shiftreg:trigger_condition_deserialize|dffs[97]                                                         ; altera_reserved_tck ; altera_reserved_tck ; 0.000        ; 0.060      ; 3.907      ;
; 3.635 ; sld_signaltap:auto_signaltap_0|sld_signaltap_impl:sld_signaltap_body|sld_signaltap_implb:sld_signaltap_body|reset_all                                                                                                                                                                                                                               ; sld_signaltap:auto_signaltap_0|sld_signaltap_impl:sld_signaltap_body|sld_signaltap_implb:sld_signaltap_body|sld_ela_control:ela_control|sld_ela_basic_multi_level_trigger:\basic_multi_level_mbpm_trigger_gen:multi_level_mbpm|lpm_shiftreg:trigger_condition_deserialize|dffs[98]                                                         ; altera_reserved_tck ; altera_reserved_tck ; 0.000        ; 0.060      ; 3.907      ;
; 3.640 ; sld_signaltap:auto_signaltap_0|sld_signaltap_impl:sld_signaltap_body|sld_signaltap_implb:sld_signaltap_body|reset_all                                                                                                                                                                                                                               ; sld_signaltap:auto_signaltap_0|sld_signaltap_impl:sld_signaltap_body|sld_signaltap_implb:sld_signaltap_body|sld_offload_buffer_mgr:\stp_non_zero_depth_offload_gen:stp_offload_buff_mgr_inst|lpm_shiftreg:status_data_shift_out|dffs[8]                                                                                                    ; altera_reserved_tck ; altera_reserved_tck ; 0.000        ; 0.069      ; 3.921      ;
; 3.640 ; sld_signaltap:auto_signaltap_0|sld_signaltap_impl:sld_signaltap_body|sld_signaltap_implb:sld_signaltap_body|reset_all                                                                                                                                                                                                                               ; sld_signaltap:auto_signaltap_0|sld_signaltap_impl:sld_signaltap_body|sld_signaltap_implb:sld_signaltap_body|sld_offload_buffer_mgr:\stp_non_zero_depth_offload_gen:stp_offload_buff_mgr_inst|lpm_shiftreg:status_data_shift_out|dffs[9]                                                                                                    ; altera_reserved_tck ; altera_reserved_tck ; 0.000        ; 0.069      ; 3.921      ;
; 3.640 ; sld_signaltap:auto_signaltap_0|sld_signaltap_impl:sld_signaltap_body|sld_signaltap_implb:sld_signaltap_body|reset_all                                                                                                                                                                                                                               ; sld_signaltap:auto_signaltap_0|sld_signaltap_impl:sld_signaltap_body|sld_signaltap_implb:sld_signaltap_body|sld_offload_buffer_mgr:\stp_non_zero_depth_offload_gen:stp_offload_buff_mgr_inst|lpm_shiftreg:status_data_shift_out|dffs[11]                                                                                                   ; altera_reserved_tck ; altera_reserved_tck ; 0.000        ; 0.069      ; 3.921      ;
; 3.640 ; sld_signaltap:auto_signaltap_0|sld_signaltap_impl:sld_signaltap_body|sld_signaltap_implb:sld_signaltap_body|reset_all                                                                                                                                                                                                                               ; sld_signaltap:auto_signaltap_0|sld_signaltap_impl:sld_signaltap_body|sld_signaltap_implb:sld_signaltap_body|sld_offload_buffer_mgr:\stp_non_zero_depth_offload_gen:stp_offload_buff_mgr_inst|lpm_shiftreg:status_data_shift_out|dffs[12]                                                                                                   ; altera_reserved_tck ; altera_reserved_tck ; 0.000        ; 0.069      ; 3.921      ;
; 3.640 ; sld_signaltap:auto_signaltap_0|sld_signaltap_impl:sld_signaltap_body|sld_signaltap_implb:sld_signaltap_body|reset_all                                                                                                                                                                                                                               ; sld_signaltap:auto_signaltap_0|sld_signaltap_impl:sld_signaltap_body|sld_signaltap_implb:sld_signaltap_body|sld_offload_buffer_mgr:\stp_non_zero_depth_offload_gen:stp_offload_buff_mgr_inst|lpm_shiftreg:status_data_shift_out|dffs[13]                                                                                                   ; altera_reserved_tck ; altera_reserved_tck ; 0.000        ; 0.069      ; 3.921      ;
; 3.640 ; sld_signaltap:auto_signaltap_0|sld_signaltap_impl:sld_signaltap_body|sld_signaltap_implb:sld_signaltap_body|reset_all                                                                                                                                                                                                                               ; sld_signaltap:auto_signaltap_0|sld_signaltap_impl:sld_signaltap_body|sld_signaltap_implb:sld_signaltap_body|sld_offload_buffer_mgr:\stp_non_zero_depth_offload_gen:stp_offload_buff_mgr_inst|lpm_shiftreg:status_data_shift_out|dffs[10]                                                                                                   ; altera_reserved_tck ; altera_reserved_tck ; 0.000        ; 0.069      ; 3.921      ;
; 3.640 ; sld_signaltap:auto_signaltap_0|sld_signaltap_impl:sld_signaltap_body|sld_signaltap_implb:sld_signaltap_body|reset_all                                                                                                                                                                                                                               ; sld_signaltap:auto_signaltap_0|sld_signaltap_impl:sld_signaltap_body|sld_signaltap_implb:sld_signaltap_body|sld_offload_buffer_mgr:\stp_non_zero_depth_offload_gen:stp_offload_buff_mgr_inst|lpm_shiftreg:status_data_shift_out|dffs[14]                                                                                                   ; altera_reserved_tck ; altera_reserved_tck ; 0.000        ; 0.069      ; 3.921      ;
; 3.642 ; sld_signaltap:auto_signaltap_0|sld_signaltap_impl:sld_signaltap_body|sld_signaltap_implb:sld_signaltap_body|reset_all                                                                                                                                                                                                                               ; sld_signaltap:auto_signaltap_0|sld_signaltap_impl:sld_signaltap_body|sld_signaltap_implb:sld_signaltap_body|sld_offload_buffer_mgr:\stp_non_zero_depth_offload_gen:stp_offload_buff_mgr_inst|lpm_shiftreg:info_data_shift_out|dffs[1]                                                                                                      ; altera_reserved_tck ; altera_reserved_tck ; 0.000        ; 0.073      ; 3.927      ;
; 3.642 ; sld_signaltap:auto_signaltap_0|sld_signaltap_impl:sld_signaltap_body|sld_signaltap_implb:sld_signaltap_body|reset_all                                                                                                                                                                                                                               ; sld_signaltap:auto_signaltap_0|sld_signaltap_impl:sld_signaltap_body|sld_signaltap_implb:sld_signaltap_body|sld_offload_buffer_mgr:\stp_non_zero_depth_offload_gen:stp_offload_buff_mgr_inst|lpm_shiftreg:info_data_shift_out|dffs[2]                                                                                                      ; altera_reserved_tck ; altera_reserved_tck ; 0.000        ; 0.073      ; 3.927      ;
; 3.642 ; sld_signaltap:auto_signaltap_0|sld_signaltap_impl:sld_signaltap_body|sld_signaltap_implb:sld_signaltap_body|reset_all                                                                                                                                                                                                                               ; sld_signaltap:auto_signaltap_0|sld_signaltap_impl:sld_signaltap_body|sld_signaltap_implb:sld_signaltap_body|sld_offload_buffer_mgr:\stp_non_zero_depth_offload_gen:stp_offload_buff_mgr_inst|lpm_shiftreg:info_data_shift_out|dffs[3]                                                                                                      ; altera_reserved_tck ; altera_reserved_tck ; 0.000        ; 0.073      ; 3.927      ;
; 3.642 ; sld_signaltap:auto_signaltap_0|sld_signaltap_impl:sld_signaltap_body|sld_signaltap_implb:sld_signaltap_body|reset_all                                                                                                                                                                                                                               ; sld_signaltap:auto_signaltap_0|sld_signaltap_impl:sld_signaltap_body|sld_signaltap_implb:sld_signaltap_body|sld_offload_buffer_mgr:\stp_non_zero_depth_offload_gen:stp_offload_buff_mgr_inst|lpm_shiftreg:info_data_shift_out|dffs[4]                                                                                                      ; altera_reserved_tck ; altera_reserved_tck ; 0.000        ; 0.073      ; 3.927      ;
+-------+-----------------------------------------------------------------------------------------------------------------------------------------------------------------------------------------------------------------------------------------------------------------------------------------------------------------------------------------------------+--------------------------------------------------------------------------------------------------------------------------------------------------------------------------------------------------------------------------------------------------------------------------------------------------------------------------------------------+---------------------+---------------------+--------------+------------+------------+


-----------------------------------------------
; Slow 1200mV 85C Model Metastability Summary ;
-----------------------------------------------
The design MTBF is not calculated because there are no specified synchronizers in the design.
Number of Synchronizer Chains Found: 2
Shortest Synchronizer Chain: 4 Registers
Fraction of Chains for which MTBFs Could Not be Calculated: 1.000
Worst Case Available Settling Time: 341.421 ns




+----------------------------------------------------------+
; Slow 1200mV 0C Model Fmax Summary                        ;
+-----------+-----------------+---------------------+------+
; Fmax      ; Restricted Fmax ; Clock Name          ; Note ;
+-----------+-----------------+---------------------+------+
; 75.82 MHz ; 75.82 MHz       ; altera_reserved_tck ;      ;
+-----------+-----------------+---------------------+------+
This panel reports FMAX for every clock in the design, regardless of the user-specified clock periods.  FMAX is only computed for paths where the source and destination registers or ports are driven by the same clock.  Paths of different clocks, including generated clocks, are ignored.  For paths between a clock and its inversion, FMAX is computed as if the rising and falling edges are scaled along with FMAX, such that the duty cycle (in terms of a percentage) is maintained. Altera recommends that you always use clock constraints and other slack reports for sign-off analysis.


+----------------------------------------------+
; Slow 1200mV 0C Model Setup Summary           ;
+---------------------+--------+---------------+
; Clock               ; Slack  ; End Point TNS ;
+---------------------+--------+---------------+
; altera_reserved_tck ; 43.405 ; 0.000         ;
+---------------------+--------+---------------+


+---------------------------------------------+
; Slow 1200mV 0C Model Hold Summary           ;
+---------------------+-------+---------------+
; Clock               ; Slack ; End Point TNS ;
+---------------------+-------+---------------+
; altera_reserved_tck ; 0.400 ; 0.000         ;
+---------------------+-------+---------------+


+----------------------------------------------+
; Slow 1200mV 0C Model Recovery Summary        ;
+---------------------+--------+---------------+
; Clock               ; Slack  ; End Point TNS ;
+---------------------+--------+---------------+
; altera_reserved_tck ; 96.085 ; 0.000         ;
+---------------------+--------+---------------+


+---------------------------------------------+
; Slow 1200mV 0C Model Removal Summary        ;
+---------------------+-------+---------------+
; Clock               ; Slack ; End Point TNS ;
+---------------------+-------+---------------+
; altera_reserved_tck ; 1.028 ; 0.000         ;
+---------------------+-------+---------------+


+--------------------------------------------------+
; Slow 1200mV 0C Model Minimum Pulse Width Summary ;
+---------------------+--------+-------------------+
; Clock               ; Slack  ; End Point TNS     ;
+---------------------+--------+-------------------+
; altera_reserved_tck ; 49.247 ; 0.000             ;
+---------------------+--------+-------------------+


+--------------------------------------------------------------------------------------------------------------------------------------------------------------------------------------------------------------------------------------------------------------------------------------------------------------------------------------------------------------------------------------------------------------------------------------------------------------------------------------------------------------------------------------------------------------------------------------------------------------------------------------------------------------------------------------------------------------------------------------------------------------------------+
; Slow 1200mV 0C Model Setup: 'altera_reserved_tck'                                                                                                                                                                                                                                                                                                                                                                                                                                                                                                                                                                                                                                                                                                                        ;
+--------+-----------------------------------------------------------------------------------------------------------------------------------------------------------------------------------------------------------------------------------------------------------------------------------------------------------------------------------------------------+----------------------------------------------------------------------------------------------------------------------------------------------------------------------------------------------------------------------------------------------------------------------------------------------------------------------+---------------------+---------------------+--------------+------------+------------+
; Slack  ; From Node                                                                                                                                                                                                                                                                                                                                           ; To Node                                                                                                                                                                                                                                                                                                              ; Launch Clock        ; Latch Clock         ; Relationship ; Clock Skew ; Data Delay ;
+--------+-----------------------------------------------------------------------------------------------------------------------------------------------------------------------------------------------------------------------------------------------------------------------------------------------------------------------------------------------------+----------------------------------------------------------------------------------------------------------------------------------------------------------------------------------------------------------------------------------------------------------------------------------------------------------------------+---------------------+---------------------+--------------+------------+------------+
; 43.405 ; sld_signaltap:auto_signaltap_0|sld_signaltap_impl:sld_signaltap_body|sld_signaltap_implb:sld_signaltap_body|lpm_shiftreg:segment_offset_config_deserialize|dffs[0]                                                                                                                                                                                  ; sld_hub:auto_hub|alt_sld_fab_with_jtag_input:\instrumentation_fabric_with_node_gen:fabric_gen_new_way:with_jtag_input_gen:instrumentation_fabric|alt_sld_fab:instrumentation_fabric|alt_sld_fab_alt_sld_fab:alt_sld_fab|alt_sld_fab_alt_sld_fab_sldfabric:sldfabric|sld_jtag_hub:\jtag_hub_gen:real_sld_jtag_hub|tdo ; altera_reserved_tck ; altera_reserved_tck ; 50.000       ; 0.375      ; 6.992      ;
; 43.722 ; sld_hub:auto_hub|alt_sld_fab_with_jtag_input:\instrumentation_fabric_with_node_gen:fabric_gen_new_way:with_jtag_input_gen:instrumentation_fabric|alt_sld_fab:instrumentation_fabric|alt_sld_fab_alt_sld_fab:alt_sld_fab|alt_sld_fab_alt_sld_fab_sldfabric:sldfabric|sld_jtag_hub:\jtag_hub_gen:real_sld_jtag_hub|irf_reg[1][6]                      ; sld_hub:auto_hub|alt_sld_fab_with_jtag_input:\instrumentation_fabric_with_node_gen:fabric_gen_new_way:with_jtag_input_gen:instrumentation_fabric|alt_sld_fab:instrumentation_fabric|alt_sld_fab_alt_sld_fab:alt_sld_fab|alt_sld_fab_alt_sld_fab_sldfabric:sldfabric|sld_jtag_hub:\jtag_hub_gen:real_sld_jtag_hub|tdo ; altera_reserved_tck ; altera_reserved_tck ; 50.000       ; 0.377      ; 6.677      ;
; 43.942 ; sld_hub:auto_hub|alt_sld_fab_with_jtag_input:\instrumentation_fabric_with_node_gen:fabric_gen_new_way:with_jtag_input_gen:instrumentation_fabric|alt_sld_fab:instrumentation_fabric|alt_sld_fab_alt_sld_fab:alt_sld_fab|alt_sld_fab_alt_sld_fab_sldfabric:sldfabric|sld_jtag_hub:\jtag_hub_gen:real_sld_jtag_hub|irf_reg[1][1]                      ; sld_hub:auto_hub|alt_sld_fab_with_jtag_input:\instrumentation_fabric_with_node_gen:fabric_gen_new_way:with_jtag_input_gen:instrumentation_fabric|alt_sld_fab:instrumentation_fabric|alt_sld_fab_alt_sld_fab:alt_sld_fab|alt_sld_fab_alt_sld_fab_sldfabric:sldfabric|sld_jtag_hub:\jtag_hub_gen:real_sld_jtag_hub|tdo ; altera_reserved_tck ; altera_reserved_tck ; 50.000       ; 0.377      ; 6.457      ;
; 43.994 ; sld_hub:auto_hub|alt_sld_fab_with_jtag_input:\instrumentation_fabric_with_node_gen:fabric_gen_new_way:with_jtag_input_gen:instrumentation_fabric|alt_sld_fab:instrumentation_fabric|alt_sld_fab_alt_sld_fab:alt_sld_fab|alt_sld_fab_alt_sld_fab_sldfabric:sldfabric|sld_jtag_hub:\jtag_hub_gen:real_sld_jtag_hub|sld_shadow_jsm:shadow_jsm|state[3] ; sld_hub:auto_hub|alt_sld_fab_with_jtag_input:\instrumentation_fabric_with_node_gen:fabric_gen_new_way:with_jtag_input_gen:instrumentation_fabric|alt_sld_fab:instrumentation_fabric|alt_sld_fab_alt_sld_fab:alt_sld_fab|alt_sld_fab_alt_sld_fab_sldfabric:sldfabric|sld_jtag_hub:\jtag_hub_gen:real_sld_jtag_hub|tdo ; altera_reserved_tck ; altera_reserved_tck ; 50.000       ; 0.376      ; 6.404      ;
; 44.028 ; sld_hub:auto_hub|alt_sld_fab_with_jtag_input:\instrumentation_fabric_with_node_gen:fabric_gen_new_way:with_jtag_input_gen:instrumentation_fabric|alt_sld_fab:instrumentation_fabric|alt_sld_fab_alt_sld_fab:alt_sld_fab|alt_sld_fab_alt_sld_fab_sldfabric:sldfabric|sld_jtag_hub:\jtag_hub_gen:real_sld_jtag_hub|sld_shadow_jsm:shadow_jsm|state[4] ; sld_hub:auto_hub|alt_sld_fab_with_jtag_input:\instrumentation_fabric_with_node_gen:fabric_gen_new_way:with_jtag_input_gen:instrumentation_fabric|alt_sld_fab:instrumentation_fabric|alt_sld_fab_alt_sld_fab:alt_sld_fab|alt_sld_fab_alt_sld_fab_sldfabric:sldfabric|sld_jtag_hub:\jtag_hub_gen:real_sld_jtag_hub|tdo ; altera_reserved_tck ; altera_reserved_tck ; 50.000       ; 0.376      ; 6.370      ;
; 44.049 ; sld_hub:auto_hub|alt_sld_fab_with_jtag_input:\instrumentation_fabric_with_node_gen:fabric_gen_new_way:with_jtag_input_gen:instrumentation_fabric|alt_sld_fab:instrumentation_fabric|alt_sld_fab_alt_sld_fab:alt_sld_fab|alt_sld_fab_alt_sld_fab_sldfabric:sldfabric|sld_jtag_hub:\jtag_hub_gen:real_sld_jtag_hub|irf_reg[1][7]                      ; sld_hub:auto_hub|alt_sld_fab_with_jtag_input:\instrumentation_fabric_with_node_gen:fabric_gen_new_way:with_jtag_input_gen:instrumentation_fabric|alt_sld_fab:instrumentation_fabric|alt_sld_fab_alt_sld_fab:alt_sld_fab|alt_sld_fab_alt_sld_fab_sldfabric:sldfabric|sld_jtag_hub:\jtag_hub_gen:real_sld_jtag_hub|tdo ; altera_reserved_tck ; altera_reserved_tck ; 50.000       ; 0.384      ; 6.357      ;
; 44.352 ; sld_hub:auto_hub|alt_sld_fab_with_jtag_input:\instrumentation_fabric_with_node_gen:fabric_gen_new_way:with_jtag_input_gen:instrumentation_fabric|alt_sld_fab:instrumentation_fabric|alt_sld_fab_alt_sld_fab:alt_sld_fab|alt_sld_fab_alt_sld_fab_sldfabric:sldfabric|sld_jtag_hub:\jtag_hub_gen:real_sld_jtag_hub|irf_reg[1][3]                      ; sld_hub:auto_hub|alt_sld_fab_with_jtag_input:\instrumentation_fabric_with_node_gen:fabric_gen_new_way:with_jtag_input_gen:instrumentation_fabric|alt_sld_fab:instrumentation_fabric|alt_sld_fab_alt_sld_fab:alt_sld_fab|alt_sld_fab_alt_sld_fab_sldfabric:sldfabric|sld_jtag_hub:\jtag_hub_gen:real_sld_jtag_hub|tdo ; altera_reserved_tck ; altera_reserved_tck ; 50.000       ; 0.384      ; 6.054      ;
; 44.406 ; sld_hub:auto_hub|alt_sld_fab_with_jtag_input:\instrumentation_fabric_with_node_gen:fabric_gen_new_way:with_jtag_input_gen:instrumentation_fabric|alt_sld_fab:instrumentation_fabric|alt_sld_fab_alt_sld_fab:alt_sld_fab|alt_sld_fab_alt_sld_fab_sldfabric:sldfabric|sld_jtag_hub:\jtag_hub_gen:real_sld_jtag_hub|irf_reg[1][4]                      ; sld_hub:auto_hub|alt_sld_fab_with_jtag_input:\instrumentation_fabric_with_node_gen:fabric_gen_new_way:with_jtag_input_gen:instrumentation_fabric|alt_sld_fab:instrumentation_fabric|alt_sld_fab_alt_sld_fab:alt_sld_fab|alt_sld_fab_alt_sld_fab_sldfabric:sldfabric|sld_jtag_hub:\jtag_hub_gen:real_sld_jtag_hub|tdo ; altera_reserved_tck ; altera_reserved_tck ; 50.000       ; 0.384      ; 6.000      ;
; 44.535 ; sld_hub:auto_hub|alt_sld_fab_with_jtag_input:\instrumentation_fabric_with_node_gen:fabric_gen_new_way:with_jtag_input_gen:instrumentation_fabric|alt_sld_fab:instrumentation_fabric|alt_sld_fab_alt_sld_fab:alt_sld_fab|alt_sld_fab_alt_sld_fab_sldfabric:sldfabric|sld_jtag_hub:\jtag_hub_gen:real_sld_jtag_hub|virtual_ir_scan_reg                ; sld_hub:auto_hub|alt_sld_fab_with_jtag_input:\instrumentation_fabric_with_node_gen:fabric_gen_new_way:with_jtag_input_gen:instrumentation_fabric|alt_sld_fab:instrumentation_fabric|alt_sld_fab_alt_sld_fab:alt_sld_fab|alt_sld_fab_alt_sld_fab_sldfabric:sldfabric|sld_jtag_hub:\jtag_hub_gen:real_sld_jtag_hub|tdo ; altera_reserved_tck ; altera_reserved_tck ; 50.000       ; 0.381      ; 5.868      ;
; 44.761 ; sld_hub:auto_hub|alt_sld_fab_with_jtag_input:\instrumentation_fabric_with_node_gen:fabric_gen_new_way:with_jtag_input_gen:instrumentation_fabric|alt_sld_fab:instrumentation_fabric|alt_sld_fab_alt_sld_fab:alt_sld_fab|splitter_nodes_receive_0[3]                                                                                                 ; sld_hub:auto_hub|alt_sld_fab_with_jtag_input:\instrumentation_fabric_with_node_gen:fabric_gen_new_way:with_jtag_input_gen:instrumentation_fabric|alt_sld_fab:instrumentation_fabric|alt_sld_fab_alt_sld_fab:alt_sld_fab|alt_sld_fab_alt_sld_fab_sldfabric:sldfabric|sld_jtag_hub:\jtag_hub_gen:real_sld_jtag_hub|tdo ; altera_reserved_tck ; altera_reserved_tck ; 50.000       ; 0.387      ; 5.648      ;
; 44.772 ; sld_hub:auto_hub|alt_sld_fab_with_jtag_input:\instrumentation_fabric_with_node_gen:fabric_gen_new_way:with_jtag_input_gen:instrumentation_fabric|alt_sld_fab:instrumentation_fabric|alt_sld_fab_alt_sld_fab:alt_sld_fab|alt_sld_fab_alt_sld_fab_sldfabric:sldfabric|sld_jtag_hub:\jtag_hub_gen:real_sld_jtag_hub|irf_reg[1][9]                      ; sld_hub:auto_hub|alt_sld_fab_with_jtag_input:\instrumentation_fabric_with_node_gen:fabric_gen_new_way:with_jtag_input_gen:instrumentation_fabric|alt_sld_fab:instrumentation_fabric|alt_sld_fab_alt_sld_fab:alt_sld_fab|alt_sld_fab_alt_sld_fab_sldfabric:sldfabric|sld_jtag_hub:\jtag_hub_gen:real_sld_jtag_hub|tdo ; altera_reserved_tck ; altera_reserved_tck ; 50.000       ; 0.377      ; 5.627      ;
; 44.856 ; sld_hub:auto_hub|alt_sld_fab_with_jtag_input:\instrumentation_fabric_with_node_gen:fabric_gen_new_way:with_jtag_input_gen:instrumentation_fabric|alt_sld_fab:instrumentation_fabric|alt_sld_fab_alt_sld_fab:alt_sld_fab|alt_sld_fab_alt_sld_fab_sldfabric:sldfabric|sld_jtag_hub:\jtag_hub_gen:real_sld_jtag_hub|irf_reg[1][8]                      ; sld_hub:auto_hub|alt_sld_fab_with_jtag_input:\instrumentation_fabric_with_node_gen:fabric_gen_new_way:with_jtag_input_gen:instrumentation_fabric|alt_sld_fab:instrumentation_fabric|alt_sld_fab_alt_sld_fab:alt_sld_fab|alt_sld_fab_alt_sld_fab_sldfabric:sldfabric|sld_jtag_hub:\jtag_hub_gen:real_sld_jtag_hub|tdo ; altera_reserved_tck ; altera_reserved_tck ; 50.000       ; 0.377      ; 5.543      ;
; 44.982 ; sld_signaltap:auto_signaltap_0|sld_signaltap_impl:sld_signaltap_body|sld_signaltap_implb:sld_signaltap_body|sld_offload_buffer_mgr:\stp_non_zero_depth_offload_gen:stp_offload_buff_mgr_inst|lpm_shiftreg:status_data_shift_out|dffs[0]                                                                                                             ; sld_hub:auto_hub|alt_sld_fab_with_jtag_input:\instrumentation_fabric_with_node_gen:fabric_gen_new_way:with_jtag_input_gen:instrumentation_fabric|alt_sld_fab:instrumentation_fabric|alt_sld_fab_alt_sld_fab:alt_sld_fab|alt_sld_fab_alt_sld_fab_sldfabric:sldfabric|sld_jtag_hub:\jtag_hub_gen:real_sld_jtag_hub|tdo ; altera_reserved_tck ; altera_reserved_tck ; 50.000       ; 0.375      ; 5.415      ;
; 45.130 ; sld_hub:auto_hub|alt_sld_fab_with_jtag_input:\instrumentation_fabric_with_node_gen:fabric_gen_new_way:with_jtag_input_gen:instrumentation_fabric|alt_sld_fab:instrumentation_fabric|alt_sld_fab_alt_sld_fab:alt_sld_fab|alt_sld_fab_alt_sld_fab_sldfabric:sldfabric|sld_jtag_hub:\jtag_hub_gen:real_sld_jtag_hub|irf_reg[1][5]                      ; sld_hub:auto_hub|alt_sld_fab_with_jtag_input:\instrumentation_fabric_with_node_gen:fabric_gen_new_way:with_jtag_input_gen:instrumentation_fabric|alt_sld_fab:instrumentation_fabric|alt_sld_fab_alt_sld_fab:alt_sld_fab|alt_sld_fab_alt_sld_fab_sldfabric:sldfabric|sld_jtag_hub:\jtag_hub_gen:real_sld_jtag_hub|tdo ; altera_reserved_tck ; altera_reserved_tck ; 50.000       ; 0.377      ; 5.269      ;
; 45.248 ; sld_signaltap:auto_signaltap_0|sld_signaltap_impl:sld_signaltap_body|sld_signaltap_implb:sld_signaltap_body|sld_rom_sr:crc_rom_sr|WORD_SR[0]                                                                                                                                                                                                        ; sld_hub:auto_hub|alt_sld_fab_with_jtag_input:\instrumentation_fabric_with_node_gen:fabric_gen_new_way:with_jtag_input_gen:instrumentation_fabric|alt_sld_fab:instrumentation_fabric|alt_sld_fab_alt_sld_fab:alt_sld_fab|alt_sld_fab_alt_sld_fab_sldfabric:sldfabric|sld_jtag_hub:\jtag_hub_gen:real_sld_jtag_hub|tdo ; altera_reserved_tck ; altera_reserved_tck ; 50.000       ; 0.370      ; 5.144      ;
; 45.299 ; sld_signaltap:auto_signaltap_0|sld_signaltap_impl:sld_signaltap_body|sld_signaltap_implb:sld_signaltap_body|tdo_crc_len_reg[0]                                                                                                                                                                                                                      ; sld_hub:auto_hub|alt_sld_fab_with_jtag_input:\instrumentation_fabric_with_node_gen:fabric_gen_new_way:with_jtag_input_gen:instrumentation_fabric|alt_sld_fab:instrumentation_fabric|alt_sld_fab_alt_sld_fab:alt_sld_fab|alt_sld_fab_alt_sld_fab_sldfabric:sldfabric|sld_jtag_hub:\jtag_hub_gen:real_sld_jtag_hub|tdo ; altera_reserved_tck ; altera_reserved_tck ; 50.000       ; 0.372      ; 5.095      ;
; 45.562 ; sld_signaltap:auto_signaltap_0|sld_signaltap_impl:sld_signaltap_body|sld_signaltap_implb:sld_signaltap_body|lpm_shiftreg:status_register|dffs[0]                                                                                                                                                                                                    ; sld_hub:auto_hub|alt_sld_fab_with_jtag_input:\instrumentation_fabric_with_node_gen:fabric_gen_new_way:with_jtag_input_gen:instrumentation_fabric|alt_sld_fab:instrumentation_fabric|alt_sld_fab_alt_sld_fab:alt_sld_fab|alt_sld_fab_alt_sld_fab_sldfabric:sldfabric|sld_jtag_hub:\jtag_hub_gen:real_sld_jtag_hub|tdo ; altera_reserved_tck ; altera_reserved_tck ; 50.000       ; 0.379      ; 4.839      ;
; 46.087 ; sld_signaltap:auto_signaltap_0|sld_signaltap_impl:sld_signaltap_body|sld_signaltap_implb:sld_signaltap_body|sld_offload_buffer_mgr:\stp_non_zero_depth_offload_gen:stp_offload_buff_mgr_inst|lpm_shiftreg:info_data_shift_out|dffs[0]                                                                                                               ; sld_hub:auto_hub|alt_sld_fab_with_jtag_input:\instrumentation_fabric_with_node_gen:fabric_gen_new_way:with_jtag_input_gen:instrumentation_fabric|alt_sld_fab:instrumentation_fabric|alt_sld_fab_alt_sld_fab:alt_sld_fab|alt_sld_fab_alt_sld_fab_sldfabric:sldfabric|sld_jtag_hub:\jtag_hub_gen:real_sld_jtag_hub|tdo ; altera_reserved_tck ; altera_reserved_tck ; 50.000       ; 0.375      ; 4.310      ;
; 46.144 ; sld_signaltap:auto_signaltap_0|sld_signaltap_impl:sld_signaltap_body|sld_signaltap_implb:sld_signaltap_body|bypass_reg_out                                                                                                                                                                                                                          ; sld_hub:auto_hub|alt_sld_fab_with_jtag_input:\instrumentation_fabric_with_node_gen:fabric_gen_new_way:with_jtag_input_gen:instrumentation_fabric|alt_sld_fab:instrumentation_fabric|alt_sld_fab_alt_sld_fab:alt_sld_fab|alt_sld_fab_alt_sld_fab_sldfabric:sldfabric|sld_jtag_hub:\jtag_hub_gen:real_sld_jtag_hub|tdo ; altera_reserved_tck ; altera_reserved_tck ; 50.000       ; 0.375      ; 4.253      ;
; 46.431 ; sld_hub:auto_hub|alt_sld_fab_with_jtag_input:\instrumentation_fabric_with_node_gen:fabric_gen_new_way:with_jtag_input_gen:instrumentation_fabric|alt_sld_fab:instrumentation_fabric|alt_sld_fab_alt_sld_fab:alt_sld_fab|alt_sld_fab_alt_sld_fab_sldfabric:sldfabric|sld_jtag_hub:\jtag_hub_gen:real_sld_jtag_hub|irsr_reg[2]                        ; sld_hub:auto_hub|alt_sld_fab_with_jtag_input:\instrumentation_fabric_with_node_gen:fabric_gen_new_way:with_jtag_input_gen:instrumentation_fabric|alt_sld_fab:instrumentation_fabric|alt_sld_fab_alt_sld_fab:alt_sld_fab|alt_sld_fab_alt_sld_fab_sldfabric:sldfabric|sld_jtag_hub:\jtag_hub_gen:real_sld_jtag_hub|tdo ; altera_reserved_tck ; altera_reserved_tck ; 50.000       ; 0.377      ; 3.968      ;
; 46.502 ; sld_signaltap:auto_signaltap_0|sld_signaltap_impl:sld_signaltap_body|sld_signaltap_implb:sld_signaltap_body|tdo_crc_val_shift_reg[0]                                                                                                                                                                                                                ; sld_hub:auto_hub|alt_sld_fab_with_jtag_input:\instrumentation_fabric_with_node_gen:fabric_gen_new_way:with_jtag_input_gen:instrumentation_fabric|alt_sld_fab:instrumentation_fabric|alt_sld_fab_alt_sld_fab:alt_sld_fab|alt_sld_fab_alt_sld_fab_sldfabric:sldfabric|sld_jtag_hub:\jtag_hub_gen:real_sld_jtag_hub|tdo ; altera_reserved_tck ; altera_reserved_tck ; 50.000       ; 0.376      ; 3.896      ;
; 46.754 ; sld_hub:auto_hub|alt_sld_fab_with_jtag_input:\instrumentation_fabric_with_node_gen:fabric_gen_new_way:with_jtag_input_gen:instrumentation_fabric|alt_sld_fab:instrumentation_fabric|alt_sld_fab_alt_sld_fab:alt_sld_fab|alt_sld_fab_alt_sld_fab_sldfabric:sldfabric|sld_jtag_hub:\jtag_hub_gen:real_sld_jtag_hub|irsr_reg[0]                        ; sld_hub:auto_hub|alt_sld_fab_with_jtag_input:\instrumentation_fabric_with_node_gen:fabric_gen_new_way:with_jtag_input_gen:instrumentation_fabric|alt_sld_fab:instrumentation_fabric|alt_sld_fab_alt_sld_fab:alt_sld_fab|alt_sld_fab_alt_sld_fab_sldfabric:sldfabric|sld_jtag_hub:\jtag_hub_gen:real_sld_jtag_hub|tdo ; altera_reserved_tck ; altera_reserved_tck ; 50.000       ; 0.377      ; 3.645      ;
; 46.762 ; sld_hub:auto_hub|alt_sld_fab_with_jtag_input:\instrumentation_fabric_with_node_gen:fabric_gen_new_way:with_jtag_input_gen:instrumentation_fabric|alt_sld_fab:instrumentation_fabric|alt_sld_fab_alt_sld_fab:alt_sld_fab|alt_sld_fab_alt_sld_fab_sldfabric:sldfabric|sld_jtag_hub:\jtag_hub_gen:real_sld_jtag_hub|irsr_reg[1]                        ; sld_hub:auto_hub|alt_sld_fab_with_jtag_input:\instrumentation_fabric_with_node_gen:fabric_gen_new_way:with_jtag_input_gen:instrumentation_fabric|alt_sld_fab:instrumentation_fabric|alt_sld_fab_alt_sld_fab:alt_sld_fab|alt_sld_fab_alt_sld_fab_sldfabric:sldfabric|sld_jtag_hub:\jtag_hub_gen:real_sld_jtag_hub|tdo ; altera_reserved_tck ; altera_reserved_tck ; 50.000       ; 0.377      ; 3.637      ;
; 47.184 ; sld_hub:auto_hub|alt_sld_fab_with_jtag_input:\instrumentation_fabric_with_node_gen:fabric_gen_new_way:with_jtag_input_gen:instrumentation_fabric|alt_sld_fab:instrumentation_fabric|alt_sld_fab_alt_sld_fab:alt_sld_fab|alt_sld_fab_alt_sld_fab_sldfabric:sldfabric|sld_jtag_hub:\jtag_hub_gen:real_sld_jtag_hub|sld_rom_sr:hub_info_reg|WORD_SR[0] ; sld_hub:auto_hub|alt_sld_fab_with_jtag_input:\instrumentation_fabric_with_node_gen:fabric_gen_new_way:with_jtag_input_gen:instrumentation_fabric|alt_sld_fab:instrumentation_fabric|alt_sld_fab_alt_sld_fab:alt_sld_fab|alt_sld_fab_alt_sld_fab_sldfabric:sldfabric|sld_jtag_hub:\jtag_hub_gen:real_sld_jtag_hub|tdo ; altera_reserved_tck ; altera_reserved_tck ; 50.000       ; 0.379      ; 3.217      ;
; 47.321 ; sld_hub:auto_hub|alt_sld_fab_with_jtag_input:\instrumentation_fabric_with_node_gen:fabric_gen_new_way:with_jtag_input_gen:instrumentation_fabric|alt_sld_fab:instrumentation_fabric|alt_sld_fab_alt_sld_fab:alt_sld_fab|alt_sld_fab_alt_sld_fab_sldfabric:sldfabric|sld_jtag_hub:\jtag_hub_gen:real_sld_jtag_hub|irsr_reg[10]                       ; sld_hub:auto_hub|alt_sld_fab_with_jtag_input:\instrumentation_fabric_with_node_gen:fabric_gen_new_way:with_jtag_input_gen:instrumentation_fabric|alt_sld_fab:instrumentation_fabric|alt_sld_fab_alt_sld_fab:alt_sld_fab|alt_sld_fab_alt_sld_fab_sldfabric:sldfabric|sld_jtag_hub:\jtag_hub_gen:real_sld_jtag_hub|tdo ; altera_reserved_tck ; altera_reserved_tck ; 50.000       ; 0.375      ; 3.076      ;
; 47.536 ; sld_hub:auto_hub|alt_sld_fab_with_jtag_input:\instrumentation_fabric_with_node_gen:fabric_gen_new_way:with_jtag_input_gen:instrumentation_fabric|alt_sld_fab:instrumentation_fabric|alt_sld_fab_alt_sld_fab:alt_sld_fab|alt_sld_fab_alt_sld_fab_sldfabric:sldfabric|sld_jtag_hub:\jtag_hub_gen:real_sld_jtag_hub|hub_minor_ver_reg[0]               ; sld_hub:auto_hub|alt_sld_fab_with_jtag_input:\instrumentation_fabric_with_node_gen:fabric_gen_new_way:with_jtag_input_gen:instrumentation_fabric|alt_sld_fab:instrumentation_fabric|alt_sld_fab_alt_sld_fab:alt_sld_fab|alt_sld_fab_alt_sld_fab_sldfabric:sldfabric|sld_jtag_hub:\jtag_hub_gen:real_sld_jtag_hub|tdo ; altera_reserved_tck ; altera_reserved_tck ; 50.000       ; 0.376      ; 2.862      ;
; 47.636 ; sld_hub:auto_hub|alt_sld_fab_with_jtag_input:\instrumentation_fabric_with_node_gen:fabric_gen_new_way:with_jtag_input_gen:instrumentation_fabric|alt_sld_fab:instrumentation_fabric|alt_sld_fab_alt_sld_fab:alt_sld_fab|alt_sld_fab_alt_sld_fab_sldfabric:sldfabric|sld_jtag_hub:\jtag_hub_gen:real_sld_jtag_hub|design_hash_reg[0]                 ; sld_hub:auto_hub|alt_sld_fab_with_jtag_input:\instrumentation_fabric_with_node_gen:fabric_gen_new_way:with_jtag_input_gen:instrumentation_fabric|alt_sld_fab:instrumentation_fabric|alt_sld_fab_alt_sld_fab:alt_sld_fab|alt_sld_fab_alt_sld_fab_sldfabric:sldfabric|sld_jtag_hub:\jtag_hub_gen:real_sld_jtag_hub|tdo ; altera_reserved_tck ; altera_reserved_tck ; 50.000       ; 0.377      ; 2.763      ;
; 47.847 ; sld_hub:auto_hub|alt_sld_fab_with_jtag_input:\instrumentation_fabric_with_node_gen:fabric_gen_new_way:with_jtag_input_gen:instrumentation_fabric|alt_sld_fab:instrumentation_fabric|alt_sld_fab_alt_sld_fab:alt_sld_fab|alt_sld_fab_alt_sld_fab_sldfabric:sldfabric|sld_jtag_hub:\jtag_hub_gen:real_sld_jtag_hub|sld_shadow_jsm:shadow_jsm|state[8] ; sld_hub:auto_hub|alt_sld_fab_with_jtag_input:\instrumentation_fabric_with_node_gen:fabric_gen_new_way:with_jtag_input_gen:instrumentation_fabric|alt_sld_fab:instrumentation_fabric|alt_sld_fab_alt_sld_fab:alt_sld_fab|alt_sld_fab_alt_sld_fab_sldfabric:sldfabric|sld_jtag_hub:\jtag_hub_gen:real_sld_jtag_hub|tdo ; altera_reserved_tck ; altera_reserved_tck ; 50.000       ; 0.376      ; 2.551      ;
; 48.179 ; sld_hub:auto_hub|alt_sld_fab_with_jtag_input:\instrumentation_fabric_with_node_gen:fabric_gen_new_way:with_jtag_input_gen:instrumentation_fabric|alt_sld_fab:instrumentation_fabric|alt_sld_fab_alt_sld_fab:alt_sld_fab|alt_sld_fab_alt_sld_fab_sldfabric:sldfabric|sld_jtag_hub:\jtag_hub_gen:real_sld_jtag_hub|tdo_bypass_reg                     ; sld_hub:auto_hub|alt_sld_fab_with_jtag_input:\instrumentation_fabric_with_node_gen:fabric_gen_new_way:with_jtag_input_gen:instrumentation_fabric|alt_sld_fab:instrumentation_fabric|alt_sld_fab_alt_sld_fab:alt_sld_fab|alt_sld_fab_alt_sld_fab_sldfabric:sldfabric|sld_jtag_hub:\jtag_hub_gen:real_sld_jtag_hub|tdo ; altera_reserved_tck ; altera_reserved_tck ; 50.000       ; 0.375      ; 2.218      ;
; 48.284 ; sld_hub:auto_hub|alt_sld_fab_with_jtag_input:\instrumentation_fabric_with_node_gen:fabric_gen_new_way:with_jtag_input_gen:instrumentation_fabric|alt_sld_fab:instrumentation_fabric|alt_sld_fab_alt_sld_fab:alt_sld_fab|alt_sld_fab_alt_sld_fab_sldfabric:sldfabric|sld_jtag_hub:\jtag_hub_gen:real_sld_jtag_hub|virtual_ir_tdo_sel_reg[0]          ; sld_hub:auto_hub|alt_sld_fab_with_jtag_input:\instrumentation_fabric_with_node_gen:fabric_gen_new_way:with_jtag_input_gen:instrumentation_fabric|alt_sld_fab:instrumentation_fabric|alt_sld_fab_alt_sld_fab:alt_sld_fab|alt_sld_fab_alt_sld_fab_sldfabric:sldfabric|sld_jtag_hub:\jtag_hub_gen:real_sld_jtag_hub|tdo ; altera_reserved_tck ; altera_reserved_tck ; 50.000       ; 0.376      ; 2.114      ;
; 92.437 ; sld_hub:auto_hub|alt_sld_fab_with_jtag_input:\instrumentation_fabric_with_node_gen:fabric_gen_new_way:with_jtag_input_gen:instrumentation_fabric|alt_sld_fab:instrumentation_fabric|alt_sld_fab_alt_sld_fab:alt_sld_fab|alt_sld_fab_alt_sld_fab_sldfabric:sldfabric|sld_jtag_hub:\jtag_hub_gen:real_sld_jtag_hub|irf_reg[1][4]                      ; sld_signaltap:auto_signaltap_0|sld_signaltap_impl:sld_signaltap_body|sld_signaltap_implb:sld_signaltap_body|sld_offload_buffer_mgr:\stp_non_zero_depth_offload_gen:stp_offload_buff_mgr_inst|lpm_shiftreg:ram_data_shift_out|dffs[31]                                                                                ; altera_reserved_tck ; altera_reserved_tck ; 100.000      ; -0.077     ; 7.508      ;
; 92.645 ; sld_hub:auto_hub|alt_sld_fab_with_jtag_input:\instrumentation_fabric_with_node_gen:fabric_gen_new_way:with_jtag_input_gen:instrumentation_fabric|alt_sld_fab:instrumentation_fabric|alt_sld_fab_alt_sld_fab:alt_sld_fab|alt_sld_fab_alt_sld_fab_sldfabric:sldfabric|sld_jtag_hub:\jtag_hub_gen:real_sld_jtag_hub|irf_reg[1][4]                      ; sld_signaltap:auto_signaltap_0|sld_signaltap_impl:sld_signaltap_body|sld_signaltap_implb:sld_signaltap_body|sld_offload_buffer_mgr:\stp_non_zero_depth_offload_gen:stp_offload_buff_mgr_inst|lpm_shiftreg:ram_data_shift_out|dffs[30]                                                                                ; altera_reserved_tck ; altera_reserved_tck ; 100.000      ; -0.077     ; 7.300      ;
; 92.870 ; sld_hub:auto_hub|alt_sld_fab_with_jtag_input:\instrumentation_fabric_with_node_gen:fabric_gen_new_way:with_jtag_input_gen:instrumentation_fabric|alt_sld_fab:instrumentation_fabric|alt_sld_fab_alt_sld_fab:alt_sld_fab|alt_sld_fab_alt_sld_fab_sldfabric:sldfabric|sld_jtag_hub:\jtag_hub_gen:real_sld_jtag_hub|sld_shadow_jsm:shadow_jsm|state[4] ; sld_signaltap:auto_signaltap_0|sld_signaltap_impl:sld_signaltap_body|sld_signaltap_implb:sld_signaltap_body|sld_offload_buffer_mgr:\stp_non_zero_depth_offload_gen:stp_offload_buff_mgr_inst|lpm_shiftreg:ram_data_shift_out|dffs[31]                                                                                ; altera_reserved_tck ; altera_reserved_tck ; 100.000      ; -0.085     ; 7.067      ;
; 92.876 ; sld_hub:auto_hub|alt_sld_fab_with_jtag_input:\instrumentation_fabric_with_node_gen:fabric_gen_new_way:with_jtag_input_gen:instrumentation_fabric|alt_sld_fab:instrumentation_fabric|alt_sld_fab_alt_sld_fab:alt_sld_fab|alt_sld_fab_alt_sld_fab_sldfabric:sldfabric|sld_jtag_hub:\jtag_hub_gen:real_sld_jtag_hub|sld_shadow_jsm:shadow_jsm|state[4] ; sld_signaltap:auto_signaltap_0|sld_signaltap_impl:sld_signaltap_body|sld_signaltap_implb:sld_signaltap_body|sld_offload_buffer_mgr:\stp_non_zero_depth_offload_gen:stp_offload_buff_mgr_inst|lpm_shiftreg:status_data_shift_out|dffs[0]                                                                              ; altera_reserved_tck ; altera_reserved_tck ; 100.000      ; -0.072     ; 7.074      ;
; 92.929 ; sld_hub:auto_hub|alt_sld_fab_with_jtag_input:\instrumentation_fabric_with_node_gen:fabric_gen_new_way:with_jtag_input_gen:instrumentation_fabric|alt_sld_fab:instrumentation_fabric|alt_sld_fab_alt_sld_fab:alt_sld_fab|alt_sld_fab_alt_sld_fab_sldfabric:sldfabric|sld_jtag_hub:\jtag_hub_gen:real_sld_jtag_hub|sld_shadow_jsm:shadow_jsm|state[3] ; sld_signaltap:auto_signaltap_0|sld_signaltap_impl:sld_signaltap_body|sld_signaltap_implb:sld_signaltap_body|sld_offload_buffer_mgr:\stp_non_zero_depth_offload_gen:stp_offload_buff_mgr_inst|lpm_counter:read_pointer_counter|cntr_i6j:auto_generated|counter_reg_bit[6]                                             ; altera_reserved_tck ; altera_reserved_tck ; 100.000      ; -0.090     ; 7.003      ;
; 92.929 ; sld_hub:auto_hub|alt_sld_fab_with_jtag_input:\instrumentation_fabric_with_node_gen:fabric_gen_new_way:with_jtag_input_gen:instrumentation_fabric|alt_sld_fab:instrumentation_fabric|alt_sld_fab_alt_sld_fab:alt_sld_fab|alt_sld_fab_alt_sld_fab_sldfabric:sldfabric|sld_jtag_hub:\jtag_hub_gen:real_sld_jtag_hub|sld_shadow_jsm:shadow_jsm|state[3] ; sld_signaltap:auto_signaltap_0|sld_signaltap_impl:sld_signaltap_body|sld_signaltap_implb:sld_signaltap_body|sld_offload_buffer_mgr:\stp_non_zero_depth_offload_gen:stp_offload_buff_mgr_inst|lpm_counter:read_pointer_counter|cntr_i6j:auto_generated|counter_reg_bit[5]                                             ; altera_reserved_tck ; altera_reserved_tck ; 100.000      ; -0.090     ; 7.003      ;
; 92.929 ; sld_hub:auto_hub|alt_sld_fab_with_jtag_input:\instrumentation_fabric_with_node_gen:fabric_gen_new_way:with_jtag_input_gen:instrumentation_fabric|alt_sld_fab:instrumentation_fabric|alt_sld_fab_alt_sld_fab:alt_sld_fab|alt_sld_fab_alt_sld_fab_sldfabric:sldfabric|sld_jtag_hub:\jtag_hub_gen:real_sld_jtag_hub|sld_shadow_jsm:shadow_jsm|state[3] ; sld_signaltap:auto_signaltap_0|sld_signaltap_impl:sld_signaltap_body|sld_signaltap_implb:sld_signaltap_body|sld_offload_buffer_mgr:\stp_non_zero_depth_offload_gen:stp_offload_buff_mgr_inst|lpm_counter:read_pointer_counter|cntr_i6j:auto_generated|counter_reg_bit[4]                                             ; altera_reserved_tck ; altera_reserved_tck ; 100.000      ; -0.090     ; 7.003      ;
; 92.929 ; sld_hub:auto_hub|alt_sld_fab_with_jtag_input:\instrumentation_fabric_with_node_gen:fabric_gen_new_way:with_jtag_input_gen:instrumentation_fabric|alt_sld_fab:instrumentation_fabric|alt_sld_fab_alt_sld_fab:alt_sld_fab|alt_sld_fab_alt_sld_fab_sldfabric:sldfabric|sld_jtag_hub:\jtag_hub_gen:real_sld_jtag_hub|sld_shadow_jsm:shadow_jsm|state[3] ; sld_signaltap:auto_signaltap_0|sld_signaltap_impl:sld_signaltap_body|sld_signaltap_implb:sld_signaltap_body|sld_offload_buffer_mgr:\stp_non_zero_depth_offload_gen:stp_offload_buff_mgr_inst|lpm_counter:read_pointer_counter|cntr_i6j:auto_generated|counter_reg_bit[3]                                             ; altera_reserved_tck ; altera_reserved_tck ; 100.000      ; -0.090     ; 7.003      ;
; 92.929 ; sld_hub:auto_hub|alt_sld_fab_with_jtag_input:\instrumentation_fabric_with_node_gen:fabric_gen_new_way:with_jtag_input_gen:instrumentation_fabric|alt_sld_fab:instrumentation_fabric|alt_sld_fab_alt_sld_fab:alt_sld_fab|alt_sld_fab_alt_sld_fab_sldfabric:sldfabric|sld_jtag_hub:\jtag_hub_gen:real_sld_jtag_hub|sld_shadow_jsm:shadow_jsm|state[3] ; sld_signaltap:auto_signaltap_0|sld_signaltap_impl:sld_signaltap_body|sld_signaltap_implb:sld_signaltap_body|sld_offload_buffer_mgr:\stp_non_zero_depth_offload_gen:stp_offload_buff_mgr_inst|lpm_counter:read_pointer_counter|cntr_i6j:auto_generated|counter_reg_bit[2]                                             ; altera_reserved_tck ; altera_reserved_tck ; 100.000      ; -0.090     ; 7.003      ;
; 92.929 ; sld_hub:auto_hub|alt_sld_fab_with_jtag_input:\instrumentation_fabric_with_node_gen:fabric_gen_new_way:with_jtag_input_gen:instrumentation_fabric|alt_sld_fab:instrumentation_fabric|alt_sld_fab_alt_sld_fab:alt_sld_fab|alt_sld_fab_alt_sld_fab_sldfabric:sldfabric|sld_jtag_hub:\jtag_hub_gen:real_sld_jtag_hub|sld_shadow_jsm:shadow_jsm|state[3] ; sld_signaltap:auto_signaltap_0|sld_signaltap_impl:sld_signaltap_body|sld_signaltap_implb:sld_signaltap_body|sld_offload_buffer_mgr:\stp_non_zero_depth_offload_gen:stp_offload_buff_mgr_inst|lpm_counter:read_pointer_counter|cntr_i6j:auto_generated|counter_reg_bit[1]                                             ; altera_reserved_tck ; altera_reserved_tck ; 100.000      ; -0.090     ; 7.003      ;
; 92.929 ; sld_hub:auto_hub|alt_sld_fab_with_jtag_input:\instrumentation_fabric_with_node_gen:fabric_gen_new_way:with_jtag_input_gen:instrumentation_fabric|alt_sld_fab:instrumentation_fabric|alt_sld_fab_alt_sld_fab:alt_sld_fab|alt_sld_fab_alt_sld_fab_sldfabric:sldfabric|sld_jtag_hub:\jtag_hub_gen:real_sld_jtag_hub|sld_shadow_jsm:shadow_jsm|state[3] ; sld_signaltap:auto_signaltap_0|sld_signaltap_impl:sld_signaltap_body|sld_signaltap_implb:sld_signaltap_body|sld_offload_buffer_mgr:\stp_non_zero_depth_offload_gen:stp_offload_buff_mgr_inst|lpm_counter:read_pointer_counter|cntr_i6j:auto_generated|counter_reg_bit[0]                                             ; altera_reserved_tck ; altera_reserved_tck ; 100.000      ; -0.090     ; 7.003      ;
; 92.963 ; sld_hub:auto_hub|alt_sld_fab_with_jtag_input:\instrumentation_fabric_with_node_gen:fabric_gen_new_way:with_jtag_input_gen:instrumentation_fabric|alt_sld_fab:instrumentation_fabric|alt_sld_fab_alt_sld_fab:alt_sld_fab|alt_sld_fab_alt_sld_fab_sldfabric:sldfabric|sld_jtag_hub:\jtag_hub_gen:real_sld_jtag_hub|sld_shadow_jsm:shadow_jsm|state[4] ; sld_signaltap:auto_signaltap_0|sld_signaltap_impl:sld_signaltap_body|sld_signaltap_implb:sld_signaltap_body|sld_offload_buffer_mgr:\stp_non_zero_depth_offload_gen:stp_offload_buff_mgr_inst|lpm_counter:read_pointer_counter|cntr_i6j:auto_generated|counter_reg_bit[6]                                             ; altera_reserved_tck ; altera_reserved_tck ; 100.000      ; -0.090     ; 6.969      ;
; 92.963 ; sld_hub:auto_hub|alt_sld_fab_with_jtag_input:\instrumentation_fabric_with_node_gen:fabric_gen_new_way:with_jtag_input_gen:instrumentation_fabric|alt_sld_fab:instrumentation_fabric|alt_sld_fab_alt_sld_fab:alt_sld_fab|alt_sld_fab_alt_sld_fab_sldfabric:sldfabric|sld_jtag_hub:\jtag_hub_gen:real_sld_jtag_hub|sld_shadow_jsm:shadow_jsm|state[4] ; sld_signaltap:auto_signaltap_0|sld_signaltap_impl:sld_signaltap_body|sld_signaltap_implb:sld_signaltap_body|sld_offload_buffer_mgr:\stp_non_zero_depth_offload_gen:stp_offload_buff_mgr_inst|lpm_counter:read_pointer_counter|cntr_i6j:auto_generated|counter_reg_bit[5]                                             ; altera_reserved_tck ; altera_reserved_tck ; 100.000      ; -0.090     ; 6.969      ;
; 92.963 ; sld_hub:auto_hub|alt_sld_fab_with_jtag_input:\instrumentation_fabric_with_node_gen:fabric_gen_new_way:with_jtag_input_gen:instrumentation_fabric|alt_sld_fab:instrumentation_fabric|alt_sld_fab_alt_sld_fab:alt_sld_fab|alt_sld_fab_alt_sld_fab_sldfabric:sldfabric|sld_jtag_hub:\jtag_hub_gen:real_sld_jtag_hub|sld_shadow_jsm:shadow_jsm|state[4] ; sld_signaltap:auto_signaltap_0|sld_signaltap_impl:sld_signaltap_body|sld_signaltap_implb:sld_signaltap_body|sld_offload_buffer_mgr:\stp_non_zero_depth_offload_gen:stp_offload_buff_mgr_inst|lpm_counter:read_pointer_counter|cntr_i6j:auto_generated|counter_reg_bit[4]                                             ; altera_reserved_tck ; altera_reserved_tck ; 100.000      ; -0.090     ; 6.969      ;
; 92.963 ; sld_hub:auto_hub|alt_sld_fab_with_jtag_input:\instrumentation_fabric_with_node_gen:fabric_gen_new_way:with_jtag_input_gen:instrumentation_fabric|alt_sld_fab:instrumentation_fabric|alt_sld_fab_alt_sld_fab:alt_sld_fab|alt_sld_fab_alt_sld_fab_sldfabric:sldfabric|sld_jtag_hub:\jtag_hub_gen:real_sld_jtag_hub|sld_shadow_jsm:shadow_jsm|state[4] ; sld_signaltap:auto_signaltap_0|sld_signaltap_impl:sld_signaltap_body|sld_signaltap_implb:sld_signaltap_body|sld_offload_buffer_mgr:\stp_non_zero_depth_offload_gen:stp_offload_buff_mgr_inst|lpm_counter:read_pointer_counter|cntr_i6j:auto_generated|counter_reg_bit[3]                                             ; altera_reserved_tck ; altera_reserved_tck ; 100.000      ; -0.090     ; 6.969      ;
; 92.963 ; sld_hub:auto_hub|alt_sld_fab_with_jtag_input:\instrumentation_fabric_with_node_gen:fabric_gen_new_way:with_jtag_input_gen:instrumentation_fabric|alt_sld_fab:instrumentation_fabric|alt_sld_fab_alt_sld_fab:alt_sld_fab|alt_sld_fab_alt_sld_fab_sldfabric:sldfabric|sld_jtag_hub:\jtag_hub_gen:real_sld_jtag_hub|sld_shadow_jsm:shadow_jsm|state[4] ; sld_signaltap:auto_signaltap_0|sld_signaltap_impl:sld_signaltap_body|sld_signaltap_implb:sld_signaltap_body|sld_offload_buffer_mgr:\stp_non_zero_depth_offload_gen:stp_offload_buff_mgr_inst|lpm_counter:read_pointer_counter|cntr_i6j:auto_generated|counter_reg_bit[2]                                             ; altera_reserved_tck ; altera_reserved_tck ; 100.000      ; -0.090     ; 6.969      ;
; 92.963 ; sld_hub:auto_hub|alt_sld_fab_with_jtag_input:\instrumentation_fabric_with_node_gen:fabric_gen_new_way:with_jtag_input_gen:instrumentation_fabric|alt_sld_fab:instrumentation_fabric|alt_sld_fab_alt_sld_fab:alt_sld_fab|alt_sld_fab_alt_sld_fab_sldfabric:sldfabric|sld_jtag_hub:\jtag_hub_gen:real_sld_jtag_hub|sld_shadow_jsm:shadow_jsm|state[4] ; sld_signaltap:auto_signaltap_0|sld_signaltap_impl:sld_signaltap_body|sld_signaltap_implb:sld_signaltap_body|sld_offload_buffer_mgr:\stp_non_zero_depth_offload_gen:stp_offload_buff_mgr_inst|lpm_counter:read_pointer_counter|cntr_i6j:auto_generated|counter_reg_bit[1]                                             ; altera_reserved_tck ; altera_reserved_tck ; 100.000      ; -0.090     ; 6.969      ;
; 92.963 ; sld_hub:auto_hub|alt_sld_fab_with_jtag_input:\instrumentation_fabric_with_node_gen:fabric_gen_new_way:with_jtag_input_gen:instrumentation_fabric|alt_sld_fab:instrumentation_fabric|alt_sld_fab_alt_sld_fab:alt_sld_fab|alt_sld_fab_alt_sld_fab_sldfabric:sldfabric|sld_jtag_hub:\jtag_hub_gen:real_sld_jtag_hub|sld_shadow_jsm:shadow_jsm|state[4] ; sld_signaltap:auto_signaltap_0|sld_signaltap_impl:sld_signaltap_body|sld_signaltap_implb:sld_signaltap_body|sld_offload_buffer_mgr:\stp_non_zero_depth_offload_gen:stp_offload_buff_mgr_inst|lpm_counter:read_pointer_counter|cntr_i6j:auto_generated|counter_reg_bit[0]                                             ; altera_reserved_tck ; altera_reserved_tck ; 100.000      ; -0.090     ; 6.969      ;
; 92.971 ; sld_signaltap:auto_signaltap_0|sld_signaltap_impl:sld_signaltap_body|sld_signaltap_implb:sld_signaltap_body|tdo_crc_len_reg[6]                                                                                                                                                                                                                      ; sld_signaltap:auto_signaltap_0|sld_signaltap_impl:sld_signaltap_body|sld_signaltap_implb:sld_signaltap_body|tdo_crc_len_reg[31]                                                                                                                                                                                      ; altera_reserved_tck ; altera_reserved_tck ; 100.000      ; -0.078     ; 6.973      ;
; 92.971 ; sld_signaltap:auto_signaltap_0|sld_signaltap_impl:sld_signaltap_body|sld_signaltap_implb:sld_signaltap_body|tdo_crc_len_reg[6]                                                                                                                                                                                                                      ; sld_signaltap:auto_signaltap_0|sld_signaltap_impl:sld_signaltap_body|sld_signaltap_implb:sld_signaltap_body|tdo_crc_len_reg[30]                                                                                                                                                                                      ; altera_reserved_tck ; altera_reserved_tck ; 100.000      ; -0.078     ; 6.973      ;
; 92.971 ; sld_signaltap:auto_signaltap_0|sld_signaltap_impl:sld_signaltap_body|sld_signaltap_implb:sld_signaltap_body|tdo_crc_len_reg[6]                                                                                                                                                                                                                      ; sld_signaltap:auto_signaltap_0|sld_signaltap_impl:sld_signaltap_body|sld_signaltap_implb:sld_signaltap_body|tdo_crc_len_reg[29]                                                                                                                                                                                      ; altera_reserved_tck ; altera_reserved_tck ; 100.000      ; -0.078     ; 6.973      ;
; 92.971 ; sld_signaltap:auto_signaltap_0|sld_signaltap_impl:sld_signaltap_body|sld_signaltap_implb:sld_signaltap_body|tdo_crc_len_reg[6]                                                                                                                                                                                                                      ; sld_signaltap:auto_signaltap_0|sld_signaltap_impl:sld_signaltap_body|sld_signaltap_implb:sld_signaltap_body|tdo_crc_len_reg[28]                                                                                                                                                                                      ; altera_reserved_tck ; altera_reserved_tck ; 100.000      ; -0.078     ; 6.973      ;
; 92.971 ; sld_signaltap:auto_signaltap_0|sld_signaltap_impl:sld_signaltap_body|sld_signaltap_implb:sld_signaltap_body|tdo_crc_len_reg[6]                                                                                                                                                                                                                      ; sld_signaltap:auto_signaltap_0|sld_signaltap_impl:sld_signaltap_body|sld_signaltap_implb:sld_signaltap_body|tdo_crc_len_reg[27]                                                                                                                                                                                      ; altera_reserved_tck ; altera_reserved_tck ; 100.000      ; -0.078     ; 6.973      ;
; 92.971 ; sld_signaltap:auto_signaltap_0|sld_signaltap_impl:sld_signaltap_body|sld_signaltap_implb:sld_signaltap_body|tdo_crc_len_reg[6]                                                                                                                                                                                                                      ; sld_signaltap:auto_signaltap_0|sld_signaltap_impl:sld_signaltap_body|sld_signaltap_implb:sld_signaltap_body|tdo_crc_len_reg[26]                                                                                                                                                                                      ; altera_reserved_tck ; altera_reserved_tck ; 100.000      ; -0.078     ; 6.973      ;
; 92.971 ; sld_signaltap:auto_signaltap_0|sld_signaltap_impl:sld_signaltap_body|sld_signaltap_implb:sld_signaltap_body|tdo_crc_len_reg[6]                                                                                                                                                                                                                      ; sld_signaltap:auto_signaltap_0|sld_signaltap_impl:sld_signaltap_body|sld_signaltap_implb:sld_signaltap_body|tdo_crc_len_reg[25]                                                                                                                                                                                      ; altera_reserved_tck ; altera_reserved_tck ; 100.000      ; -0.078     ; 6.973      ;
; 92.971 ; sld_signaltap:auto_signaltap_0|sld_signaltap_impl:sld_signaltap_body|sld_signaltap_implb:sld_signaltap_body|tdo_crc_len_reg[6]                                                                                                                                                                                                                      ; sld_signaltap:auto_signaltap_0|sld_signaltap_impl:sld_signaltap_body|sld_signaltap_implb:sld_signaltap_body|tdo_crc_len_reg[24]                                                                                                                                                                                      ; altera_reserved_tck ; altera_reserved_tck ; 100.000      ; -0.078     ; 6.973      ;
; 92.971 ; sld_signaltap:auto_signaltap_0|sld_signaltap_impl:sld_signaltap_body|sld_signaltap_implb:sld_signaltap_body|tdo_crc_len_reg[6]                                                                                                                                                                                                                      ; sld_signaltap:auto_signaltap_0|sld_signaltap_impl:sld_signaltap_body|sld_signaltap_implb:sld_signaltap_body|tdo_crc_len_reg[23]                                                                                                                                                                                      ; altera_reserved_tck ; altera_reserved_tck ; 100.000      ; -0.078     ; 6.973      ;
; 92.971 ; sld_signaltap:auto_signaltap_0|sld_signaltap_impl:sld_signaltap_body|sld_signaltap_implb:sld_signaltap_body|tdo_crc_len_reg[6]                                                                                                                                                                                                                      ; sld_signaltap:auto_signaltap_0|sld_signaltap_impl:sld_signaltap_body|sld_signaltap_implb:sld_signaltap_body|tdo_crc_len_reg[22]                                                                                                                                                                                      ; altera_reserved_tck ; altera_reserved_tck ; 100.000      ; -0.078     ; 6.973      ;
; 92.971 ; sld_signaltap:auto_signaltap_0|sld_signaltap_impl:sld_signaltap_body|sld_signaltap_implb:sld_signaltap_body|tdo_crc_len_reg[6]                                                                                                                                                                                                                      ; sld_signaltap:auto_signaltap_0|sld_signaltap_impl:sld_signaltap_body|sld_signaltap_implb:sld_signaltap_body|tdo_crc_len_reg[21]                                                                                                                                                                                      ; altera_reserved_tck ; altera_reserved_tck ; 100.000      ; -0.078     ; 6.973      ;
; 92.971 ; sld_signaltap:auto_signaltap_0|sld_signaltap_impl:sld_signaltap_body|sld_signaltap_implb:sld_signaltap_body|tdo_crc_len_reg[6]                                                                                                                                                                                                                      ; sld_signaltap:auto_signaltap_0|sld_signaltap_impl:sld_signaltap_body|sld_signaltap_implb:sld_signaltap_body|tdo_crc_len_reg[20]                                                                                                                                                                                      ; altera_reserved_tck ; altera_reserved_tck ; 100.000      ; -0.078     ; 6.973      ;
; 92.971 ; sld_signaltap:auto_signaltap_0|sld_signaltap_impl:sld_signaltap_body|sld_signaltap_implb:sld_signaltap_body|tdo_crc_len_reg[6]                                                                                                                                                                                                                      ; sld_signaltap:auto_signaltap_0|sld_signaltap_impl:sld_signaltap_body|sld_signaltap_implb:sld_signaltap_body|tdo_crc_len_reg[16]                                                                                                                                                                                      ; altera_reserved_tck ; altera_reserved_tck ; 100.000      ; -0.078     ; 6.973      ;
; 92.971 ; sld_signaltap:auto_signaltap_0|sld_signaltap_impl:sld_signaltap_body|sld_signaltap_implb:sld_signaltap_body|tdo_crc_len_reg[6]                                                                                                                                                                                                                      ; sld_signaltap:auto_signaltap_0|sld_signaltap_impl:sld_signaltap_body|sld_signaltap_implb:sld_signaltap_body|tdo_crc_len_reg[17]                                                                                                                                                                                      ; altera_reserved_tck ; altera_reserved_tck ; 100.000      ; -0.078     ; 6.973      ;
; 92.971 ; sld_signaltap:auto_signaltap_0|sld_signaltap_impl:sld_signaltap_body|sld_signaltap_implb:sld_signaltap_body|tdo_crc_len_reg[6]                                                                                                                                                                                                                      ; sld_signaltap:auto_signaltap_0|sld_signaltap_impl:sld_signaltap_body|sld_signaltap_implb:sld_signaltap_body|tdo_crc_len_reg[18]                                                                                                                                                                                      ; altera_reserved_tck ; altera_reserved_tck ; 100.000      ; -0.078     ; 6.973      ;
; 92.971 ; sld_signaltap:auto_signaltap_0|sld_signaltap_impl:sld_signaltap_body|sld_signaltap_implb:sld_signaltap_body|tdo_crc_len_reg[6]                                                                                                                                                                                                                      ; sld_signaltap:auto_signaltap_0|sld_signaltap_impl:sld_signaltap_body|sld_signaltap_implb:sld_signaltap_body|tdo_crc_len_reg[19]                                                                                                                                                                                      ; altera_reserved_tck ; altera_reserved_tck ; 100.000      ; -0.078     ; 6.973      ;
; 92.986 ; sld_hub:auto_hub|alt_sld_fab_with_jtag_input:\instrumentation_fabric_with_node_gen:fabric_gen_new_way:with_jtag_input_gen:instrumentation_fabric|alt_sld_fab:instrumentation_fabric|alt_sld_fab_alt_sld_fab:alt_sld_fab|splitter_nodes_receive_0[3]                                                                                                 ; sld_signaltap:auto_signaltap_0|sld_signaltap_impl:sld_signaltap_body|sld_signaltap_implb:sld_signaltap_body|sld_offload_buffer_mgr:\stp_non_zero_depth_offload_gen:stp_offload_buff_mgr_inst|lpm_shiftreg:status_data_shift_out|dffs[0]                                                                              ; altera_reserved_tck ; altera_reserved_tck ; 100.000      ; -0.061     ; 6.975      ;
; 92.987 ; sld_signaltap:auto_signaltap_0|sld_signaltap_impl:sld_signaltap_body|sld_signaltap_implb:sld_signaltap_body|tdo_crc_len_reg[6]                                                                                                                                                                                                                      ; sld_signaltap:auto_signaltap_0|sld_signaltap_impl:sld_signaltap_body|sld_signaltap_implb:sld_signaltap_body|tdo_crc_len_reg[14]                                                                                                                                                                                      ; altera_reserved_tck ; altera_reserved_tck ; 100.000      ; -0.073     ; 6.962      ;
; 92.987 ; sld_signaltap:auto_signaltap_0|sld_signaltap_impl:sld_signaltap_body|sld_signaltap_implb:sld_signaltap_body|tdo_crc_len_reg[6]                                                                                                                                                                                                                      ; sld_signaltap:auto_signaltap_0|sld_signaltap_impl:sld_signaltap_body|sld_signaltap_implb:sld_signaltap_body|tdo_crc_len_reg[15]                                                                                                                                                                                      ; altera_reserved_tck ; altera_reserved_tck ; 100.000      ; -0.073     ; 6.962      ;
; 92.987 ; sld_signaltap:auto_signaltap_0|sld_signaltap_impl:sld_signaltap_body|sld_signaltap_implb:sld_signaltap_body|tdo_crc_len_reg[6]                                                                                                                                                                                                                      ; sld_signaltap:auto_signaltap_0|sld_signaltap_impl:sld_signaltap_body|sld_signaltap_implb:sld_signaltap_body|tdo_crc_len_reg[0]                                                                                                                                                                                       ; altera_reserved_tck ; altera_reserved_tck ; 100.000      ; -0.073     ; 6.962      ;
; 92.987 ; sld_signaltap:auto_signaltap_0|sld_signaltap_impl:sld_signaltap_body|sld_signaltap_implb:sld_signaltap_body|tdo_crc_len_reg[6]                                                                                                                                                                                                                      ; sld_signaltap:auto_signaltap_0|sld_signaltap_impl:sld_signaltap_body|sld_signaltap_implb:sld_signaltap_body|tdo_crc_len_reg[1]                                                                                                                                                                                       ; altera_reserved_tck ; altera_reserved_tck ; 100.000      ; -0.073     ; 6.962      ;
; 92.987 ; sld_signaltap:auto_signaltap_0|sld_signaltap_impl:sld_signaltap_body|sld_signaltap_implb:sld_signaltap_body|tdo_crc_len_reg[6]                                                                                                                                                                                                                      ; sld_signaltap:auto_signaltap_0|sld_signaltap_impl:sld_signaltap_body|sld_signaltap_implb:sld_signaltap_body|tdo_crc_len_reg[2]                                                                                                                                                                                       ; altera_reserved_tck ; altera_reserved_tck ; 100.000      ; -0.073     ; 6.962      ;
; 92.987 ; sld_signaltap:auto_signaltap_0|sld_signaltap_impl:sld_signaltap_body|sld_signaltap_implb:sld_signaltap_body|tdo_crc_len_reg[6]                                                                                                                                                                                                                      ; sld_signaltap:auto_signaltap_0|sld_signaltap_impl:sld_signaltap_body|sld_signaltap_implb:sld_signaltap_body|tdo_crc_len_reg[3]                                                                                                                                                                                       ; altera_reserved_tck ; altera_reserved_tck ; 100.000      ; -0.073     ; 6.962      ;
; 92.987 ; sld_signaltap:auto_signaltap_0|sld_signaltap_impl:sld_signaltap_body|sld_signaltap_implb:sld_signaltap_body|tdo_crc_len_reg[6]                                                                                                                                                                                                                      ; sld_signaltap:auto_signaltap_0|sld_signaltap_impl:sld_signaltap_body|sld_signaltap_implb:sld_signaltap_body|tdo_crc_len_reg[4]                                                                                                                                                                                       ; altera_reserved_tck ; altera_reserved_tck ; 100.000      ; -0.073     ; 6.962      ;
; 92.987 ; sld_signaltap:auto_signaltap_0|sld_signaltap_impl:sld_signaltap_body|sld_signaltap_implb:sld_signaltap_body|tdo_crc_len_reg[6]                                                                                                                                                                                                                      ; sld_signaltap:auto_signaltap_0|sld_signaltap_impl:sld_signaltap_body|sld_signaltap_implb:sld_signaltap_body|tdo_crc_len_reg[5]                                                                                                                                                                                       ; altera_reserved_tck ; altera_reserved_tck ; 100.000      ; -0.073     ; 6.962      ;
; 92.987 ; sld_signaltap:auto_signaltap_0|sld_signaltap_impl:sld_signaltap_body|sld_signaltap_implb:sld_signaltap_body|tdo_crc_len_reg[6]                                                                                                                                                                                                                      ; sld_signaltap:auto_signaltap_0|sld_signaltap_impl:sld_signaltap_body|sld_signaltap_implb:sld_signaltap_body|tdo_crc_len_reg[6]                                                                                                                                                                                       ; altera_reserved_tck ; altera_reserved_tck ; 100.000      ; -0.073     ; 6.962      ;
; 92.987 ; sld_signaltap:auto_signaltap_0|sld_signaltap_impl:sld_signaltap_body|sld_signaltap_implb:sld_signaltap_body|tdo_crc_len_reg[6]                                                                                                                                                                                                                      ; sld_signaltap:auto_signaltap_0|sld_signaltap_impl:sld_signaltap_body|sld_signaltap_implb:sld_signaltap_body|tdo_crc_len_reg[7]                                                                                                                                                                                       ; altera_reserved_tck ; altera_reserved_tck ; 100.000      ; -0.073     ; 6.962      ;
; 92.987 ; sld_signaltap:auto_signaltap_0|sld_signaltap_impl:sld_signaltap_body|sld_signaltap_implb:sld_signaltap_body|tdo_crc_len_reg[6]                                                                                                                                                                                                                      ; sld_signaltap:auto_signaltap_0|sld_signaltap_impl:sld_signaltap_body|sld_signaltap_implb:sld_signaltap_body|tdo_crc_len_reg[8]                                                                                                                                                                                       ; altera_reserved_tck ; altera_reserved_tck ; 100.000      ; -0.073     ; 6.962      ;
; 92.987 ; sld_signaltap:auto_signaltap_0|sld_signaltap_impl:sld_signaltap_body|sld_signaltap_implb:sld_signaltap_body|tdo_crc_len_reg[6]                                                                                                                                                                                                                      ; sld_signaltap:auto_signaltap_0|sld_signaltap_impl:sld_signaltap_body|sld_signaltap_implb:sld_signaltap_body|tdo_crc_len_reg[9]                                                                                                                                                                                       ; altera_reserved_tck ; altera_reserved_tck ; 100.000      ; -0.073     ; 6.962      ;
; 92.987 ; sld_signaltap:auto_signaltap_0|sld_signaltap_impl:sld_signaltap_body|sld_signaltap_implb:sld_signaltap_body|tdo_crc_len_reg[6]                                                                                                                                                                                                                      ; sld_signaltap:auto_signaltap_0|sld_signaltap_impl:sld_signaltap_body|sld_signaltap_implb:sld_signaltap_body|tdo_crc_len_reg[10]                                                                                                                                                                                      ; altera_reserved_tck ; altera_reserved_tck ; 100.000      ; -0.073     ; 6.962      ;
; 92.987 ; sld_signaltap:auto_signaltap_0|sld_signaltap_impl:sld_signaltap_body|sld_signaltap_implb:sld_signaltap_body|tdo_crc_len_reg[6]                                                                                                                                                                                                                      ; sld_signaltap:auto_signaltap_0|sld_signaltap_impl:sld_signaltap_body|sld_signaltap_implb:sld_signaltap_body|tdo_crc_len_reg[11]                                                                                                                                                                                      ; altera_reserved_tck ; altera_reserved_tck ; 100.000      ; -0.073     ; 6.962      ;
; 92.987 ; sld_signaltap:auto_signaltap_0|sld_signaltap_impl:sld_signaltap_body|sld_signaltap_implb:sld_signaltap_body|tdo_crc_len_reg[6]                                                                                                                                                                                                                      ; sld_signaltap:auto_signaltap_0|sld_signaltap_impl:sld_signaltap_body|sld_signaltap_implb:sld_signaltap_body|tdo_crc_len_reg[12]                                                                                                                                                                                      ; altera_reserved_tck ; altera_reserved_tck ; 100.000      ; -0.073     ; 6.962      ;
; 92.987 ; sld_signaltap:auto_signaltap_0|sld_signaltap_impl:sld_signaltap_body|sld_signaltap_implb:sld_signaltap_body|tdo_crc_len_reg[6]                                                                                                                                                                                                                      ; sld_signaltap:auto_signaltap_0|sld_signaltap_impl:sld_signaltap_body|sld_signaltap_implb:sld_signaltap_body|tdo_crc_len_reg[13]                                                                                                                                                                                      ; altera_reserved_tck ; altera_reserved_tck ; 100.000      ; -0.073     ; 6.962      ;
; 93.005 ; sld_signaltap:auto_signaltap_0|sld_signaltap_impl:sld_signaltap_body|sld_signaltap_implb:sld_signaltap_body|tdo_crc_len_reg[5]                                                                                                                                                                                                                      ; sld_signaltap:auto_signaltap_0|sld_signaltap_impl:sld_signaltap_body|sld_signaltap_implb:sld_signaltap_body|tdo_crc_len_reg[31]                                                                                                                                                                                      ; altera_reserved_tck ; altera_reserved_tck ; 100.000      ; -0.078     ; 6.939      ;
; 93.005 ; sld_signaltap:auto_signaltap_0|sld_signaltap_impl:sld_signaltap_body|sld_signaltap_implb:sld_signaltap_body|tdo_crc_len_reg[5]                                                                                                                                                                                                                      ; sld_signaltap:auto_signaltap_0|sld_signaltap_impl:sld_signaltap_body|sld_signaltap_implb:sld_signaltap_body|tdo_crc_len_reg[30]                                                                                                                                                                                      ; altera_reserved_tck ; altera_reserved_tck ; 100.000      ; -0.078     ; 6.939      ;
; 93.005 ; sld_signaltap:auto_signaltap_0|sld_signaltap_impl:sld_signaltap_body|sld_signaltap_implb:sld_signaltap_body|tdo_crc_len_reg[5]                                                                                                                                                                                                                      ; sld_signaltap:auto_signaltap_0|sld_signaltap_impl:sld_signaltap_body|sld_signaltap_implb:sld_signaltap_body|tdo_crc_len_reg[29]                                                                                                                                                                                      ; altera_reserved_tck ; altera_reserved_tck ; 100.000      ; -0.078     ; 6.939      ;
; 93.005 ; sld_signaltap:auto_signaltap_0|sld_signaltap_impl:sld_signaltap_body|sld_signaltap_implb:sld_signaltap_body|tdo_crc_len_reg[5]                                                                                                                                                                                                                      ; sld_signaltap:auto_signaltap_0|sld_signaltap_impl:sld_signaltap_body|sld_signaltap_implb:sld_signaltap_body|tdo_crc_len_reg[28]                                                                                                                                                                                      ; altera_reserved_tck ; altera_reserved_tck ; 100.000      ; -0.078     ; 6.939      ;
; 93.005 ; sld_signaltap:auto_signaltap_0|sld_signaltap_impl:sld_signaltap_body|sld_signaltap_implb:sld_signaltap_body|tdo_crc_len_reg[5]                                                                                                                                                                                                                      ; sld_signaltap:auto_signaltap_0|sld_signaltap_impl:sld_signaltap_body|sld_signaltap_implb:sld_signaltap_body|tdo_crc_len_reg[27]                                                                                                                                                                                      ; altera_reserved_tck ; altera_reserved_tck ; 100.000      ; -0.078     ; 6.939      ;
; 93.005 ; sld_signaltap:auto_signaltap_0|sld_signaltap_impl:sld_signaltap_body|sld_signaltap_implb:sld_signaltap_body|tdo_crc_len_reg[5]                                                                                                                                                                                                                      ; sld_signaltap:auto_signaltap_0|sld_signaltap_impl:sld_signaltap_body|sld_signaltap_implb:sld_signaltap_body|tdo_crc_len_reg[26]                                                                                                                                                                                      ; altera_reserved_tck ; altera_reserved_tck ; 100.000      ; -0.078     ; 6.939      ;
; 93.005 ; sld_signaltap:auto_signaltap_0|sld_signaltap_impl:sld_signaltap_body|sld_signaltap_implb:sld_signaltap_body|tdo_crc_len_reg[5]                                                                                                                                                                                                                      ; sld_signaltap:auto_signaltap_0|sld_signaltap_impl:sld_signaltap_body|sld_signaltap_implb:sld_signaltap_body|tdo_crc_len_reg[25]                                                                                                                                                                                      ; altera_reserved_tck ; altera_reserved_tck ; 100.000      ; -0.078     ; 6.939      ;
; 93.005 ; sld_signaltap:auto_signaltap_0|sld_signaltap_impl:sld_signaltap_body|sld_signaltap_implb:sld_signaltap_body|tdo_crc_len_reg[5]                                                                                                                                                                                                                      ; sld_signaltap:auto_signaltap_0|sld_signaltap_impl:sld_signaltap_body|sld_signaltap_implb:sld_signaltap_body|tdo_crc_len_reg[24]                                                                                                                                                                                      ; altera_reserved_tck ; altera_reserved_tck ; 100.000      ; -0.078     ; 6.939      ;
; 93.005 ; sld_signaltap:auto_signaltap_0|sld_signaltap_impl:sld_signaltap_body|sld_signaltap_implb:sld_signaltap_body|tdo_crc_len_reg[5]                                                                                                                                                                                                                      ; sld_signaltap:auto_signaltap_0|sld_signaltap_impl:sld_signaltap_body|sld_signaltap_implb:sld_signaltap_body|tdo_crc_len_reg[23]                                                                                                                                                                                      ; altera_reserved_tck ; altera_reserved_tck ; 100.000      ; -0.078     ; 6.939      ;
; 93.005 ; sld_signaltap:auto_signaltap_0|sld_signaltap_impl:sld_signaltap_body|sld_signaltap_implb:sld_signaltap_body|tdo_crc_len_reg[5]                                                                                                                                                                                                                      ; sld_signaltap:auto_signaltap_0|sld_signaltap_impl:sld_signaltap_body|sld_signaltap_implb:sld_signaltap_body|tdo_crc_len_reg[22]                                                                                                                                                                                      ; altera_reserved_tck ; altera_reserved_tck ; 100.000      ; -0.078     ; 6.939      ;
; 93.005 ; sld_signaltap:auto_signaltap_0|sld_signaltap_impl:sld_signaltap_body|sld_signaltap_implb:sld_signaltap_body|tdo_crc_len_reg[5]                                                                                                                                                                                                                      ; sld_signaltap:auto_signaltap_0|sld_signaltap_impl:sld_signaltap_body|sld_signaltap_implb:sld_signaltap_body|tdo_crc_len_reg[21]                                                                                                                                                                                      ; altera_reserved_tck ; altera_reserved_tck ; 100.000      ; -0.078     ; 6.939      ;
; 93.005 ; sld_signaltap:auto_signaltap_0|sld_signaltap_impl:sld_signaltap_body|sld_signaltap_implb:sld_signaltap_body|tdo_crc_len_reg[5]                                                                                                                                                                                                                      ; sld_signaltap:auto_signaltap_0|sld_signaltap_impl:sld_signaltap_body|sld_signaltap_implb:sld_signaltap_body|tdo_crc_len_reg[20]                                                                                                                                                                                      ; altera_reserved_tck ; altera_reserved_tck ; 100.000      ; -0.078     ; 6.939      ;
; 93.005 ; sld_signaltap:auto_signaltap_0|sld_signaltap_impl:sld_signaltap_body|sld_signaltap_implb:sld_signaltap_body|tdo_crc_len_reg[5]                                                                                                                                                                                                                      ; sld_signaltap:auto_signaltap_0|sld_signaltap_impl:sld_signaltap_body|sld_signaltap_implb:sld_signaltap_body|tdo_crc_len_reg[16]                                                                                                                                                                                      ; altera_reserved_tck ; altera_reserved_tck ; 100.000      ; -0.078     ; 6.939      ;
; 93.005 ; sld_signaltap:auto_signaltap_0|sld_signaltap_impl:sld_signaltap_body|sld_signaltap_implb:sld_signaltap_body|tdo_crc_len_reg[5]                                                                                                                                                                                                                      ; sld_signaltap:auto_signaltap_0|sld_signaltap_impl:sld_signaltap_body|sld_signaltap_implb:sld_signaltap_body|tdo_crc_len_reg[17]                                                                                                                                                                                      ; altera_reserved_tck ; altera_reserved_tck ; 100.000      ; -0.078     ; 6.939      ;
; 93.005 ; sld_signaltap:auto_signaltap_0|sld_signaltap_impl:sld_signaltap_body|sld_signaltap_implb:sld_signaltap_body|tdo_crc_len_reg[5]                                                                                                                                                                                                                      ; sld_signaltap:auto_signaltap_0|sld_signaltap_impl:sld_signaltap_body|sld_signaltap_implb:sld_signaltap_body|tdo_crc_len_reg[18]                                                                                                                                                                                      ; altera_reserved_tck ; altera_reserved_tck ; 100.000      ; -0.078     ; 6.939      ;
; 93.005 ; sld_signaltap:auto_signaltap_0|sld_signaltap_impl:sld_signaltap_body|sld_signaltap_implb:sld_signaltap_body|tdo_crc_len_reg[5]                                                                                                                                                                                                                      ; sld_signaltap:auto_signaltap_0|sld_signaltap_impl:sld_signaltap_body|sld_signaltap_implb:sld_signaltap_body|tdo_crc_len_reg[19]                                                                                                                                                                                      ; altera_reserved_tck ; altera_reserved_tck ; 100.000      ; -0.078     ; 6.939      ;
; 93.021 ; sld_signaltap:auto_signaltap_0|sld_signaltap_impl:sld_signaltap_body|sld_signaltap_implb:sld_signaltap_body|tdo_crc_len_reg[5]                                                                                                                                                                                                                      ; sld_signaltap:auto_signaltap_0|sld_signaltap_impl:sld_signaltap_body|sld_signaltap_implb:sld_signaltap_body|tdo_crc_len_reg[14]                                                                                                                                                                                      ; altera_reserved_tck ; altera_reserved_tck ; 100.000      ; -0.073     ; 6.928      ;
; 93.021 ; sld_signaltap:auto_signaltap_0|sld_signaltap_impl:sld_signaltap_body|sld_signaltap_implb:sld_signaltap_body|tdo_crc_len_reg[5]                                                                                                                                                                                                                      ; sld_signaltap:auto_signaltap_0|sld_signaltap_impl:sld_signaltap_body|sld_signaltap_implb:sld_signaltap_body|tdo_crc_len_reg[15]                                                                                                                                                                                      ; altera_reserved_tck ; altera_reserved_tck ; 100.000      ; -0.073     ; 6.928      ;
; 93.021 ; sld_signaltap:auto_signaltap_0|sld_signaltap_impl:sld_signaltap_body|sld_signaltap_implb:sld_signaltap_body|tdo_crc_len_reg[5]                                                                                                                                                                                                                      ; sld_signaltap:auto_signaltap_0|sld_signaltap_impl:sld_signaltap_body|sld_signaltap_implb:sld_signaltap_body|tdo_crc_len_reg[0]                                                                                                                                                                                       ; altera_reserved_tck ; altera_reserved_tck ; 100.000      ; -0.073     ; 6.928      ;
+--------+-----------------------------------------------------------------------------------------------------------------------------------------------------------------------------------------------------------------------------------------------------------------------------------------------------------------------------------------------------+----------------------------------------------------------------------------------------------------------------------------------------------------------------------------------------------------------------------------------------------------------------------------------------------------------------------+---------------------+---------------------+--------------+------------+------------+


+------------------------------------------------------------------------------------------------------------------------------------------------------------------------------------------------------------------------------------------------------------------------------------------------------------------------------------------------------------------------------------------------------------------------------------------------------------------------------------------------------------------------------------------------------------------------------------------------------------------------------------------------------------------------------------------------------------------------------------------------------------------------------------------------------------+
; Slow 1200mV 0C Model Hold: 'altera_reserved_tck'                                                                                                                                                                                                                                                                                                                                                                                                                                                                                                                                                                                                                                                                                                                                                           ;
+-------+-------------------------------------------------------------------------------------------------------------------------------------------------------------------------------------------------------------------------------------------------------------------------------------------------------------------------------------------------------+-------------------------------------------------------------------------------------------------------------------------------------------------------------------------------------------------------------------------------------------------------------------------------------------------------------------------------------------------------+---------------------+---------------------+--------------+------------+------------+
; Slack ; From Node                                                                                                                                                                                                                                                                                                                                             ; To Node                                                                                                                                                                                                                                                                                                                                               ; Launch Clock        ; Latch Clock         ; Relationship ; Clock Skew ; Data Delay ;
+-------+-------------------------------------------------------------------------------------------------------------------------------------------------------------------------------------------------------------------------------------------------------------------------------------------------------------------------------------------------------+-------------------------------------------------------------------------------------------------------------------------------------------------------------------------------------------------------------------------------------------------------------------------------------------------------------------------------------------------------+---------------------+---------------------+--------------+------------+------------+
; 0.400 ; sld_signaltap:auto_signaltap_0|sld_signaltap_impl:sld_signaltap_body|sld_signaltap_implb:sld_signaltap_body|sld_rom_sr:crc_rom_sr|word_counter[3]                                                                                                                                                                                                     ; sld_signaltap:auto_signaltap_0|sld_signaltap_impl:sld_signaltap_body|sld_signaltap_implb:sld_signaltap_body|sld_rom_sr:crc_rom_sr|word_counter[3]                                                                                                                                                                                                     ; altera_reserved_tck ; altera_reserved_tck ; 0.000        ; 0.074      ; 0.669      ;
; 0.400 ; sld_signaltap:auto_signaltap_0|sld_signaltap_impl:sld_signaltap_body|sld_signaltap_implb:sld_signaltap_body|sld_rom_sr:crc_rom_sr|word_counter[1]                                                                                                                                                                                                     ; sld_signaltap:auto_signaltap_0|sld_signaltap_impl:sld_signaltap_body|sld_signaltap_implb:sld_signaltap_body|sld_rom_sr:crc_rom_sr|word_counter[1]                                                                                                                                                                                                     ; altera_reserved_tck ; altera_reserved_tck ; 0.000        ; 0.074      ; 0.669      ;
; 0.400 ; sld_signaltap:auto_signaltap_0|sld_signaltap_impl:sld_signaltap_body|sld_signaltap_implb:sld_signaltap_body|sld_rom_sr:crc_rom_sr|word_counter[2]                                                                                                                                                                                                     ; sld_signaltap:auto_signaltap_0|sld_signaltap_impl:sld_signaltap_body|sld_signaltap_implb:sld_signaltap_body|sld_rom_sr:crc_rom_sr|word_counter[2]                                                                                                                                                                                                     ; altera_reserved_tck ; altera_reserved_tck ; 0.000        ; 0.074      ; 0.669      ;
; 0.400 ; sld_hub:auto_hub|alt_sld_fab_with_jtag_input:\instrumentation_fabric_with_node_gen:fabric_gen_new_way:with_jtag_input_gen:instrumentation_fabric|alt_sld_fab:instrumentation_fabric|alt_sld_fab_alt_sld_fab:alt_sld_fab|alt_sld_fab_alt_sld_fab_sldfabric:sldfabric|sld_jtag_hub:\jtag_hub_gen:real_sld_jtag_hub|tdo_bypass_reg                       ; sld_hub:auto_hub|alt_sld_fab_with_jtag_input:\instrumentation_fabric_with_node_gen:fabric_gen_new_way:with_jtag_input_gen:instrumentation_fabric|alt_sld_fab:instrumentation_fabric|alt_sld_fab_alt_sld_fab:alt_sld_fab|alt_sld_fab_alt_sld_fab_sldfabric:sldfabric|sld_jtag_hub:\jtag_hub_gen:real_sld_jtag_hub|tdo_bypass_reg                       ; altera_reserved_tck ; altera_reserved_tck ; 0.000        ; 0.074      ; 0.669      ;
; 0.400 ; sld_hub:auto_hub|alt_sld_fab_with_jtag_input:\instrumentation_fabric_with_node_gen:fabric_gen_new_way:with_jtag_input_gen:instrumentation_fabric|alt_sld_fab:instrumentation_fabric|alt_sld_fab_alt_sld_fab:alt_sld_fab|alt_sld_fab_alt_sld_fab_sldfabric:sldfabric|sld_jtag_hub:\jtag_hub_gen:real_sld_jtag_hub|sld_shadow_jsm:shadow_jsm|tms_cnt[2] ; sld_hub:auto_hub|alt_sld_fab_with_jtag_input:\instrumentation_fabric_with_node_gen:fabric_gen_new_way:with_jtag_input_gen:instrumentation_fabric|alt_sld_fab:instrumentation_fabric|alt_sld_fab_alt_sld_fab:alt_sld_fab|alt_sld_fab_alt_sld_fab_sldfabric:sldfabric|sld_jtag_hub:\jtag_hub_gen:real_sld_jtag_hub|sld_shadow_jsm:shadow_jsm|tms_cnt[2] ; altera_reserved_tck ; altera_reserved_tck ; 0.000        ; 0.074      ; 0.669      ;
; 0.400 ; sld_hub:auto_hub|alt_sld_fab_with_jtag_input:\instrumentation_fabric_with_node_gen:fabric_gen_new_way:with_jtag_input_gen:instrumentation_fabric|alt_sld_fab:instrumentation_fabric|alt_sld_fab_alt_sld_fab:alt_sld_fab|alt_sld_fab_alt_sld_fab_sldfabric:sldfabric|sld_jtag_hub:\jtag_hub_gen:real_sld_jtag_hub|sld_shadow_jsm:shadow_jsm|tms_cnt[1] ; sld_hub:auto_hub|alt_sld_fab_with_jtag_input:\instrumentation_fabric_with_node_gen:fabric_gen_new_way:with_jtag_input_gen:instrumentation_fabric|alt_sld_fab:instrumentation_fabric|alt_sld_fab_alt_sld_fab:alt_sld_fab|alt_sld_fab_alt_sld_fab_sldfabric:sldfabric|sld_jtag_hub:\jtag_hub_gen:real_sld_jtag_hub|sld_shadow_jsm:shadow_jsm|tms_cnt[1] ; altera_reserved_tck ; altera_reserved_tck ; 0.000        ; 0.074      ; 0.669      ;
; 0.401 ; sld_signaltap:auto_signaltap_0|sld_signaltap_impl:sld_signaltap_body|sld_signaltap_implb:sld_signaltap_body|bypass_reg_out                                                                                                                                                                                                                            ; sld_signaltap:auto_signaltap_0|sld_signaltap_impl:sld_signaltap_body|sld_signaltap_implb:sld_signaltap_body|bypass_reg_out                                                                                                                                                                                                                            ; altera_reserved_tck ; altera_reserved_tck ; 0.000        ; 0.073      ; 0.669      ;
; 0.401 ; sld_signaltap:auto_signaltap_0|sld_signaltap_impl:sld_signaltap_body|sld_signaltap_implb:sld_signaltap_body|serial_crc_16:\tdo_crc_gen:tdo_crc_calc|lfsr[0]                                                                                                                                                                                           ; sld_signaltap:auto_signaltap_0|sld_signaltap_impl:sld_signaltap_body|sld_signaltap_implb:sld_signaltap_body|serial_crc_16:\tdo_crc_gen:tdo_crc_calc|lfsr[0]                                                                                                                                                                                           ; altera_reserved_tck ; altera_reserved_tck ; 0.000        ; 0.073      ; 0.669      ;
; 0.401 ; sld_hub:auto_hub|alt_sld_fab_with_jtag_input:\instrumentation_fabric_with_node_gen:fabric_gen_new_way:with_jtag_input_gen:instrumentation_fabric|alt_sld_fab:instrumentation_fabric|alt_sld_fab_alt_sld_fab:alt_sld_fab|splitter_nodes_receive_0[3]                                                                                                   ; sld_hub:auto_hub|alt_sld_fab_with_jtag_input:\instrumentation_fabric_with_node_gen:fabric_gen_new_way:with_jtag_input_gen:instrumentation_fabric|alt_sld_fab:instrumentation_fabric|alt_sld_fab_alt_sld_fab:alt_sld_fab|splitter_nodes_receive_0[3]                                                                                                   ; altera_reserved_tck ; altera_reserved_tck ; 0.000        ; 0.073      ; 0.669      ;
; 0.401 ; sld_hub:auto_hub|alt_sld_fab_with_jtag_input:\instrumentation_fabric_with_node_gen:fabric_gen_new_way:with_jtag_input_gen:instrumentation_fabric|alt_sld_fab:instrumentation_fabric|alt_sld_fab_alt_sld_fab:alt_sld_fab|alt_sld_fab_alt_sld_fab_sldfabric:sldfabric|sld_jtag_hub:\jtag_hub_gen:real_sld_jtag_hub|hub_mode_reg[1]                      ; sld_hub:auto_hub|alt_sld_fab_with_jtag_input:\instrumentation_fabric_with_node_gen:fabric_gen_new_way:with_jtag_input_gen:instrumentation_fabric|alt_sld_fab:instrumentation_fabric|alt_sld_fab_alt_sld_fab:alt_sld_fab|alt_sld_fab_alt_sld_fab_sldfabric:sldfabric|sld_jtag_hub:\jtag_hub_gen:real_sld_jtag_hub|hub_mode_reg[1]                      ; altera_reserved_tck ; altera_reserved_tck ; 0.000        ; 0.073      ; 0.669      ;
; 0.401 ; sld_hub:auto_hub|alt_sld_fab_with_jtag_input:\instrumentation_fabric_with_node_gen:fabric_gen_new_way:with_jtag_input_gen:instrumentation_fabric|alt_sld_fab:instrumentation_fabric|alt_sld_fab_alt_sld_fab:alt_sld_fab|alt_sld_fab_alt_sld_fab_sldfabric:sldfabric|sld_jtag_hub:\jtag_hub_gen:real_sld_jtag_hub|hub_mode_reg[2]                      ; sld_hub:auto_hub|alt_sld_fab_with_jtag_input:\instrumentation_fabric_with_node_gen:fabric_gen_new_way:with_jtag_input_gen:instrumentation_fabric|alt_sld_fab:instrumentation_fabric|alt_sld_fab_alt_sld_fab:alt_sld_fab|alt_sld_fab_alt_sld_fab_sldfabric:sldfabric|sld_jtag_hub:\jtag_hub_gen:real_sld_jtag_hub|hub_mode_reg[2]                      ; altera_reserved_tck ; altera_reserved_tck ; 0.000        ; 0.073      ; 0.669      ;
; 0.401 ; sld_hub:auto_hub|alt_sld_fab_with_jtag_input:\instrumentation_fabric_with_node_gen:fabric_gen_new_way:with_jtag_input_gen:instrumentation_fabric|alt_sld_fab:instrumentation_fabric|alt_sld_fab_alt_sld_fab:alt_sld_fab|alt_sld_fab_alt_sld_fab_sldfabric:sldfabric|sld_jtag_hub:\jtag_hub_gen:real_sld_jtag_hub|irsr_reg[10]                         ; sld_hub:auto_hub|alt_sld_fab_with_jtag_input:\instrumentation_fabric_with_node_gen:fabric_gen_new_way:with_jtag_input_gen:instrumentation_fabric|alt_sld_fab:instrumentation_fabric|alt_sld_fab_alt_sld_fab:alt_sld_fab|alt_sld_fab_alt_sld_fab_sldfabric:sldfabric|sld_jtag_hub:\jtag_hub_gen:real_sld_jtag_hub|irsr_reg[10]                         ; altera_reserved_tck ; altera_reserved_tck ; 0.000        ; 0.073      ; 0.669      ;
; 0.401 ; sld_hub:auto_hub|alt_sld_fab_with_jtag_input:\instrumentation_fabric_with_node_gen:fabric_gen_new_way:with_jtag_input_gen:instrumentation_fabric|alt_sld_fab:instrumentation_fabric|alt_sld_fab_alt_sld_fab:alt_sld_fab|alt_sld_fab_alt_sld_fab_sldfabric:sldfabric|sld_jtag_hub:\jtag_hub_gen:real_sld_jtag_hub|sld_shadow_jsm:shadow_jsm|state[11]  ; sld_hub:auto_hub|alt_sld_fab_with_jtag_input:\instrumentation_fabric_with_node_gen:fabric_gen_new_way:with_jtag_input_gen:instrumentation_fabric|alt_sld_fab:instrumentation_fabric|alt_sld_fab_alt_sld_fab:alt_sld_fab|alt_sld_fab_alt_sld_fab_sldfabric:sldfabric|sld_jtag_hub:\jtag_hub_gen:real_sld_jtag_hub|sld_shadow_jsm:shadow_jsm|state[11]  ; altera_reserved_tck ; altera_reserved_tck ; 0.000        ; 0.073      ; 0.669      ;
; 0.401 ; sld_hub:auto_hub|alt_sld_fab_with_jtag_input:\instrumentation_fabric_with_node_gen:fabric_gen_new_way:with_jtag_input_gen:instrumentation_fabric|alt_sld_fab:instrumentation_fabric|alt_sld_fab_alt_sld_fab:alt_sld_fab|alt_sld_fab_alt_sld_fab_sldfabric:sldfabric|sld_jtag_hub:\jtag_hub_gen:real_sld_jtag_hub|sld_shadow_jsm:shadow_jsm|state[13]  ; sld_hub:auto_hub|alt_sld_fab_with_jtag_input:\instrumentation_fabric_with_node_gen:fabric_gen_new_way:with_jtag_input_gen:instrumentation_fabric|alt_sld_fab:instrumentation_fabric|alt_sld_fab_alt_sld_fab:alt_sld_fab|alt_sld_fab_alt_sld_fab_sldfabric:sldfabric|sld_jtag_hub:\jtag_hub_gen:real_sld_jtag_hub|sld_shadow_jsm:shadow_jsm|state[13]  ; altera_reserved_tck ; altera_reserved_tck ; 0.000        ; 0.073      ; 0.669      ;
; 0.401 ; sld_hub:auto_hub|alt_sld_fab_with_jtag_input:\instrumentation_fabric_with_node_gen:fabric_gen_new_way:with_jtag_input_gen:instrumentation_fabric|alt_sld_fab:instrumentation_fabric|alt_sld_fab_alt_sld_fab:alt_sld_fab|alt_sld_fab_alt_sld_fab_sldfabric:sldfabric|sld_jtag_hub:\jtag_hub_gen:real_sld_jtag_hub|sld_shadow_jsm:shadow_jsm|state[0]   ; sld_hub:auto_hub|alt_sld_fab_with_jtag_input:\instrumentation_fabric_with_node_gen:fabric_gen_new_way:with_jtag_input_gen:instrumentation_fabric|alt_sld_fab:instrumentation_fabric|alt_sld_fab_alt_sld_fab:alt_sld_fab|alt_sld_fab_alt_sld_fab_sldfabric:sldfabric|sld_jtag_hub:\jtag_hub_gen:real_sld_jtag_hub|sld_shadow_jsm:shadow_jsm|state[0]   ; altera_reserved_tck ; altera_reserved_tck ; 0.000        ; 0.073      ; 0.669      ;
; 0.401 ; sld_hub:auto_hub|alt_sld_fab_with_jtag_input:\instrumentation_fabric_with_node_gen:fabric_gen_new_way:with_jtag_input_gen:instrumentation_fabric|alt_sld_fab:instrumentation_fabric|alt_sld_fab_alt_sld_fab:alt_sld_fab|alt_sld_fab_alt_sld_fab_sldfabric:sldfabric|sld_jtag_hub:\jtag_hub_gen:real_sld_jtag_hub|sld_shadow_jsm:shadow_jsm|state[1]   ; sld_hub:auto_hub|alt_sld_fab_with_jtag_input:\instrumentation_fabric_with_node_gen:fabric_gen_new_way:with_jtag_input_gen:instrumentation_fabric|alt_sld_fab:instrumentation_fabric|alt_sld_fab_alt_sld_fab:alt_sld_fab|alt_sld_fab_alt_sld_fab_sldfabric:sldfabric|sld_jtag_hub:\jtag_hub_gen:real_sld_jtag_hub|sld_shadow_jsm:shadow_jsm|state[1]   ; altera_reserved_tck ; altera_reserved_tck ; 0.000        ; 0.073      ; 0.669      ;
; 0.401 ; sld_hub:auto_hub|alt_sld_fab_with_jtag_input:\instrumentation_fabric_with_node_gen:fabric_gen_new_way:with_jtag_input_gen:instrumentation_fabric|alt_sld_fab:instrumentation_fabric|alt_sld_fab_alt_sld_fab:alt_sld_fab|alt_sld_fab_alt_sld_fab_sldfabric:sldfabric|sld_jtag_hub:\jtag_hub_gen:real_sld_jtag_hub|sld_shadow_jsm:shadow_jsm|state[4]   ; sld_hub:auto_hub|alt_sld_fab_with_jtag_input:\instrumentation_fabric_with_node_gen:fabric_gen_new_way:with_jtag_input_gen:instrumentation_fabric|alt_sld_fab:instrumentation_fabric|alt_sld_fab_alt_sld_fab:alt_sld_fab|alt_sld_fab_alt_sld_fab_sldfabric:sldfabric|sld_jtag_hub:\jtag_hub_gen:real_sld_jtag_hub|sld_shadow_jsm:shadow_jsm|state[4]   ; altera_reserved_tck ; altera_reserved_tck ; 0.000        ; 0.073      ; 0.669      ;
; 0.401 ; sld_hub:auto_hub|alt_sld_fab_with_jtag_input:\instrumentation_fabric_with_node_gen:fabric_gen_new_way:with_jtag_input_gen:instrumentation_fabric|alt_sld_fab:instrumentation_fabric|alt_sld_fab_alt_sld_fab:alt_sld_fab|alt_sld_fab_alt_sld_fab_sldfabric:sldfabric|sld_jtag_hub:\jtag_hub_gen:real_sld_jtag_hub|sld_shadow_jsm:shadow_jsm|state[6]   ; sld_hub:auto_hub|alt_sld_fab_with_jtag_input:\instrumentation_fabric_with_node_gen:fabric_gen_new_way:with_jtag_input_gen:instrumentation_fabric|alt_sld_fab:instrumentation_fabric|alt_sld_fab_alt_sld_fab:alt_sld_fab|alt_sld_fab_alt_sld_fab_sldfabric:sldfabric|sld_jtag_hub:\jtag_hub_gen:real_sld_jtag_hub|sld_shadow_jsm:shadow_jsm|state[6]   ; altera_reserved_tck ; altera_reserved_tck ; 0.000        ; 0.073      ; 0.669      ;
; 0.402 ; sld_hub:auto_hub|alt_sld_fab_with_jtag_input:\instrumentation_fabric_with_node_gen:fabric_gen_new_way:with_jtag_input_gen:instrumentation_fabric|alt_sld_fab:instrumentation_fabric|alt_sld_fab_alt_sld_fab:alt_sld_fab|alt_sld_fab_alt_sld_fab_sldfabric:sldfabric|sld_jtag_hub:\jtag_hub_gen:real_sld_jtag_hub|irsr_reg[3]                          ; sld_hub:auto_hub|alt_sld_fab_with_jtag_input:\instrumentation_fabric_with_node_gen:fabric_gen_new_way:with_jtag_input_gen:instrumentation_fabric|alt_sld_fab:instrumentation_fabric|alt_sld_fab_alt_sld_fab:alt_sld_fab|alt_sld_fab_alt_sld_fab_sldfabric:sldfabric|sld_jtag_hub:\jtag_hub_gen:real_sld_jtag_hub|irsr_reg[3]                          ; altera_reserved_tck ; altera_reserved_tck ; 0.000        ; 0.072      ; 0.669      ;
; 0.415 ; sld_signaltap:auto_signaltap_0|sld_signaltap_impl:sld_signaltap_body|sld_signaltap_implb:sld_signaltap_body|sld_rom_sr:crc_rom_sr|word_counter[0]                                                                                                                                                                                                     ; sld_signaltap:auto_signaltap_0|sld_signaltap_impl:sld_signaltap_body|sld_signaltap_implb:sld_signaltap_body|sld_rom_sr:crc_rom_sr|word_counter[0]                                                                                                                                                                                                     ; altera_reserved_tck ; altera_reserved_tck ; 0.000        ; 0.074      ; 0.684      ;
; 0.415 ; sld_hub:auto_hub|alt_sld_fab_with_jtag_input:\instrumentation_fabric_with_node_gen:fabric_gen_new_way:with_jtag_input_gen:instrumentation_fabric|alt_sld_fab:instrumentation_fabric|alt_sld_fab_alt_sld_fab:alt_sld_fab|alt_sld_fab_alt_sld_fab_sldfabric:sldfabric|sld_jtag_hub:\jtag_hub_gen:real_sld_jtag_hub|sld_shadow_jsm:shadow_jsm|tms_cnt[0] ; sld_hub:auto_hub|alt_sld_fab_with_jtag_input:\instrumentation_fabric_with_node_gen:fabric_gen_new_way:with_jtag_input_gen:instrumentation_fabric|alt_sld_fab:instrumentation_fabric|alt_sld_fab_alt_sld_fab:alt_sld_fab|alt_sld_fab_alt_sld_fab_sldfabric:sldfabric|sld_jtag_hub:\jtag_hub_gen:real_sld_jtag_hub|sld_shadow_jsm:shadow_jsm|tms_cnt[0] ; altera_reserved_tck ; altera_reserved_tck ; 0.000        ; 0.074      ; 0.684      ;
; 0.448 ; sld_hub:auto_hub|alt_sld_fab_with_jtag_input:\instrumentation_fabric_with_node_gen:fabric_gen_new_way:with_jtag_input_gen:instrumentation_fabric|alt_sld_fab:instrumentation_fabric|alt_sld_fab_alt_sld_fab:alt_sld_fab|alt_sld_fab_alt_sld_fab_sldfabric:sldfabric|sld_jtag_hub:\jtag_hub_gen:real_sld_jtag_hub|sld_shadow_jsm:shadow_jsm|tms_cnt[1] ; sld_hub:auto_hub|alt_sld_fab_with_jtag_input:\instrumentation_fabric_with_node_gen:fabric_gen_new_way:with_jtag_input_gen:instrumentation_fabric|alt_sld_fab:instrumentation_fabric|alt_sld_fab_alt_sld_fab:alt_sld_fab|alt_sld_fab_alt_sld_fab_sldfabric:sldfabric|sld_jtag_hub:\jtag_hub_gen:real_sld_jtag_hub|sld_shadow_jsm:shadow_jsm|tms_cnt[2] ; altera_reserved_tck ; altera_reserved_tck ; 0.000        ; 0.074      ; 0.717      ;
; 0.455 ; sld_hub:auto_hub|alt_sld_fab_with_jtag_input:\instrumentation_fabric_with_node_gen:fabric_gen_new_way:with_jtag_input_gen:instrumentation_fabric|alt_sld_fab:instrumentation_fabric|alt_sld_fab_alt_sld_fab:alt_sld_fab|alt_sld_fab_alt_sld_fab_sldfabric:sldfabric|sld_jtag_hub:\jtag_hub_gen:real_sld_jtag_hub|sld_shadow_jsm:shadow_jsm|tms_cnt[0] ; sld_hub:auto_hub|alt_sld_fab_with_jtag_input:\instrumentation_fabric_with_node_gen:fabric_gen_new_way:with_jtag_input_gen:instrumentation_fabric|alt_sld_fab:instrumentation_fabric|alt_sld_fab_alt_sld_fab:alt_sld_fab|alt_sld_fab_alt_sld_fab_sldfabric:sldfabric|sld_jtag_hub:\jtag_hub_gen:real_sld_jtag_hub|sld_shadow_jsm:shadow_jsm|tms_cnt[1] ; altera_reserved_tck ; altera_reserved_tck ; 0.000        ; 0.074      ; 0.724      ;
; 0.467 ; sld_hub:auto_hub|alt_sld_fab_with_jtag_input:\instrumentation_fabric_with_node_gen:fabric_gen_new_way:with_jtag_input_gen:instrumentation_fabric|alt_sld_fab:instrumentation_fabric|alt_sld_fab_alt_sld_fab:alt_sld_fab|alt_sld_fab_alt_sld_fab_sldfabric:sldfabric|sld_jtag_hub:\jtag_hub_gen:real_sld_jtag_hub|jtag_ir_reg[1]                       ; sld_hub:auto_hub|alt_sld_fab_with_jtag_input:\instrumentation_fabric_with_node_gen:fabric_gen_new_way:with_jtag_input_gen:instrumentation_fabric|alt_sld_fab:instrumentation_fabric|alt_sld_fab_alt_sld_fab:alt_sld_fab|alt_sld_fab_alt_sld_fab_sldfabric:sldfabric|sld_jtag_hub:\jtag_hub_gen:real_sld_jtag_hub|jtag_ir_reg[0]                       ; altera_reserved_tck ; altera_reserved_tck ; 0.000        ; 0.074      ; 0.736      ;
; 0.469 ; sld_signaltap:auto_signaltap_0|sld_signaltap_impl:sld_signaltap_body|sld_signaltap_implb:sld_signaltap_body|lpm_shiftreg:status_register|dffs[14]                                                                                                                                                                                                     ; sld_signaltap:auto_signaltap_0|sld_signaltap_impl:sld_signaltap_body|sld_signaltap_implb:sld_signaltap_body|lpm_shiftreg:status_register|dffs[13]                                                                                                                                                                                                     ; altera_reserved_tck ; altera_reserved_tck ; 0.000        ; 0.074      ; 0.738      ;
; 0.469 ; sld_signaltap:auto_signaltap_0|sld_signaltap_impl:sld_signaltap_body|sld_signaltap_implb:sld_signaltap_body|sld_offload_buffer_mgr:\stp_non_zero_depth_offload_gen:stp_offload_buff_mgr_inst|lpm_shiftreg:status_data_shift_out|dffs[2]                                                                                                               ; sld_signaltap:auto_signaltap_0|sld_signaltap_impl:sld_signaltap_body|sld_signaltap_implb:sld_signaltap_body|sld_offload_buffer_mgr:\stp_non_zero_depth_offload_gen:stp_offload_buff_mgr_inst|lpm_shiftreg:status_data_shift_out|dffs[1]                                                                                                               ; altera_reserved_tck ; altera_reserved_tck ; 0.000        ; 0.073      ; 0.737      ;
; 0.469 ; sld_signaltap:auto_signaltap_0|sld_signaltap_impl:sld_signaltap_body|sld_signaltap_implb:sld_signaltap_body|sld_offload_buffer_mgr:\stp_non_zero_depth_offload_gen:stp_offload_buff_mgr_inst|lpm_shiftreg:info_data_shift_out|dffs[4]                                                                                                                 ; sld_signaltap:auto_signaltap_0|sld_signaltap_impl:sld_signaltap_body|sld_signaltap_implb:sld_signaltap_body|sld_offload_buffer_mgr:\stp_non_zero_depth_offload_gen:stp_offload_buff_mgr_inst|lpm_shiftreg:info_data_shift_out|dffs[3]                                                                                                                 ; altera_reserved_tck ; altera_reserved_tck ; 0.000        ; 0.073      ; 0.737      ;
; 0.469 ; sld_signaltap:auto_signaltap_0|sld_signaltap_impl:sld_signaltap_body|sld_signaltap_implb:sld_signaltap_body|sld_offload_buffer_mgr:\stp_non_zero_depth_offload_gen:stp_offload_buff_mgr_inst|lpm_shiftreg:ram_data_shift_out|dffs[22]                                                                                                                 ; sld_signaltap:auto_signaltap_0|sld_signaltap_impl:sld_signaltap_body|sld_signaltap_implb:sld_signaltap_body|sld_offload_buffer_mgr:\stp_non_zero_depth_offload_gen:stp_offload_buff_mgr_inst|lpm_shiftreg:ram_data_shift_out|dffs[21]                                                                                                                 ; altera_reserved_tck ; altera_reserved_tck ; 0.000        ; 0.073      ; 0.737      ;
; 0.469 ; sld_signaltap:auto_signaltap_0|sld_signaltap_impl:sld_signaltap_body|sld_signaltap_implb:sld_signaltap_body|sld_ela_control:ela_control|sld_ela_trigger_flow_mgr:\builtin:ela_trigger_flow_mgr_entity|lpm_shiftreg:trigger_config_deserialize|dffs[2]                                                                                                 ; sld_signaltap:auto_signaltap_0|sld_signaltap_impl:sld_signaltap_body|sld_signaltap_implb:sld_signaltap_body|sld_ela_control:ela_control|sld_ela_trigger_flow_mgr:\builtin:ela_trigger_flow_mgr_entity|lpm_shiftreg:trigger_config_deserialize|dffs[1]                                                                                                 ; altera_reserved_tck ; altera_reserved_tck ; 0.000        ; 0.073      ; 0.737      ;
; 0.469 ; sld_signaltap:auto_signaltap_0|sld_signaltap_impl:sld_signaltap_body|sld_signaltap_implb:sld_signaltap_body|sld_ela_control:ela_control|sld_ela_trigger_flow_mgr:\builtin:ela_trigger_flow_mgr_entity|lpm_shiftreg:trigger_config_deserialize|dffs[9]                                                                                                 ; sld_signaltap:auto_signaltap_0|sld_signaltap_impl:sld_signaltap_body|sld_signaltap_implb:sld_signaltap_body|sld_ela_control:ela_control|sld_ela_trigger_flow_mgr:\builtin:ela_trigger_flow_mgr_entity|lpm_shiftreg:trigger_config_deserialize|dffs[8]                                                                                                 ; altera_reserved_tck ; altera_reserved_tck ; 0.000        ; 0.072      ; 0.736      ;
; 0.469 ; sld_hub:auto_hub|alt_sld_fab_with_jtag_input:\instrumentation_fabric_with_node_gen:fabric_gen_new_way:with_jtag_input_gen:instrumentation_fabric|alt_sld_fab:instrumentation_fabric|alt_sld_fab_alt_sld_fab:alt_sld_fab|alt_sld_fab_alt_sld_fab_sldfabric:sldfabric|sld_jtag_hub:\jtag_hub_gen:real_sld_jtag_hub|jtag_ir_reg[3]                       ; sld_hub:auto_hub|alt_sld_fab_with_jtag_input:\instrumentation_fabric_with_node_gen:fabric_gen_new_way:with_jtag_input_gen:instrumentation_fabric|alt_sld_fab:instrumentation_fabric|alt_sld_fab_alt_sld_fab:alt_sld_fab|alt_sld_fab_alt_sld_fab_sldfabric:sldfabric|sld_jtag_hub:\jtag_hub_gen:real_sld_jtag_hub|jtag_ir_reg[2]                       ; altera_reserved_tck ; altera_reserved_tck ; 0.000        ; 0.074      ; 0.738      ;
; 0.469 ; sld_hub:auto_hub|alt_sld_fab_with_jtag_input:\instrumentation_fabric_with_node_gen:fabric_gen_new_way:with_jtag_input_gen:instrumentation_fabric|alt_sld_fab:instrumentation_fabric|alt_sld_fab_alt_sld_fab:alt_sld_fab|alt_sld_fab_alt_sld_fab_sldfabric:sldfabric|sld_jtag_hub:\jtag_hub_gen:real_sld_jtag_hub|jtag_ir_reg[5]                       ; sld_hub:auto_hub|alt_sld_fab_with_jtag_input:\instrumentation_fabric_with_node_gen:fabric_gen_new_way:with_jtag_input_gen:instrumentation_fabric|alt_sld_fab:instrumentation_fabric|alt_sld_fab_alt_sld_fab:alt_sld_fab|alt_sld_fab_alt_sld_fab_sldfabric:sldfabric|sld_jtag_hub:\jtag_hub_gen:real_sld_jtag_hub|jtag_ir_reg[4]                       ; altera_reserved_tck ; altera_reserved_tck ; 0.000        ; 0.074      ; 0.738      ;
; 0.470 ; sld_signaltap:auto_signaltap_0|sld_signaltap_impl:sld_signaltap_body|sld_signaltap_implb:sld_signaltap_body|lpm_shiftreg:status_register|dffs[2]                                                                                                                                                                                                      ; sld_signaltap:auto_signaltap_0|sld_signaltap_impl:sld_signaltap_body|sld_signaltap_implb:sld_signaltap_body|lpm_shiftreg:status_register|dffs[1]                                                                                                                                                                                                      ; altera_reserved_tck ; altera_reserved_tck ; 0.000        ; 0.073      ; 0.738      ;
; 0.470 ; sld_signaltap:auto_signaltap_0|sld_signaltap_impl:sld_signaltap_body|sld_signaltap_implb:sld_signaltap_body|lpm_shiftreg:status_register|dffs[7]                                                                                                                                                                                                      ; sld_signaltap:auto_signaltap_0|sld_signaltap_impl:sld_signaltap_body|sld_signaltap_implb:sld_signaltap_body|lpm_shiftreg:status_register|dffs[6]                                                                                                                                                                                                      ; altera_reserved_tck ; altera_reserved_tck ; 0.000        ; 0.074      ; 0.739      ;
; 0.470 ; sld_signaltap:auto_signaltap_0|sld_signaltap_impl:sld_signaltap_body|sld_signaltap_implb:sld_signaltap_body|altdpram:\stp_non_zero_ram_gen:attribute_mem_gen:attribute_mem|xq[3]                                                                                                                                                                      ; sld_signaltap:auto_signaltap_0|sld_signaltap_impl:sld_signaltap_body|sld_signaltap_implb:sld_signaltap_body|sld_offload_buffer_mgr:\stp_non_zero_depth_offload_gen:stp_offload_buff_mgr_inst|lpm_shiftreg:status_data_shift_out|dffs[3]                                                                                                               ; altera_reserved_tck ; altera_reserved_tck ; 0.000        ; 0.073      ; 0.738      ;
; 0.470 ; sld_signaltap:auto_signaltap_0|sld_signaltap_impl:sld_signaltap_body|sld_signaltap_implb:sld_signaltap_body|sld_offload_buffer_mgr:\stp_non_zero_depth_offload_gen:stp_offload_buff_mgr_inst|lpm_shiftreg:status_data_shift_out|dffs[7]                                                                                                               ; sld_signaltap:auto_signaltap_0|sld_signaltap_impl:sld_signaltap_body|sld_signaltap_implb:sld_signaltap_body|sld_offload_buffer_mgr:\stp_non_zero_depth_offload_gen:stp_offload_buff_mgr_inst|lpm_shiftreg:status_data_shift_out|dffs[6]                                                                                                               ; altera_reserved_tck ; altera_reserved_tck ; 0.000        ; 0.073      ; 0.738      ;
; 0.470 ; sld_signaltap:auto_signaltap_0|sld_signaltap_impl:sld_signaltap_body|sld_signaltap_implb:sld_signaltap_body|sld_offload_buffer_mgr:\stp_non_zero_depth_offload_gen:stp_offload_buff_mgr_inst|lpm_shiftreg:ram_data_shift_out|dffs[6]                                                                                                                  ; sld_signaltap:auto_signaltap_0|sld_signaltap_impl:sld_signaltap_body|sld_signaltap_implb:sld_signaltap_body|sld_offload_buffer_mgr:\stp_non_zero_depth_offload_gen:stp_offload_buff_mgr_inst|lpm_shiftreg:ram_data_shift_out|dffs[5]                                                                                                                  ; altera_reserved_tck ; altera_reserved_tck ; 0.000        ; 0.073      ; 0.738      ;
; 0.470 ; sld_signaltap:auto_signaltap_0|sld_signaltap_impl:sld_signaltap_body|sld_signaltap_implb:sld_signaltap_body|sld_offload_buffer_mgr:\stp_non_zero_depth_offload_gen:stp_offload_buff_mgr_inst|lpm_shiftreg:ram_data_shift_out|dffs[8]                                                                                                                  ; sld_signaltap:auto_signaltap_0|sld_signaltap_impl:sld_signaltap_body|sld_signaltap_implb:sld_signaltap_body|sld_offload_buffer_mgr:\stp_non_zero_depth_offload_gen:stp_offload_buff_mgr_inst|lpm_shiftreg:ram_data_shift_out|dffs[7]                                                                                                                  ; altera_reserved_tck ; altera_reserved_tck ; 0.000        ; 0.073      ; 0.738      ;
; 0.470 ; sld_signaltap:auto_signaltap_0|sld_signaltap_impl:sld_signaltap_body|sld_signaltap_implb:sld_signaltap_body|sld_offload_buffer_mgr:\stp_non_zero_depth_offload_gen:stp_offload_buff_mgr_inst|lpm_shiftreg:ram_data_shift_out|dffs[9]                                                                                                                  ; sld_signaltap:auto_signaltap_0|sld_signaltap_impl:sld_signaltap_body|sld_signaltap_implb:sld_signaltap_body|sld_offload_buffer_mgr:\stp_non_zero_depth_offload_gen:stp_offload_buff_mgr_inst|lpm_shiftreg:ram_data_shift_out|dffs[8]                                                                                                                  ; altera_reserved_tck ; altera_reserved_tck ; 0.000        ; 0.073      ; 0.738      ;
; 0.470 ; sld_signaltap:auto_signaltap_0|sld_signaltap_impl:sld_signaltap_body|sld_signaltap_implb:sld_signaltap_body|sld_offload_buffer_mgr:\stp_non_zero_depth_offload_gen:stp_offload_buff_mgr_inst|lpm_shiftreg:ram_data_shift_out|dffs[10]                                                                                                                 ; sld_signaltap:auto_signaltap_0|sld_signaltap_impl:sld_signaltap_body|sld_signaltap_implb:sld_signaltap_body|sld_offload_buffer_mgr:\stp_non_zero_depth_offload_gen:stp_offload_buff_mgr_inst|lpm_shiftreg:ram_data_shift_out|dffs[9]                                                                                                                  ; altera_reserved_tck ; altera_reserved_tck ; 0.000        ; 0.073      ; 0.738      ;
; 0.470 ; sld_signaltap:auto_signaltap_0|sld_signaltap_impl:sld_signaltap_body|sld_signaltap_implb:sld_signaltap_body|sld_offload_buffer_mgr:\stp_non_zero_depth_offload_gen:stp_offload_buff_mgr_inst|lpm_shiftreg:ram_data_shift_out|dffs[12]                                                                                                                 ; sld_signaltap:auto_signaltap_0|sld_signaltap_impl:sld_signaltap_body|sld_signaltap_implb:sld_signaltap_body|sld_offload_buffer_mgr:\stp_non_zero_depth_offload_gen:stp_offload_buff_mgr_inst|lpm_shiftreg:ram_data_shift_out|dffs[11]                                                                                                                 ; altera_reserved_tck ; altera_reserved_tck ; 0.000        ; 0.073      ; 0.738      ;
; 0.470 ; sld_signaltap:auto_signaltap_0|sld_signaltap_impl:sld_signaltap_body|sld_signaltap_implb:sld_signaltap_body|sld_ela_control:ela_control|lpm_shiftreg:trigger_config_deserialize|dffs[3]                                                                                                                                                               ; sld_signaltap:auto_signaltap_0|sld_signaltap_impl:sld_signaltap_body|sld_signaltap_implb:sld_signaltap_body|sld_ela_control:ela_control|lpm_shiftreg:trigger_config_deserialize|dffs[2]                                                                                                                                                               ; altera_reserved_tck ; altera_reserved_tck ; 0.000        ; 0.073      ; 0.738      ;
; 0.470 ; sld_signaltap:auto_signaltap_0|sld_signaltap_impl:sld_signaltap_body|sld_signaltap_implb:sld_signaltap_body|sld_ela_control:ela_control|sld_ela_trigger_flow_mgr:\builtin:ela_trigger_flow_mgr_entity|lpm_shiftreg:trigger_config_deserialize|dffs[5]                                                                                                 ; sld_signaltap:auto_signaltap_0|sld_signaltap_impl:sld_signaltap_body|sld_signaltap_implb:sld_signaltap_body|sld_ela_control:ela_control|sld_ela_trigger_flow_mgr:\builtin:ela_trigger_flow_mgr_entity|lpm_shiftreg:trigger_config_deserialize|dffs[4]                                                                                                 ; altera_reserved_tck ; altera_reserved_tck ; 0.000        ; 0.073      ; 0.738      ;
; 0.470 ; sld_signaltap:auto_signaltap_0|sld_signaltap_impl:sld_signaltap_body|sld_signaltap_implb:sld_signaltap_body|tdo_crc_val_shift_reg[3]                                                                                                                                                                                                                  ; sld_signaltap:auto_signaltap_0|sld_signaltap_impl:sld_signaltap_body|sld_signaltap_implb:sld_signaltap_body|tdo_crc_val_shift_reg[2]                                                                                                                                                                                                                  ; altera_reserved_tck ; altera_reserved_tck ; 0.000        ; 0.074      ; 0.739      ;
; 0.471 ; sld_signaltap:auto_signaltap_0|sld_signaltap_impl:sld_signaltap_body|sld_signaltap_implb:sld_signaltap_body|sld_offload_buffer_mgr:\stp_non_zero_depth_offload_gen:stp_offload_buff_mgr_inst|lpm_shiftreg:status_data_shift_out|dffs[11]                                                                                                              ; sld_signaltap:auto_signaltap_0|sld_signaltap_impl:sld_signaltap_body|sld_signaltap_implb:sld_signaltap_body|sld_offload_buffer_mgr:\stp_non_zero_depth_offload_gen:stp_offload_buff_mgr_inst|lpm_shiftreg:status_data_shift_out|dffs[10]                                                                                                              ; altera_reserved_tck ; altera_reserved_tck ; 0.000        ; 0.072      ; 0.738      ;
; 0.471 ; sld_signaltap:auto_signaltap_0|sld_signaltap_impl:sld_signaltap_body|sld_signaltap_implb:sld_signaltap_body|lpm_shiftreg:status_register|dffs[16]                                                                                                                                                                                                     ; sld_signaltap:auto_signaltap_0|sld_signaltap_impl:sld_signaltap_body|sld_signaltap_implb:sld_signaltap_body|lpm_shiftreg:status_register|dffs[15]                                                                                                                                                                                                     ; altera_reserved_tck ; altera_reserved_tck ; 0.000        ; 0.074      ; 0.740      ;
; 0.471 ; sld_signaltap:auto_signaltap_0|sld_signaltap_impl:sld_signaltap_body|sld_signaltap_implb:sld_signaltap_body|altdpram:\stp_non_zero_ram_gen:attribute_mem_gen:attribute_mem|xq[2]                                                                                                                                                                      ; sld_signaltap:auto_signaltap_0|sld_signaltap_impl:sld_signaltap_body|sld_signaltap_implb:sld_signaltap_body|sld_offload_buffer_mgr:\stp_non_zero_depth_offload_gen:stp_offload_buff_mgr_inst|lpm_shiftreg:status_data_shift_out|dffs[2]                                                                                                               ; altera_reserved_tck ; altera_reserved_tck ; 0.000        ; 0.073      ; 0.739      ;
; 0.471 ; sld_signaltap:auto_signaltap_0|sld_signaltap_impl:sld_signaltap_body|sld_signaltap_implb:sld_signaltap_body|sld_offload_buffer_mgr:\stp_non_zero_depth_offload_gen:stp_offload_buff_mgr_inst|lpm_shiftreg:status_data_shift_out|dffs[5]                                                                                                               ; sld_signaltap:auto_signaltap_0|sld_signaltap_impl:sld_signaltap_body|sld_signaltap_implb:sld_signaltap_body|sld_offload_buffer_mgr:\stp_non_zero_depth_offload_gen:stp_offload_buff_mgr_inst|lpm_shiftreg:status_data_shift_out|dffs[4]                                                                                                               ; altera_reserved_tck ; altera_reserved_tck ; 0.000        ; 0.073      ; 0.739      ;
; 0.471 ; sld_signaltap:auto_signaltap_0|sld_signaltap_impl:sld_signaltap_body|sld_signaltap_implb:sld_signaltap_body|sld_offload_buffer_mgr:\stp_non_zero_depth_offload_gen:stp_offload_buff_mgr_inst|lpm_shiftreg:info_data_shift_out|dffs[3]                                                                                                                 ; sld_signaltap:auto_signaltap_0|sld_signaltap_impl:sld_signaltap_body|sld_signaltap_implb:sld_signaltap_body|sld_offload_buffer_mgr:\stp_non_zero_depth_offload_gen:stp_offload_buff_mgr_inst|lpm_shiftreg:info_data_shift_out|dffs[2]                                                                                                                 ; altera_reserved_tck ; altera_reserved_tck ; 0.000        ; 0.073      ; 0.739      ;
; 0.471 ; sld_signaltap:auto_signaltap_0|sld_signaltap_impl:sld_signaltap_body|sld_signaltap_implb:sld_signaltap_body|sld_offload_buffer_mgr:\stp_non_zero_depth_offload_gen:stp_offload_buff_mgr_inst|lpm_shiftreg:ram_data_shift_out|dffs[17]                                                                                                                 ; sld_signaltap:auto_signaltap_0|sld_signaltap_impl:sld_signaltap_body|sld_signaltap_implb:sld_signaltap_body|sld_offload_buffer_mgr:\stp_non_zero_depth_offload_gen:stp_offload_buff_mgr_inst|lpm_shiftreg:ram_data_shift_out|dffs[16]                                                                                                                 ; altera_reserved_tck ; altera_reserved_tck ; 0.000        ; 0.073      ; 0.739      ;
; 0.471 ; sld_signaltap:auto_signaltap_0|sld_signaltap_impl:sld_signaltap_body|sld_signaltap_implb:sld_signaltap_body|sld_offload_buffer_mgr:\stp_non_zero_depth_offload_gen:stp_offload_buff_mgr_inst|lpm_shiftreg:ram_data_shift_out|dffs[24]                                                                                                                 ; sld_signaltap:auto_signaltap_0|sld_signaltap_impl:sld_signaltap_body|sld_signaltap_implb:sld_signaltap_body|sld_offload_buffer_mgr:\stp_non_zero_depth_offload_gen:stp_offload_buff_mgr_inst|lpm_shiftreg:ram_data_shift_out|dffs[23]                                                                                                                 ; altera_reserved_tck ; altera_reserved_tck ; 0.000        ; 0.073      ; 0.739      ;
; 0.471 ; sld_signaltap:auto_signaltap_0|sld_signaltap_impl:sld_signaltap_body|sld_signaltap_implb:sld_signaltap_body|sld_offload_buffer_mgr:\stp_non_zero_depth_offload_gen:stp_offload_buff_mgr_inst|lpm_shiftreg:ram_data_shift_out|dffs[25]                                                                                                                 ; sld_signaltap:auto_signaltap_0|sld_signaltap_impl:sld_signaltap_body|sld_signaltap_implb:sld_signaltap_body|sld_offload_buffer_mgr:\stp_non_zero_depth_offload_gen:stp_offload_buff_mgr_inst|lpm_shiftreg:ram_data_shift_out|dffs[24]                                                                                                                 ; altera_reserved_tck ; altera_reserved_tck ; 0.000        ; 0.073      ; 0.739      ;
; 0.471 ; sld_signaltap:auto_signaltap_0|sld_signaltap_impl:sld_signaltap_body|sld_signaltap_implb:sld_signaltap_body|sld_offload_buffer_mgr:\stp_non_zero_depth_offload_gen:stp_offload_buff_mgr_inst|lpm_shiftreg:ram_data_shift_out|dffs[29]                                                                                                                 ; sld_signaltap:auto_signaltap_0|sld_signaltap_impl:sld_signaltap_body|sld_signaltap_implb:sld_signaltap_body|sld_offload_buffer_mgr:\stp_non_zero_depth_offload_gen:stp_offload_buff_mgr_inst|lpm_shiftreg:ram_data_shift_out|dffs[28]                                                                                                                 ; altera_reserved_tck ; altera_reserved_tck ; 0.000        ; 0.073      ; 0.739      ;
; 0.471 ; sld_signaltap:auto_signaltap_0|sld_signaltap_impl:sld_signaltap_body|sld_signaltap_implb:sld_signaltap_body|sld_offload_buffer_mgr:\stp_non_zero_depth_offload_gen:stp_offload_buff_mgr_inst|lpm_shiftreg:ram_data_shift_out|dffs[34]                                                                                                                 ; sld_signaltap:auto_signaltap_0|sld_signaltap_impl:sld_signaltap_body|sld_signaltap_implb:sld_signaltap_body|sld_offload_buffer_mgr:\stp_non_zero_depth_offload_gen:stp_offload_buff_mgr_inst|lpm_shiftreg:ram_data_shift_out|dffs[33]                                                                                                                 ; altera_reserved_tck ; altera_reserved_tck ; 0.000        ; 0.072      ; 0.738      ;
; 0.471 ; sld_signaltap:auto_signaltap_0|sld_signaltap_impl:sld_signaltap_body|sld_signaltap_implb:sld_signaltap_body|sld_offload_buffer_mgr:\stp_non_zero_depth_offload_gen:stp_offload_buff_mgr_inst|lpm_shiftreg:ram_data_shift_out|dffs[35]                                                                                                                 ; sld_signaltap:auto_signaltap_0|sld_signaltap_impl:sld_signaltap_body|sld_signaltap_implb:sld_signaltap_body|sld_offload_buffer_mgr:\stp_non_zero_depth_offload_gen:stp_offload_buff_mgr_inst|lpm_shiftreg:ram_data_shift_out|dffs[34]                                                                                                                 ; altera_reserved_tck ; altera_reserved_tck ; 0.000        ; 0.072      ; 0.738      ;
; 0.471 ; sld_signaltap:auto_signaltap_0|sld_signaltap_impl:sld_signaltap_body|sld_signaltap_implb:sld_signaltap_body|sld_ela_control:ela_control|lpm_shiftreg:trigger_config_deserialize|dffs[2]                                                                                                                                                               ; sld_signaltap:auto_signaltap_0|sld_signaltap_impl:sld_signaltap_body|sld_signaltap_implb:sld_signaltap_body|sld_ela_control:ela_control|lpm_shiftreg:trigger_config_deserialize|dffs[1]                                                                                                                                                               ; altera_reserved_tck ; altera_reserved_tck ; 0.000        ; 0.073      ; 0.739      ;
; 0.471 ; sld_signaltap:auto_signaltap_0|sld_signaltap_impl:sld_signaltap_body|sld_signaltap_implb:sld_signaltap_body|sld_ela_control:ela_control|sld_ela_trigger_flow_mgr:\builtin:ela_trigger_flow_mgr_entity|lpm_shiftreg:trigger_config_deserialize|dffs[1]                                                                                                 ; sld_signaltap:auto_signaltap_0|sld_signaltap_impl:sld_signaltap_body|sld_signaltap_implb:sld_signaltap_body|sld_ela_control:ela_control|sld_ela_trigger_flow_mgr:\builtin:ela_trigger_flow_mgr_entity|lpm_shiftreg:trigger_config_deserialize|dffs[0]                                                                                                 ; altera_reserved_tck ; altera_reserved_tck ; 0.000        ; 0.073      ; 0.739      ;
; 0.471 ; sld_signaltap:auto_signaltap_0|sld_signaltap_impl:sld_signaltap_body|sld_signaltap_implb:sld_signaltap_body|serial_crc_16:\tdo_crc_gen:tdo_crc_calc|lfsr[1]                                                                                                                                                                                           ; sld_signaltap:auto_signaltap_0|sld_signaltap_impl:sld_signaltap_body|sld_signaltap_implb:sld_signaltap_body|serial_crc_16:\tdo_crc_gen:tdo_crc_calc|lfsr[0]                                                                                                                                                                                           ; altera_reserved_tck ; altera_reserved_tck ; 0.000        ; 0.073      ; 0.739      ;
; 0.472 ; sld_hub:auto_hub|alt_sld_fab_with_jtag_input:\instrumentation_fabric_with_node_gen:fabric_gen_new_way:with_jtag_input_gen:instrumentation_fabric|alt_sld_fab:instrumentation_fabric|alt_sld_fab_alt_sld_fab:alt_sld_fab|alt_sld_fab_alt_sld_fab_sldfabric:sldfabric|sld_jtag_hub:\jtag_hub_gen:real_sld_jtag_hub|hub_minor_ver_reg[3]                 ; sld_hub:auto_hub|alt_sld_fab_with_jtag_input:\instrumentation_fabric_with_node_gen:fabric_gen_new_way:with_jtag_input_gen:instrumentation_fabric|alt_sld_fab:instrumentation_fabric|alt_sld_fab_alt_sld_fab:alt_sld_fab|alt_sld_fab_alt_sld_fab_sldfabric:sldfabric|sld_jtag_hub:\jtag_hub_gen:real_sld_jtag_hub|hub_minor_ver_reg[2]                 ; altera_reserved_tck ; altera_reserved_tck ; 0.000        ; 0.073      ; 0.740      ;
; 0.472 ; sld_signaltap:auto_signaltap_0|sld_signaltap_impl:sld_signaltap_body|sld_signaltap_implb:sld_signaltap_body|altdpram:\stp_non_zero_ram_gen:attribute_mem_gen:attribute_mem|xq[5]                                                                                                                                                                      ; sld_signaltap:auto_signaltap_0|sld_signaltap_impl:sld_signaltap_body|sld_signaltap_implb:sld_signaltap_body|sld_offload_buffer_mgr:\stp_non_zero_depth_offload_gen:stp_offload_buff_mgr_inst|lpm_shiftreg:status_data_shift_out|dffs[5]                                                                                                               ; altera_reserved_tck ; altera_reserved_tck ; 0.000        ; 0.073      ; 0.740      ;
; 0.472 ; sld_signaltap:auto_signaltap_0|sld_signaltap_impl:sld_signaltap_body|sld_signaltap_implb:sld_signaltap_body|sld_offload_buffer_mgr:\stp_non_zero_depth_offload_gen:stp_offload_buff_mgr_inst|lpm_shiftreg:info_data_shift_out|dffs[14]                                                                                                                ; sld_signaltap:auto_signaltap_0|sld_signaltap_impl:sld_signaltap_body|sld_signaltap_implb:sld_signaltap_body|sld_offload_buffer_mgr:\stp_non_zero_depth_offload_gen:stp_offload_buff_mgr_inst|lpm_shiftreg:info_data_shift_out|dffs[13]                                                                                                                ; altera_reserved_tck ; altera_reserved_tck ; 0.000        ; 0.072      ; 0.739      ;
; 0.472 ; sld_signaltap:auto_signaltap_0|sld_signaltap_impl:sld_signaltap_body|sld_signaltap_implb:sld_signaltap_body|sld_offload_buffer_mgr:\stp_non_zero_depth_offload_gen:stp_offload_buff_mgr_inst|lpm_shiftreg:ram_data_shift_out|dffs[14]                                                                                                                 ; sld_signaltap:auto_signaltap_0|sld_signaltap_impl:sld_signaltap_body|sld_signaltap_implb:sld_signaltap_body|sld_offload_buffer_mgr:\stp_non_zero_depth_offload_gen:stp_offload_buff_mgr_inst|lpm_shiftreg:ram_data_shift_out|dffs[13]                                                                                                                 ; altera_reserved_tck ; altera_reserved_tck ; 0.000        ; 0.073      ; 0.740      ;
; 0.472 ; sld_signaltap:auto_signaltap_0|sld_signaltap_impl:sld_signaltap_body|sld_signaltap_implb:sld_signaltap_body|sld_offload_buffer_mgr:\stp_non_zero_depth_offload_gen:stp_offload_buff_mgr_inst|lpm_shiftreg:ram_data_shift_out|dffs[20]                                                                                                                 ; sld_signaltap:auto_signaltap_0|sld_signaltap_impl:sld_signaltap_body|sld_signaltap_implb:sld_signaltap_body|sld_offload_buffer_mgr:\stp_non_zero_depth_offload_gen:stp_offload_buff_mgr_inst|lpm_shiftreg:ram_data_shift_out|dffs[19]                                                                                                                 ; altera_reserved_tck ; altera_reserved_tck ; 0.000        ; 0.073      ; 0.740      ;
; 0.472 ; sld_signaltap:auto_signaltap_0|sld_signaltap_impl:sld_signaltap_body|sld_signaltap_implb:sld_signaltap_body|sld_offload_buffer_mgr:\stp_non_zero_depth_offload_gen:stp_offload_buff_mgr_inst|lpm_shiftreg:ram_data_shift_out|dffs[23]                                                                                                                 ; sld_signaltap:auto_signaltap_0|sld_signaltap_impl:sld_signaltap_body|sld_signaltap_implb:sld_signaltap_body|sld_offload_buffer_mgr:\stp_non_zero_depth_offload_gen:stp_offload_buff_mgr_inst|lpm_shiftreg:ram_data_shift_out|dffs[22]                                                                                                                 ; altera_reserved_tck ; altera_reserved_tck ; 0.000        ; 0.073      ; 0.740      ;
; 0.472 ; sld_signaltap:auto_signaltap_0|sld_signaltap_impl:sld_signaltap_body|sld_signaltap_implb:sld_signaltap_body|sld_offload_buffer_mgr:\stp_non_zero_depth_offload_gen:stp_offload_buff_mgr_inst|lpm_shiftreg:ram_data_shift_out|dffs[33]                                                                                                                 ; sld_signaltap:auto_signaltap_0|sld_signaltap_impl:sld_signaltap_body|sld_signaltap_implb:sld_signaltap_body|sld_offload_buffer_mgr:\stp_non_zero_depth_offload_gen:stp_offload_buff_mgr_inst|lpm_shiftreg:ram_data_shift_out|dffs[32]                                                                                                                 ; altera_reserved_tck ; altera_reserved_tck ; 0.000        ; 0.072      ; 0.739      ;
; 0.472 ; sld_signaltap:auto_signaltap_0|sld_signaltap_impl:sld_signaltap_body|sld_signaltap_implb:sld_signaltap_body|sld_ela_control:ela_control|sld_ela_trigger_flow_mgr:\builtin:ela_trigger_flow_mgr_entity|lpm_shiftreg:trigger_config_deserialize|dffs[7]                                                                                                 ; sld_signaltap:auto_signaltap_0|sld_signaltap_impl:sld_signaltap_body|sld_signaltap_implb:sld_signaltap_body|sld_ela_control:ela_control|sld_ela_trigger_flow_mgr:\builtin:ela_trigger_flow_mgr_entity|lpm_shiftreg:trigger_config_deserialize|dffs[6]                                                                                                 ; altera_reserved_tck ; altera_reserved_tck ; 0.000        ; 0.072      ; 0.739      ;
; 0.472 ; sld_signaltap:auto_signaltap_0|sld_signaltap_impl:sld_signaltap_body|sld_signaltap_implb:sld_signaltap_body|sld_ela_control:ela_control|sld_ela_trigger_flow_mgr:\builtin:ela_trigger_flow_mgr_entity|lpm_shiftreg:trigger_config_deserialize|dffs[8]                                                                                                 ; sld_signaltap:auto_signaltap_0|sld_signaltap_impl:sld_signaltap_body|sld_signaltap_implb:sld_signaltap_body|sld_ela_control:ela_control|sld_ela_trigger_flow_mgr:\builtin:ela_trigger_flow_mgr_entity|lpm_shiftreg:trigger_config_deserialize|dffs[7]                                                                                                 ; altera_reserved_tck ; altera_reserved_tck ; 0.000        ; 0.072      ; 0.739      ;
; 0.473 ; sld_signaltap:auto_signaltap_0|sld_signaltap_impl:sld_signaltap_body|sld_signaltap_implb:sld_signaltap_body|sld_offload_buffer_mgr:\stp_non_zero_depth_offload_gen:stp_offload_buff_mgr_inst|lpm_shiftreg:info_data_shift_out|dffs[5]                                                                                                                 ; sld_signaltap:auto_signaltap_0|sld_signaltap_impl:sld_signaltap_body|sld_signaltap_implb:sld_signaltap_body|sld_offload_buffer_mgr:\stp_non_zero_depth_offload_gen:stp_offload_buff_mgr_inst|lpm_shiftreg:info_data_shift_out|dffs[4]                                                                                                                 ; altera_reserved_tck ; altera_reserved_tck ; 0.000        ; 0.073      ; 0.741      ;
; 0.475 ; sld_hub:auto_hub|alt_sld_fab_with_jtag_input:\instrumentation_fabric_with_node_gen:fabric_gen_new_way:with_jtag_input_gen:instrumentation_fabric|alt_sld_fab:instrumentation_fabric|alt_sld_fab_alt_sld_fab:alt_sld_fab|alt_sld_fab_alt_sld_fab_sldfabric:sldfabric|sld_jtag_hub:\jtag_hub_gen:real_sld_jtag_hub|jtag_ir_reg[4]                       ; sld_hub:auto_hub|alt_sld_fab_with_jtag_input:\instrumentation_fabric_with_node_gen:fabric_gen_new_way:with_jtag_input_gen:instrumentation_fabric|alt_sld_fab:instrumentation_fabric|alt_sld_fab_alt_sld_fab:alt_sld_fab|alt_sld_fab_alt_sld_fab_sldfabric:sldfabric|sld_jtag_hub:\jtag_hub_gen:real_sld_jtag_hub|jtag_ir_reg[3]                       ; altera_reserved_tck ; altera_reserved_tck ; 0.000        ; 0.074      ; 0.744      ;
; 0.475 ; sld_hub:auto_hub|alt_sld_fab_with_jtag_input:\instrumentation_fabric_with_node_gen:fabric_gen_new_way:with_jtag_input_gen:instrumentation_fabric|alt_sld_fab:instrumentation_fabric|alt_sld_fab_alt_sld_fab:alt_sld_fab|alt_sld_fab_alt_sld_fab_sldfabric:sldfabric|sld_jtag_hub:\jtag_hub_gen:real_sld_jtag_hub|sld_shadow_jsm:shadow_jsm|state[10]  ; sld_hub:auto_hub|alt_sld_fab_with_jtag_input:\instrumentation_fabric_with_node_gen:fabric_gen_new_way:with_jtag_input_gen:instrumentation_fabric|alt_sld_fab:instrumentation_fabric|alt_sld_fab_alt_sld_fab:alt_sld_fab|alt_sld_fab_alt_sld_fab_sldfabric:sldfabric|sld_jtag_hub:\jtag_hub_gen:real_sld_jtag_hub|sld_shadow_jsm:shadow_jsm|state[12]  ; altera_reserved_tck ; altera_reserved_tck ; 0.000        ; 0.073      ; 0.743      ;
; 0.476 ; sld_signaltap:auto_signaltap_0|sld_signaltap_impl:sld_signaltap_body|sld_signaltap_implb:sld_signaltap_body|sld_ela_control:ela_control|sld_ela_basic_multi_level_trigger:\basic_multi_level_mbpm_trigger_gen:multi_level_mbpm|lpm_shiftreg:trigger_condition_deserialize|dffs[22]                                                                    ; sld_signaltap:auto_signaltap_0|sld_signaltap_impl:sld_signaltap_body|sld_signaltap_implb:sld_signaltap_body|sld_ela_control:ela_control|sld_ela_basic_multi_level_trigger:\basic_multi_level_mbpm_trigger_gen:multi_level_mbpm|lpm_shiftreg:trigger_condition_deserialize|dffs[21]                                                                    ; altera_reserved_tck ; altera_reserved_tck ; 0.000        ; 0.072      ; 0.743      ;
; 0.476 ; sld_signaltap:auto_signaltap_0|sld_signaltap_impl:sld_signaltap_body|sld_signaltap_implb:sld_signaltap_body|sld_ela_control:ela_control|sld_ela_basic_multi_level_trigger:\basic_multi_level_mbpm_trigger_gen:multi_level_mbpm|lpm_shiftreg:trigger_condition_deserialize|dffs[94]                                                                    ; sld_signaltap:auto_signaltap_0|sld_signaltap_impl:sld_signaltap_body|sld_signaltap_implb:sld_signaltap_body|sld_ela_control:ela_control|sld_ela_basic_multi_level_trigger:\basic_multi_level_mbpm_trigger_gen:multi_level_mbpm|lpm_shiftreg:trigger_condition_deserialize|dffs[93]                                                                    ; altera_reserved_tck ; altera_reserved_tck ; 0.000        ; 0.073      ; 0.744      ;
; 0.476 ; sld_hub:auto_hub|alt_sld_fab_with_jtag_input:\instrumentation_fabric_with_node_gen:fabric_gen_new_way:with_jtag_input_gen:instrumentation_fabric|alt_sld_fab:instrumentation_fabric|alt_sld_fab_alt_sld_fab:alt_sld_fab|alt_sld_fab_alt_sld_fab_sldfabric:sldfabric|sld_jtag_hub:\jtag_hub_gen:real_sld_jtag_hub|jtag_ir_reg[7]                       ; sld_hub:auto_hub|alt_sld_fab_with_jtag_input:\instrumentation_fabric_with_node_gen:fabric_gen_new_way:with_jtag_input_gen:instrumentation_fabric|alt_sld_fab:instrumentation_fabric|alt_sld_fab_alt_sld_fab:alt_sld_fab|alt_sld_fab_alt_sld_fab_sldfabric:sldfabric|sld_jtag_hub:\jtag_hub_gen:real_sld_jtag_hub|jtag_ir_reg[6]                       ; altera_reserved_tck ; altera_reserved_tck ; 0.000        ; 0.074      ; 0.745      ;
; 0.477 ; sld_signaltap:auto_signaltap_0|sld_signaltap_impl:sld_signaltap_body|sld_signaltap_implb:sld_signaltap_body|sld_ela_control:ela_control|sld_ela_basic_multi_level_trigger:\basic_multi_level_mbpm_trigger_gen:multi_level_mbpm|lpm_shiftreg:trigger_condition_deserialize|dffs[9]                                                                     ; sld_signaltap:auto_signaltap_0|sld_signaltap_impl:sld_signaltap_body|sld_signaltap_implb:sld_signaltap_body|sld_ela_control:ela_control|sld_ela_basic_multi_level_trigger:\basic_multi_level_mbpm_trigger_gen:multi_level_mbpm|lpm_shiftreg:trigger_condition_deserialize|dffs[8]                                                                     ; altera_reserved_tck ; altera_reserved_tck ; 0.000        ; 0.073      ; 0.745      ;
; 0.477 ; sld_signaltap:auto_signaltap_0|sld_signaltap_impl:sld_signaltap_body|sld_signaltap_implb:sld_signaltap_body|sld_ela_control:ela_control|sld_ela_basic_multi_level_trigger:\basic_multi_level_mbpm_trigger_gen:multi_level_mbpm|lpm_shiftreg:trigger_condition_deserialize|dffs[72]                                                                    ; sld_signaltap:auto_signaltap_0|sld_signaltap_impl:sld_signaltap_body|sld_signaltap_implb:sld_signaltap_body|sld_ela_control:ela_control|sld_ela_basic_multi_level_trigger:\basic_multi_level_mbpm_trigger_gen:multi_level_mbpm|lpm_shiftreg:trigger_condition_deserialize|dffs[71]                                                                    ; altera_reserved_tck ; altera_reserved_tck ; 0.000        ; 0.072      ; 0.744      ;
; 0.477 ; sld_signaltap:auto_signaltap_0|sld_signaltap_impl:sld_signaltap_body|sld_signaltap_implb:sld_signaltap_body|sld_ela_control:ela_control|sld_ela_basic_multi_level_trigger:\basic_multi_level_mbpm_trigger_gen:multi_level_mbpm|lpm_shiftreg:trigger_condition_deserialize|dffs[78]                                                                    ; sld_signaltap:auto_signaltap_0|sld_signaltap_impl:sld_signaltap_body|sld_signaltap_implb:sld_signaltap_body|sld_ela_control:ela_control|sld_ela_basic_multi_level_trigger:\basic_multi_level_mbpm_trigger_gen:multi_level_mbpm|lpm_shiftreg:trigger_condition_deserialize|dffs[77]                                                                    ; altera_reserved_tck ; altera_reserved_tck ; 0.000        ; 0.073      ; 0.745      ;
; 0.477 ; sld_signaltap:auto_signaltap_0|sld_signaltap_impl:sld_signaltap_body|sld_signaltap_implb:sld_signaltap_body|sld_ela_control:ela_control|sld_ela_basic_multi_level_trigger:\basic_multi_level_mbpm_trigger_gen:multi_level_mbpm|lpm_shiftreg:trigger_condition_deserialize|dffs[91]                                                                    ; sld_signaltap:auto_signaltap_0|sld_signaltap_impl:sld_signaltap_body|sld_signaltap_implb:sld_signaltap_body|sld_ela_control:ela_control|sld_ela_basic_multi_level_trigger:\basic_multi_level_mbpm_trigger_gen:multi_level_mbpm|lpm_shiftreg:trigger_condition_deserialize|dffs[90]                                                                    ; altera_reserved_tck ; altera_reserved_tck ; 0.000        ; 0.073      ; 0.745      ;
; 0.477 ; sld_signaltap:auto_signaltap_0|sld_signaltap_impl:sld_signaltap_body|sld_signaltap_implb:sld_signaltap_body|sld_ela_control:ela_control|sld_ela_basic_multi_level_trigger:\basic_multi_level_mbpm_trigger_gen:multi_level_mbpm|lpm_shiftreg:trigger_condition_deserialize|dffs[97]                                                                    ; sld_signaltap:auto_signaltap_0|sld_signaltap_impl:sld_signaltap_body|sld_signaltap_implb:sld_signaltap_body|sld_ela_control:ela_control|sld_ela_basic_multi_level_trigger:\basic_multi_level_mbpm_trigger_gen:multi_level_mbpm|lpm_shiftreg:trigger_condition_deserialize|dffs[96]                                                                    ; altera_reserved_tck ; altera_reserved_tck ; 0.000        ; 0.073      ; 0.745      ;
; 0.477 ; sld_hub:auto_hub|alt_sld_fab_with_jtag_input:\instrumentation_fabric_with_node_gen:fabric_gen_new_way:with_jtag_input_gen:instrumentation_fabric|alt_sld_fab:instrumentation_fabric|alt_sld_fab_alt_sld_fab:alt_sld_fab|alt_sld_fab_alt_sld_fab_sldfabric:sldfabric|sld_jtag_hub:\jtag_hub_gen:real_sld_jtag_hub|jtag_ir_reg[8]                       ; sld_hub:auto_hub|alt_sld_fab_with_jtag_input:\instrumentation_fabric_with_node_gen:fabric_gen_new_way:with_jtag_input_gen:instrumentation_fabric|alt_sld_fab:instrumentation_fabric|alt_sld_fab_alt_sld_fab:alt_sld_fab|alt_sld_fab_alt_sld_fab_sldfabric:sldfabric|sld_jtag_hub:\jtag_hub_gen:real_sld_jtag_hub|jtag_ir_reg[7]                       ; altera_reserved_tck ; altera_reserved_tck ; 0.000        ; 0.074      ; 0.746      ;
; 0.478 ; sld_signaltap:auto_signaltap_0|sld_signaltap_impl:sld_signaltap_body|sld_signaltap_implb:sld_signaltap_body|sld_ela_control:ela_control|sld_ela_basic_multi_level_trigger:\basic_multi_level_mbpm_trigger_gen:multi_level_mbpm|lpm_shiftreg:trigger_condition_deserialize|dffs[4]                                                                     ; sld_signaltap:auto_signaltap_0|sld_signaltap_impl:sld_signaltap_body|sld_signaltap_implb:sld_signaltap_body|sld_ela_control:ela_control|sld_ela_basic_multi_level_trigger:\basic_multi_level_mbpm_trigger_gen:multi_level_mbpm|lpm_shiftreg:trigger_condition_deserialize|dffs[3]                                                                     ; altera_reserved_tck ; altera_reserved_tck ; 0.000        ; 0.073      ; 0.746      ;
; 0.478 ; sld_signaltap:auto_signaltap_0|sld_signaltap_impl:sld_signaltap_body|sld_signaltap_implb:sld_signaltap_body|sld_ela_control:ela_control|sld_ela_basic_multi_level_trigger:\basic_multi_level_mbpm_trigger_gen:multi_level_mbpm|lpm_shiftreg:trigger_condition_deserialize|dffs[6]                                                                     ; sld_signaltap:auto_signaltap_0|sld_signaltap_impl:sld_signaltap_body|sld_signaltap_implb:sld_signaltap_body|sld_ela_control:ela_control|sld_ela_basic_multi_level_trigger:\basic_multi_level_mbpm_trigger_gen:multi_level_mbpm|lpm_shiftreg:trigger_condition_deserialize|dffs[5]                                                                     ; altera_reserved_tck ; altera_reserved_tck ; 0.000        ; 0.073      ; 0.746      ;
; 0.478 ; sld_signaltap:auto_signaltap_0|sld_signaltap_impl:sld_signaltap_body|sld_signaltap_implb:sld_signaltap_body|sld_ela_control:ela_control|sld_ela_basic_multi_level_trigger:\basic_multi_level_mbpm_trigger_gen:multi_level_mbpm|lpm_shiftreg:trigger_condition_deserialize|dffs[27]                                                                    ; sld_signaltap:auto_signaltap_0|sld_signaltap_impl:sld_signaltap_body|sld_signaltap_implb:sld_signaltap_body|sld_ela_control:ela_control|sld_ela_basic_multi_level_trigger:\basic_multi_level_mbpm_trigger_gen:multi_level_mbpm|lpm_shiftreg:trigger_condition_deserialize|dffs[26]                                                                    ; altera_reserved_tck ; altera_reserved_tck ; 0.000        ; 0.073      ; 0.746      ;
; 0.478 ; sld_signaltap:auto_signaltap_0|sld_signaltap_impl:sld_signaltap_body|sld_signaltap_implb:sld_signaltap_body|sld_ela_control:ela_control|sld_ela_basic_multi_level_trigger:\basic_multi_level_mbpm_trigger_gen:multi_level_mbpm|lpm_shiftreg:trigger_condition_deserialize|dffs[28]                                                                    ; sld_signaltap:auto_signaltap_0|sld_signaltap_impl:sld_signaltap_body|sld_signaltap_implb:sld_signaltap_body|sld_ela_control:ela_control|sld_ela_basic_multi_level_trigger:\basic_multi_level_mbpm_trigger_gen:multi_level_mbpm|lpm_shiftreg:trigger_condition_deserialize|dffs[27]                                                                    ; altera_reserved_tck ; altera_reserved_tck ; 0.000        ; 0.073      ; 0.746      ;
; 0.478 ; sld_signaltap:auto_signaltap_0|sld_signaltap_impl:sld_signaltap_body|sld_signaltap_implb:sld_signaltap_body|sld_ela_control:ela_control|sld_ela_basic_multi_level_trigger:\basic_multi_level_mbpm_trigger_gen:multi_level_mbpm|lpm_shiftreg:trigger_condition_deserialize|dffs[30]                                                                    ; sld_signaltap:auto_signaltap_0|sld_signaltap_impl:sld_signaltap_body|sld_signaltap_implb:sld_signaltap_body|sld_ela_control:ela_control|sld_ela_basic_multi_level_trigger:\basic_multi_level_mbpm_trigger_gen:multi_level_mbpm|lpm_shiftreg:trigger_condition_deserialize|dffs[29]                                                                    ; altera_reserved_tck ; altera_reserved_tck ; 0.000        ; 0.073      ; 0.746      ;
; 0.478 ; sld_signaltap:auto_signaltap_0|sld_signaltap_impl:sld_signaltap_body|sld_signaltap_implb:sld_signaltap_body|sld_ela_control:ela_control|sld_ela_basic_multi_level_trigger:\basic_multi_level_mbpm_trigger_gen:multi_level_mbpm|lpm_shiftreg:trigger_condition_deserialize|dffs[31]                                                                    ; sld_signaltap:auto_signaltap_0|sld_signaltap_impl:sld_signaltap_body|sld_signaltap_implb:sld_signaltap_body|sld_ela_control:ela_control|sld_ela_basic_multi_level_trigger:\basic_multi_level_mbpm_trigger_gen:multi_level_mbpm|lpm_shiftreg:trigger_condition_deserialize|dffs[30]                                                                    ; altera_reserved_tck ; altera_reserved_tck ; 0.000        ; 0.073      ; 0.746      ;
; 0.478 ; sld_signaltap:auto_signaltap_0|sld_signaltap_impl:sld_signaltap_body|sld_signaltap_implb:sld_signaltap_body|sld_ela_control:ela_control|sld_ela_basic_multi_level_trigger:\basic_multi_level_mbpm_trigger_gen:multi_level_mbpm|lpm_shiftreg:trigger_condition_deserialize|dffs[40]                                                                    ; sld_signaltap:auto_signaltap_0|sld_signaltap_impl:sld_signaltap_body|sld_signaltap_implb:sld_signaltap_body|sld_ela_control:ela_control|sld_ela_basic_multi_level_trigger:\basic_multi_level_mbpm_trigger_gen:multi_level_mbpm|lpm_shiftreg:trigger_condition_deserialize|dffs[39]                                                                    ; altera_reserved_tck ; altera_reserved_tck ; 0.000        ; 0.072      ; 0.745      ;
; 0.478 ; sld_signaltap:auto_signaltap_0|sld_signaltap_impl:sld_signaltap_body|sld_signaltap_implb:sld_signaltap_body|sld_ela_control:ela_control|sld_ela_basic_multi_level_trigger:\basic_multi_level_mbpm_trigger_gen:multi_level_mbpm|lpm_shiftreg:trigger_condition_deserialize|dffs[55]                                                                    ; sld_signaltap:auto_signaltap_0|sld_signaltap_impl:sld_signaltap_body|sld_signaltap_implb:sld_signaltap_body|sld_ela_control:ela_control|sld_ela_basic_multi_level_trigger:\basic_multi_level_mbpm_trigger_gen:multi_level_mbpm|lpm_shiftreg:trigger_condition_deserialize|dffs[54]                                                                    ; altera_reserved_tck ; altera_reserved_tck ; 0.000        ; 0.073      ; 0.746      ;
; 0.478 ; sld_signaltap:auto_signaltap_0|sld_signaltap_impl:sld_signaltap_body|sld_signaltap_implb:sld_signaltap_body|sld_ela_control:ela_control|sld_ela_basic_multi_level_trigger:\basic_multi_level_mbpm_trigger_gen:multi_level_mbpm|lpm_shiftreg:trigger_condition_deserialize|dffs[67]                                                                    ; sld_signaltap:auto_signaltap_0|sld_signaltap_impl:sld_signaltap_body|sld_signaltap_implb:sld_signaltap_body|sld_ela_control:ela_control|sld_ela_basic_multi_level_trigger:\basic_multi_level_mbpm_trigger_gen:multi_level_mbpm|lpm_shiftreg:trigger_condition_deserialize|dffs[66]                                                                    ; altera_reserved_tck ; altera_reserved_tck ; 0.000        ; 0.072      ; 0.745      ;
; 0.478 ; sld_signaltap:auto_signaltap_0|sld_signaltap_impl:sld_signaltap_body|sld_signaltap_implb:sld_signaltap_body|sld_ela_control:ela_control|sld_ela_basic_multi_level_trigger:\basic_multi_level_mbpm_trigger_gen:multi_level_mbpm|lpm_shiftreg:trigger_condition_deserialize|dffs[81]                                                                    ; sld_signaltap:auto_signaltap_0|sld_signaltap_impl:sld_signaltap_body|sld_signaltap_implb:sld_signaltap_body|sld_ela_control:ela_control|sld_ela_basic_multi_level_trigger:\basic_multi_level_mbpm_trigger_gen:multi_level_mbpm|lpm_shiftreg:trigger_condition_deserialize|dffs[80]                                                                    ; altera_reserved_tck ; altera_reserved_tck ; 0.000        ; 0.073      ; 0.746      ;
; 0.478 ; sld_signaltap:auto_signaltap_0|sld_signaltap_impl:sld_signaltap_body|sld_signaltap_implb:sld_signaltap_body|sld_ela_control:ela_control|sld_ela_basic_multi_level_trigger:\basic_multi_level_mbpm_trigger_gen:multi_level_mbpm|lpm_shiftreg:trigger_condition_deserialize|dffs[100]                                                                   ; sld_signaltap:auto_signaltap_0|sld_signaltap_impl:sld_signaltap_body|sld_signaltap_implb:sld_signaltap_body|sld_ela_control:ela_control|sld_ela_basic_multi_level_trigger:\basic_multi_level_mbpm_trigger_gen:multi_level_mbpm|lpm_shiftreg:trigger_condition_deserialize|dffs[99]                                                                    ; altera_reserved_tck ; altera_reserved_tck ; 0.000        ; 0.073      ; 0.746      ;
; 0.478 ; sld_hub:auto_hub|alt_sld_fab_with_jtag_input:\instrumentation_fabric_with_node_gen:fabric_gen_new_way:with_jtag_input_gen:instrumentation_fabric|alt_sld_fab:instrumentation_fabric|alt_sld_fab_alt_sld_fab:alt_sld_fab|alt_sld_fab_alt_sld_fab_sldfabric:sldfabric|sld_jtag_hub:\jtag_hub_gen:real_sld_jtag_hub|irsr_reg[8]                          ; sld_hub:auto_hub|alt_sld_fab_with_jtag_input:\instrumentation_fabric_with_node_gen:fabric_gen_new_way:with_jtag_input_gen:instrumentation_fabric|alt_sld_fab:instrumentation_fabric|alt_sld_fab_alt_sld_fab:alt_sld_fab|alt_sld_fab_alt_sld_fab_sldfabric:sldfabric|sld_jtag_hub:\jtag_hub_gen:real_sld_jtag_hub|irsr_reg[7]                          ; altera_reserved_tck ; altera_reserved_tck ; 0.000        ; 0.073      ; 0.746      ;
; 0.478 ; sld_hub:auto_hub|alt_sld_fab_with_jtag_input:\instrumentation_fabric_with_node_gen:fabric_gen_new_way:with_jtag_input_gen:instrumentation_fabric|alt_sld_fab:instrumentation_fabric|alt_sld_fab_alt_sld_fab:alt_sld_fab|alt_sld_fab_alt_sld_fab_sldfabric:sldfabric|sld_jtag_hub:\jtag_hub_gen:real_sld_jtag_hub|irsr_reg[6]                          ; sld_hub:auto_hub|alt_sld_fab_with_jtag_input:\instrumentation_fabric_with_node_gen:fabric_gen_new_way:with_jtag_input_gen:instrumentation_fabric|alt_sld_fab:instrumentation_fabric|alt_sld_fab_alt_sld_fab:alt_sld_fab|alt_sld_fab_alt_sld_fab_sldfabric:sldfabric|sld_jtag_hub:\jtag_hub_gen:real_sld_jtag_hub|irf_reg[1][6]                        ; altera_reserved_tck ; altera_reserved_tck ; 0.000        ; 0.073      ; 0.746      ;
; 0.479 ; sld_signaltap:auto_signaltap_0|sld_signaltap_impl:sld_signaltap_body|sld_signaltap_implb:sld_signaltap_body|lpm_shiftreg:segment_offset_config_deserialize|dffs[1]                                                                                                                                                                                    ; sld_signaltap:auto_signaltap_0|sld_signaltap_impl:sld_signaltap_body|sld_signaltap_implb:sld_signaltap_body|lpm_shiftreg:segment_offset_config_deserialize|dffs[0]                                                                                                                                                                                    ; altera_reserved_tck ; altera_reserved_tck ; 0.000        ; 0.073      ; 0.747      ;
; 0.479 ; sld_signaltap:auto_signaltap_0|sld_signaltap_impl:sld_signaltap_body|sld_signaltap_implb:sld_signaltap_body|sld_ela_control:ela_control|sld_ela_basic_multi_level_trigger:\basic_multi_level_mbpm_trigger_gen:multi_level_mbpm|lpm_shiftreg:trigger_condition_deserialize|dffs[15]                                                                    ; sld_signaltap:auto_signaltap_0|sld_signaltap_impl:sld_signaltap_body|sld_signaltap_implb:sld_signaltap_body|sld_ela_control:ela_control|sld_ela_basic_multi_level_trigger:\basic_multi_level_mbpm_trigger_gen:multi_level_mbpm|lpm_shiftreg:trigger_condition_deserialize|dffs[14]                                                                    ; altera_reserved_tck ; altera_reserved_tck ; 0.000        ; 0.072      ; 0.746      ;
; 0.479 ; sld_signaltap:auto_signaltap_0|sld_signaltap_impl:sld_signaltap_body|sld_signaltap_implb:sld_signaltap_body|sld_ela_control:ela_control|sld_ela_basic_multi_level_trigger:\basic_multi_level_mbpm_trigger_gen:multi_level_mbpm|lpm_shiftreg:trigger_condition_deserialize|dffs[24]                                                                    ; sld_signaltap:auto_signaltap_0|sld_signaltap_impl:sld_signaltap_body|sld_signaltap_implb:sld_signaltap_body|sld_ela_control:ela_control|sld_ela_basic_multi_level_trigger:\basic_multi_level_mbpm_trigger_gen:multi_level_mbpm|lpm_shiftreg:trigger_condition_deserialize|dffs[23]                                                                    ; altera_reserved_tck ; altera_reserved_tck ; 0.000        ; 0.072      ; 0.746      ;
; 0.479 ; sld_signaltap:auto_signaltap_0|sld_signaltap_impl:sld_signaltap_body|sld_signaltap_implb:sld_signaltap_body|sld_ela_control:ela_control|sld_ela_basic_multi_level_trigger:\basic_multi_level_mbpm_trigger_gen:multi_level_mbpm|lpm_shiftreg:trigger_condition_deserialize|dffs[37]                                                                    ; sld_signaltap:auto_signaltap_0|sld_signaltap_impl:sld_signaltap_body|sld_signaltap_implb:sld_signaltap_body|sld_ela_control:ela_control|sld_ela_basic_multi_level_trigger:\basic_multi_level_mbpm_trigger_gen:multi_level_mbpm|lpm_shiftreg:trigger_condition_deserialize|dffs[36]                                                                    ; altera_reserved_tck ; altera_reserved_tck ; 0.000        ; 0.072      ; 0.746      ;
; 0.479 ; sld_signaltap:auto_signaltap_0|sld_signaltap_impl:sld_signaltap_body|sld_signaltap_implb:sld_signaltap_body|sld_ela_control:ela_control|sld_ela_basic_multi_level_trigger:\basic_multi_level_mbpm_trigger_gen:multi_level_mbpm|lpm_shiftreg:trigger_condition_deserialize|dffs[43]                                                                    ; sld_signaltap:auto_signaltap_0|sld_signaltap_impl:sld_signaltap_body|sld_signaltap_implb:sld_signaltap_body|sld_ela_control:ela_control|sld_ela_basic_multi_level_trigger:\basic_multi_level_mbpm_trigger_gen:multi_level_mbpm|lpm_shiftreg:trigger_condition_deserialize|dffs[42]                                                                    ; altera_reserved_tck ; altera_reserved_tck ; 0.000        ; 0.072      ; 0.746      ;
; 0.479 ; sld_signaltap:auto_signaltap_0|sld_signaltap_impl:sld_signaltap_body|sld_signaltap_implb:sld_signaltap_body|sld_ela_control:ela_control|sld_ela_basic_multi_level_trigger:\basic_multi_level_mbpm_trigger_gen:multi_level_mbpm|lpm_shiftreg:trigger_condition_deserialize|dffs[70]                                                                    ; sld_signaltap:auto_signaltap_0|sld_signaltap_impl:sld_signaltap_body|sld_signaltap_implb:sld_signaltap_body|sld_ela_control:ela_control|sld_ela_basic_multi_level_trigger:\basic_multi_level_mbpm_trigger_gen:multi_level_mbpm|lpm_shiftreg:trigger_condition_deserialize|dffs[69]                                                                    ; altera_reserved_tck ; altera_reserved_tck ; 0.000        ; 0.072      ; 0.746      ;
; 0.479 ; sld_signaltap:auto_signaltap_0|sld_signaltap_impl:sld_signaltap_body|sld_signaltap_implb:sld_signaltap_body|sld_ela_control:ela_control|sld_ela_basic_multi_level_trigger:\basic_multi_level_mbpm_trigger_gen:multi_level_mbpm|lpm_shiftreg:trigger_condition_deserialize|dffs[76]                                                                    ; sld_signaltap:auto_signaltap_0|sld_signaltap_impl:sld_signaltap_body|sld_signaltap_implb:sld_signaltap_body|sld_ela_control:ela_control|sld_ela_basic_multi_level_trigger:\basic_multi_level_mbpm_trigger_gen:multi_level_mbpm|lpm_shiftreg:trigger_condition_deserialize|dffs[75]                                                                    ; altera_reserved_tck ; altera_reserved_tck ; 0.000        ; 0.072      ; 0.746      ;
; 0.479 ; sld_signaltap:auto_signaltap_0|sld_signaltap_impl:sld_signaltap_body|sld_signaltap_implb:sld_signaltap_body|sld_ela_control:ela_control|sld_ela_basic_multi_level_trigger:\basic_multi_level_mbpm_trigger_gen:multi_level_mbpm|lpm_shiftreg:trigger_condition_deserialize|dffs[102]                                                                   ; sld_signaltap:auto_signaltap_0|sld_signaltap_impl:sld_signaltap_body|sld_signaltap_implb:sld_signaltap_body|sld_ela_control:ela_control|sld_ela_basic_multi_level_trigger:\basic_multi_level_mbpm_trigger_gen:multi_level_mbpm|lpm_shiftreg:trigger_condition_deserialize|dffs[101]                                                                   ; altera_reserved_tck ; altera_reserved_tck ; 0.000        ; 0.073      ; 0.747      ;
+-------+-------------------------------------------------------------------------------------------------------------------------------------------------------------------------------------------------------------------------------------------------------------------------------------------------------------------------------------------------------+-------------------------------------------------------------------------------------------------------------------------------------------------------------------------------------------------------------------------------------------------------------------------------------------------------------------------------------------------------+---------------------+---------------------+--------------+------------+------------+


+-----------------------------------------------------------------------------------------------------------------------------------------------------------------------------------------------------------------------------------------------------------------------------------------------------------------------------------------------------------------------------------------------------------------------------------------------------------------------------------------------------------+
; Slow 1200mV 0C Model Recovery: 'altera_reserved_tck'                                                                                                                                                                                                                                                                                                                                                                                                                                                      ;
+--------+-----------------------------------------------------------------------------------------------------------------------+-------------------------------------------------------------------------------------------------------------------------------------------------------------------------------------------------------------------------------------------------------------------------------------+---------------------+---------------------+--------------+------------+------------+
; Slack  ; From Node                                                                                                             ; To Node                                                                                                                                                                                                                                                                             ; Launch Clock        ; Latch Clock         ; Relationship ; Clock Skew ; Data Delay ;
+--------+-----------------------------------------------------------------------------------------------------------------------+-------------------------------------------------------------------------------------------------------------------------------------------------------------------------------------------------------------------------------------------------------------------------------------+---------------------+---------------------+--------------+------------+------------+
; 96.085 ; sld_signaltap:auto_signaltap_0|sld_signaltap_impl:sld_signaltap_body|sld_signaltap_implb:sld_signaltap_body|reset_all ; sld_signaltap:auto_signaltap_0|sld_signaltap_impl:sld_signaltap_body|sld_signaltap_implb:sld_signaltap_body|sld_offload_buffer_mgr:\stp_non_zero_depth_offload_gen:stp_offload_buff_mgr_inst|lpm_shiftreg:status_data_shift_out|dffs[8]                                             ; altera_reserved_tck ; altera_reserved_tck ; 100.000      ; -0.096     ; 3.841      ;
; 96.085 ; sld_signaltap:auto_signaltap_0|sld_signaltap_impl:sld_signaltap_body|sld_signaltap_implb:sld_signaltap_body|reset_all ; sld_signaltap:auto_signaltap_0|sld_signaltap_impl:sld_signaltap_body|sld_signaltap_implb:sld_signaltap_body|sld_offload_buffer_mgr:\stp_non_zero_depth_offload_gen:stp_offload_buff_mgr_inst|lpm_shiftreg:status_data_shift_out|dffs[9]                                             ; altera_reserved_tck ; altera_reserved_tck ; 100.000      ; -0.096     ; 3.841      ;
; 96.085 ; sld_signaltap:auto_signaltap_0|sld_signaltap_impl:sld_signaltap_body|sld_signaltap_implb:sld_signaltap_body|reset_all ; sld_signaltap:auto_signaltap_0|sld_signaltap_impl:sld_signaltap_body|sld_signaltap_implb:sld_signaltap_body|sld_offload_buffer_mgr:\stp_non_zero_depth_offload_gen:stp_offload_buff_mgr_inst|lpm_shiftreg:status_data_shift_out|dffs[11]                                            ; altera_reserved_tck ; altera_reserved_tck ; 100.000      ; -0.096     ; 3.841      ;
; 96.085 ; sld_signaltap:auto_signaltap_0|sld_signaltap_impl:sld_signaltap_body|sld_signaltap_implb:sld_signaltap_body|reset_all ; sld_signaltap:auto_signaltap_0|sld_signaltap_impl:sld_signaltap_body|sld_signaltap_implb:sld_signaltap_body|sld_offload_buffer_mgr:\stp_non_zero_depth_offload_gen:stp_offload_buff_mgr_inst|lpm_shiftreg:status_data_shift_out|dffs[12]                                            ; altera_reserved_tck ; altera_reserved_tck ; 100.000      ; -0.096     ; 3.841      ;
; 96.085 ; sld_signaltap:auto_signaltap_0|sld_signaltap_impl:sld_signaltap_body|sld_signaltap_implb:sld_signaltap_body|reset_all ; sld_signaltap:auto_signaltap_0|sld_signaltap_impl:sld_signaltap_body|sld_signaltap_implb:sld_signaltap_body|sld_offload_buffer_mgr:\stp_non_zero_depth_offload_gen:stp_offload_buff_mgr_inst|lpm_shiftreg:status_data_shift_out|dffs[13]                                            ; altera_reserved_tck ; altera_reserved_tck ; 100.000      ; -0.096     ; 3.841      ;
; 96.085 ; sld_signaltap:auto_signaltap_0|sld_signaltap_impl:sld_signaltap_body|sld_signaltap_implb:sld_signaltap_body|reset_all ; sld_signaltap:auto_signaltap_0|sld_signaltap_impl:sld_signaltap_body|sld_signaltap_implb:sld_signaltap_body|sld_offload_buffer_mgr:\stp_non_zero_depth_offload_gen:stp_offload_buff_mgr_inst|lpm_shiftreg:status_data_shift_out|dffs[10]                                            ; altera_reserved_tck ; altera_reserved_tck ; 100.000      ; -0.096     ; 3.841      ;
; 96.085 ; sld_signaltap:auto_signaltap_0|sld_signaltap_impl:sld_signaltap_body|sld_signaltap_implb:sld_signaltap_body|reset_all ; sld_signaltap:auto_signaltap_0|sld_signaltap_impl:sld_signaltap_body|sld_signaltap_implb:sld_signaltap_body|sld_offload_buffer_mgr:\stp_non_zero_depth_offload_gen:stp_offload_buff_mgr_inst|lpm_shiftreg:status_data_shift_out|dffs[14]                                            ; altera_reserved_tck ; altera_reserved_tck ; 100.000      ; -0.096     ; 3.841      ;
; 96.088 ; sld_signaltap:auto_signaltap_0|sld_signaltap_impl:sld_signaltap_body|sld_signaltap_implb:sld_signaltap_body|reset_all ; sld_signaltap:auto_signaltap_0|sld_signaltap_impl:sld_signaltap_body|sld_signaltap_implb:sld_signaltap_body|lpm_shiftreg:segment_offset_config_deserialize|dffs[0]                                                                                                                  ; altera_reserved_tck ; altera_reserved_tck ; 100.000      ; -0.069     ; 3.865      ;
; 96.088 ; sld_signaltap:auto_signaltap_0|sld_signaltap_impl:sld_signaltap_body|sld_signaltap_implb:sld_signaltap_body|reset_all ; sld_signaltap:auto_signaltap_0|sld_signaltap_impl:sld_signaltap_body|sld_signaltap_implb:sld_signaltap_body|lpm_shiftreg:segment_offset_config_deserialize|dffs[1]                                                                                                                  ; altera_reserved_tck ; altera_reserved_tck ; 100.000      ; -0.069     ; 3.865      ;
; 96.088 ; sld_signaltap:auto_signaltap_0|sld_signaltap_impl:sld_signaltap_body|sld_signaltap_implb:sld_signaltap_body|reset_all ; sld_signaltap:auto_signaltap_0|sld_signaltap_impl:sld_signaltap_body|sld_signaltap_implb:sld_signaltap_body|lpm_shiftreg:segment_offset_config_deserialize|dffs[2]                                                                                                                  ; altera_reserved_tck ; altera_reserved_tck ; 100.000      ; -0.070     ; 3.864      ;
; 96.088 ; sld_signaltap:auto_signaltap_0|sld_signaltap_impl:sld_signaltap_body|sld_signaltap_implb:sld_signaltap_body|reset_all ; sld_signaltap:auto_signaltap_0|sld_signaltap_impl:sld_signaltap_body|sld_signaltap_implb:sld_signaltap_body|sld_ela_control:ela_control|sld_ela_basic_multi_level_trigger:\basic_multi_level_mbpm_trigger_gen:multi_level_mbpm|lpm_shiftreg:trigger_condition_deserialize|dffs[45]  ; altera_reserved_tck ; altera_reserved_tck ; 100.000      ; -0.078     ; 3.856      ;
; 96.088 ; sld_signaltap:auto_signaltap_0|sld_signaltap_impl:sld_signaltap_body|sld_signaltap_implb:sld_signaltap_body|reset_all ; sld_signaltap:auto_signaltap_0|sld_signaltap_impl:sld_signaltap_body|sld_signaltap_implb:sld_signaltap_body|sld_ela_control:ela_control|sld_ela_basic_multi_level_trigger:\basic_multi_level_mbpm_trigger_gen:multi_level_mbpm|lpm_shiftreg:trigger_condition_deserialize|dffs[46]  ; altera_reserved_tck ; altera_reserved_tck ; 100.000      ; -0.078     ; 3.856      ;
; 96.088 ; sld_signaltap:auto_signaltap_0|sld_signaltap_impl:sld_signaltap_body|sld_signaltap_implb:sld_signaltap_body|reset_all ; sld_signaltap:auto_signaltap_0|sld_signaltap_impl:sld_signaltap_body|sld_signaltap_implb:sld_signaltap_body|sld_ela_control:ela_control|sld_ela_basic_multi_level_trigger:\basic_multi_level_mbpm_trigger_gen:multi_level_mbpm|lpm_shiftreg:trigger_condition_deserialize|dffs[47]  ; altera_reserved_tck ; altera_reserved_tck ; 100.000      ; -0.078     ; 3.856      ;
; 96.088 ; sld_signaltap:auto_signaltap_0|sld_signaltap_impl:sld_signaltap_body|sld_signaltap_implb:sld_signaltap_body|reset_all ; sld_signaltap:auto_signaltap_0|sld_signaltap_impl:sld_signaltap_body|sld_signaltap_implb:sld_signaltap_body|sld_ela_control:ela_control|sld_ela_basic_multi_level_trigger:\basic_multi_level_mbpm_trigger_gen:multi_level_mbpm|lpm_shiftreg:trigger_condition_deserialize|dffs[48]  ; altera_reserved_tck ; altera_reserved_tck ; 100.000      ; -0.078     ; 3.856      ;
; 96.088 ; sld_signaltap:auto_signaltap_0|sld_signaltap_impl:sld_signaltap_body|sld_signaltap_implb:sld_signaltap_body|reset_all ; sld_signaltap:auto_signaltap_0|sld_signaltap_impl:sld_signaltap_body|sld_signaltap_implb:sld_signaltap_body|sld_ela_control:ela_control|sld_ela_basic_multi_level_trigger:\basic_multi_level_mbpm_trigger_gen:multi_level_mbpm|lpm_shiftreg:trigger_condition_deserialize|dffs[49]  ; altera_reserved_tck ; altera_reserved_tck ; 100.000      ; -0.078     ; 3.856      ;
; 96.088 ; sld_signaltap:auto_signaltap_0|sld_signaltap_impl:sld_signaltap_body|sld_signaltap_implb:sld_signaltap_body|reset_all ; sld_signaltap:auto_signaltap_0|sld_signaltap_impl:sld_signaltap_body|sld_signaltap_implb:sld_signaltap_body|sld_ela_control:ela_control|sld_ela_basic_multi_level_trigger:\basic_multi_level_mbpm_trigger_gen:multi_level_mbpm|lpm_shiftreg:trigger_condition_deserialize|dffs[50]  ; altera_reserved_tck ; altera_reserved_tck ; 100.000      ; -0.078     ; 3.856      ;
; 96.088 ; sld_signaltap:auto_signaltap_0|sld_signaltap_impl:sld_signaltap_body|sld_signaltap_implb:sld_signaltap_body|reset_all ; sld_signaltap:auto_signaltap_0|sld_signaltap_impl:sld_signaltap_body|sld_signaltap_implb:sld_signaltap_body|sld_ela_control:ela_control|sld_ela_basic_multi_level_trigger:\basic_multi_level_mbpm_trigger_gen:multi_level_mbpm|lpm_shiftreg:trigger_condition_deserialize|dffs[51]  ; altera_reserved_tck ; altera_reserved_tck ; 100.000      ; -0.078     ; 3.856      ;
; 96.088 ; sld_signaltap:auto_signaltap_0|sld_signaltap_impl:sld_signaltap_body|sld_signaltap_implb:sld_signaltap_body|reset_all ; sld_signaltap:auto_signaltap_0|sld_signaltap_impl:sld_signaltap_body|sld_signaltap_implb:sld_signaltap_body|sld_ela_control:ela_control|sld_ela_basic_multi_level_trigger:\basic_multi_level_mbpm_trigger_gen:multi_level_mbpm|lpm_shiftreg:trigger_condition_deserialize|dffs[52]  ; altera_reserved_tck ; altera_reserved_tck ; 100.000      ; -0.078     ; 3.856      ;
; 96.088 ; sld_signaltap:auto_signaltap_0|sld_signaltap_impl:sld_signaltap_body|sld_signaltap_implb:sld_signaltap_body|reset_all ; sld_signaltap:auto_signaltap_0|sld_signaltap_impl:sld_signaltap_body|sld_signaltap_implb:sld_signaltap_body|sld_ela_control:ela_control|sld_ela_basic_multi_level_trigger:\basic_multi_level_mbpm_trigger_gen:multi_level_mbpm|lpm_shiftreg:trigger_condition_deserialize|dffs[107] ; altera_reserved_tck ; altera_reserved_tck ; 100.000      ; -0.071     ; 3.863      ;
; 96.089 ; sld_signaltap:auto_signaltap_0|sld_signaltap_impl:sld_signaltap_body|sld_signaltap_implb:sld_signaltap_body|reset_all ; sld_signaltap:auto_signaltap_0|sld_signaltap_impl:sld_signaltap_body|sld_signaltap_implb:sld_signaltap_body|bypass_reg_out                                                                                                                                                          ; altera_reserved_tck ; altera_reserved_tck ; 100.000      ; -0.069     ; 3.864      ;
; 96.089 ; sld_signaltap:auto_signaltap_0|sld_signaltap_impl:sld_signaltap_body|sld_signaltap_implb:sld_signaltap_body|reset_all ; sld_signaltap:auto_signaltap_0|sld_signaltap_impl:sld_signaltap_body|sld_signaltap_implb:sld_signaltap_body|sld_offload_buffer_mgr:\stp_non_zero_depth_offload_gen:stp_offload_buff_mgr_inst|lpm_shiftreg:status_data_shift_out|dffs[0]                                             ; altera_reserved_tck ; altera_reserved_tck ; 100.000      ; -0.069     ; 3.864      ;
; 96.089 ; sld_signaltap:auto_signaltap_0|sld_signaltap_impl:sld_signaltap_body|sld_signaltap_implb:sld_signaltap_body|reset_all ; sld_signaltap:auto_signaltap_0|sld_signaltap_impl:sld_signaltap_body|sld_signaltap_implb:sld_signaltap_body|sld_offload_buffer_mgr:\stp_non_zero_depth_offload_gen:stp_offload_buff_mgr_inst|lpm_shiftreg:status_data_shift_out|dffs[1]                                             ; altera_reserved_tck ; altera_reserved_tck ; 100.000      ; -0.090     ; 3.843      ;
; 96.089 ; sld_signaltap:auto_signaltap_0|sld_signaltap_impl:sld_signaltap_body|sld_signaltap_implb:sld_signaltap_body|reset_all ; sld_signaltap:auto_signaltap_0|sld_signaltap_impl:sld_signaltap_body|sld_signaltap_implb:sld_signaltap_body|sld_offload_buffer_mgr:\stp_non_zero_depth_offload_gen:stp_offload_buff_mgr_inst|lpm_shiftreg:status_data_shift_out|dffs[2]                                             ; altera_reserved_tck ; altera_reserved_tck ; 100.000      ; -0.090     ; 3.843      ;
; 96.089 ; sld_signaltap:auto_signaltap_0|sld_signaltap_impl:sld_signaltap_body|sld_signaltap_implb:sld_signaltap_body|reset_all ; sld_signaltap:auto_signaltap_0|sld_signaltap_impl:sld_signaltap_body|sld_signaltap_implb:sld_signaltap_body|sld_offload_buffer_mgr:\stp_non_zero_depth_offload_gen:stp_offload_buff_mgr_inst|lpm_shiftreg:status_data_shift_out|dffs[3]                                             ; altera_reserved_tck ; altera_reserved_tck ; 100.000      ; -0.090     ; 3.843      ;
; 96.089 ; sld_signaltap:auto_signaltap_0|sld_signaltap_impl:sld_signaltap_body|sld_signaltap_implb:sld_signaltap_body|reset_all ; sld_signaltap:auto_signaltap_0|sld_signaltap_impl:sld_signaltap_body|sld_signaltap_implb:sld_signaltap_body|sld_offload_buffer_mgr:\stp_non_zero_depth_offload_gen:stp_offload_buff_mgr_inst|lpm_shiftreg:status_data_shift_out|dffs[4]                                             ; altera_reserved_tck ; altera_reserved_tck ; 100.000      ; -0.090     ; 3.843      ;
; 96.089 ; sld_signaltap:auto_signaltap_0|sld_signaltap_impl:sld_signaltap_body|sld_signaltap_implb:sld_signaltap_body|reset_all ; sld_signaltap:auto_signaltap_0|sld_signaltap_impl:sld_signaltap_body|sld_signaltap_implb:sld_signaltap_body|sld_offload_buffer_mgr:\stp_non_zero_depth_offload_gen:stp_offload_buff_mgr_inst|lpm_shiftreg:status_data_shift_out|dffs[5]                                             ; altera_reserved_tck ; altera_reserved_tck ; 100.000      ; -0.090     ; 3.843      ;
; 96.089 ; sld_signaltap:auto_signaltap_0|sld_signaltap_impl:sld_signaltap_body|sld_signaltap_implb:sld_signaltap_body|reset_all ; sld_signaltap:auto_signaltap_0|sld_signaltap_impl:sld_signaltap_body|sld_signaltap_implb:sld_signaltap_body|sld_offload_buffer_mgr:\stp_non_zero_depth_offload_gen:stp_offload_buff_mgr_inst|lpm_shiftreg:status_data_shift_out|dffs[6]                                             ; altera_reserved_tck ; altera_reserved_tck ; 100.000      ; -0.090     ; 3.843      ;
; 96.089 ; sld_signaltap:auto_signaltap_0|sld_signaltap_impl:sld_signaltap_body|sld_signaltap_implb:sld_signaltap_body|reset_all ; sld_signaltap:auto_signaltap_0|sld_signaltap_impl:sld_signaltap_body|sld_signaltap_implb:sld_signaltap_body|sld_offload_buffer_mgr:\stp_non_zero_depth_offload_gen:stp_offload_buff_mgr_inst|lpm_shiftreg:status_data_shift_out|dffs[7]                                             ; altera_reserved_tck ; altera_reserved_tck ; 100.000      ; -0.090     ; 3.843      ;
; 96.089 ; sld_signaltap:auto_signaltap_0|sld_signaltap_impl:sld_signaltap_body|sld_signaltap_implb:sld_signaltap_body|reset_all ; sld_signaltap:auto_signaltap_0|sld_signaltap_impl:sld_signaltap_body|sld_signaltap_implb:sld_signaltap_body|sld_offload_buffer_mgr:\stp_non_zero_depth_offload_gen:stp_offload_buff_mgr_inst|lpm_shiftreg:info_data_shift_out|dffs[0]                                               ; altera_reserved_tck ; altera_reserved_tck ; 100.000      ; -0.069     ; 3.864      ;
; 96.089 ; sld_signaltap:auto_signaltap_0|sld_signaltap_impl:sld_signaltap_body|sld_signaltap_implb:sld_signaltap_body|reset_all ; sld_signaltap:auto_signaltap_0|sld_signaltap_impl:sld_signaltap_body|sld_signaltap_implb:sld_signaltap_body|sld_offload_buffer_mgr:\stp_non_zero_depth_offload_gen:stp_offload_buff_mgr_inst|lpm_shiftreg:info_data_shift_out|dffs[1]                                               ; altera_reserved_tck ; altera_reserved_tck ; 100.000      ; -0.081     ; 3.852      ;
; 96.089 ; sld_signaltap:auto_signaltap_0|sld_signaltap_impl:sld_signaltap_body|sld_signaltap_implb:sld_signaltap_body|reset_all ; sld_signaltap:auto_signaltap_0|sld_signaltap_impl:sld_signaltap_body|sld_signaltap_implb:sld_signaltap_body|sld_offload_buffer_mgr:\stp_non_zero_depth_offload_gen:stp_offload_buff_mgr_inst|lpm_shiftreg:info_data_shift_out|dffs[2]                                               ; altera_reserved_tck ; altera_reserved_tck ; 100.000      ; -0.081     ; 3.852      ;
; 96.089 ; sld_signaltap:auto_signaltap_0|sld_signaltap_impl:sld_signaltap_body|sld_signaltap_implb:sld_signaltap_body|reset_all ; sld_signaltap:auto_signaltap_0|sld_signaltap_impl:sld_signaltap_body|sld_signaltap_implb:sld_signaltap_body|sld_offload_buffer_mgr:\stp_non_zero_depth_offload_gen:stp_offload_buff_mgr_inst|lpm_shiftreg:info_data_shift_out|dffs[3]                                               ; altera_reserved_tck ; altera_reserved_tck ; 100.000      ; -0.081     ; 3.852      ;
; 96.089 ; sld_signaltap:auto_signaltap_0|sld_signaltap_impl:sld_signaltap_body|sld_signaltap_implb:sld_signaltap_body|reset_all ; sld_signaltap:auto_signaltap_0|sld_signaltap_impl:sld_signaltap_body|sld_signaltap_implb:sld_signaltap_body|sld_offload_buffer_mgr:\stp_non_zero_depth_offload_gen:stp_offload_buff_mgr_inst|lpm_shiftreg:info_data_shift_out|dffs[4]                                               ; altera_reserved_tck ; altera_reserved_tck ; 100.000      ; -0.081     ; 3.852      ;
; 96.089 ; sld_signaltap:auto_signaltap_0|sld_signaltap_impl:sld_signaltap_body|sld_signaltap_implb:sld_signaltap_body|reset_all ; sld_signaltap:auto_signaltap_0|sld_signaltap_impl:sld_signaltap_body|sld_signaltap_implb:sld_signaltap_body|sld_offload_buffer_mgr:\stp_non_zero_depth_offload_gen:stp_offload_buff_mgr_inst|lpm_shiftreg:info_data_shift_out|dffs[5]                                               ; altera_reserved_tck ; altera_reserved_tck ; 100.000      ; -0.081     ; 3.852      ;
; 96.089 ; sld_signaltap:auto_signaltap_0|sld_signaltap_impl:sld_signaltap_body|sld_signaltap_implb:sld_signaltap_body|reset_all ; sld_signaltap:auto_signaltap_0|sld_signaltap_impl:sld_signaltap_body|sld_signaltap_implb:sld_signaltap_body|sld_offload_buffer_mgr:\stp_non_zero_depth_offload_gen:stp_offload_buff_mgr_inst|lpm_shiftreg:info_data_shift_out|dffs[6]                                               ; altera_reserved_tck ; altera_reserved_tck ; 100.000      ; -0.081     ; 3.852      ;
; 96.089 ; sld_signaltap:auto_signaltap_0|sld_signaltap_impl:sld_signaltap_body|sld_signaltap_implb:sld_signaltap_body|reset_all ; sld_signaltap:auto_signaltap_0|sld_signaltap_impl:sld_signaltap_body|sld_signaltap_implb:sld_signaltap_body|sld_offload_buffer_mgr:\stp_non_zero_depth_offload_gen:stp_offload_buff_mgr_inst|lpm_shiftreg:info_data_shift_out|dffs[7]                                               ; altera_reserved_tck ; altera_reserved_tck ; 100.000      ; -0.081     ; 3.852      ;
; 96.089 ; sld_signaltap:auto_signaltap_0|sld_signaltap_impl:sld_signaltap_body|sld_signaltap_implb:sld_signaltap_body|reset_all ; sld_signaltap:auto_signaltap_0|sld_signaltap_impl:sld_signaltap_body|sld_signaltap_implb:sld_signaltap_body|sld_offload_buffer_mgr:\stp_non_zero_depth_offload_gen:stp_offload_buff_mgr_inst|lpm_shiftreg:info_data_shift_out|dffs[8]                                               ; altera_reserved_tck ; altera_reserved_tck ; 100.000      ; -0.082     ; 3.851      ;
; 96.089 ; sld_signaltap:auto_signaltap_0|sld_signaltap_impl:sld_signaltap_body|sld_signaltap_implb:sld_signaltap_body|reset_all ; sld_signaltap:auto_signaltap_0|sld_signaltap_impl:sld_signaltap_body|sld_signaltap_implb:sld_signaltap_body|sld_offload_buffer_mgr:\stp_non_zero_depth_offload_gen:stp_offload_buff_mgr_inst|lpm_shiftreg:info_data_shift_out|dffs[9]                                               ; altera_reserved_tck ; altera_reserved_tck ; 100.000      ; -0.082     ; 3.851      ;
; 96.089 ; sld_signaltap:auto_signaltap_0|sld_signaltap_impl:sld_signaltap_body|sld_signaltap_implb:sld_signaltap_body|reset_all ; sld_signaltap:auto_signaltap_0|sld_signaltap_impl:sld_signaltap_body|sld_signaltap_implb:sld_signaltap_body|sld_offload_buffer_mgr:\stp_non_zero_depth_offload_gen:stp_offload_buff_mgr_inst|lpm_shiftreg:info_data_shift_out|dffs[10]                                              ; altera_reserved_tck ; altera_reserved_tck ; 100.000      ; -0.082     ; 3.851      ;
; 96.089 ; sld_signaltap:auto_signaltap_0|sld_signaltap_impl:sld_signaltap_body|sld_signaltap_implb:sld_signaltap_body|reset_all ; sld_signaltap:auto_signaltap_0|sld_signaltap_impl:sld_signaltap_body|sld_signaltap_implb:sld_signaltap_body|sld_offload_buffer_mgr:\stp_non_zero_depth_offload_gen:stp_offload_buff_mgr_inst|lpm_shiftreg:info_data_shift_out|dffs[11]                                              ; altera_reserved_tck ; altera_reserved_tck ; 100.000      ; -0.082     ; 3.851      ;
; 96.089 ; sld_signaltap:auto_signaltap_0|sld_signaltap_impl:sld_signaltap_body|sld_signaltap_implb:sld_signaltap_body|reset_all ; sld_signaltap:auto_signaltap_0|sld_signaltap_impl:sld_signaltap_body|sld_signaltap_implb:sld_signaltap_body|sld_offload_buffer_mgr:\stp_non_zero_depth_offload_gen:stp_offload_buff_mgr_inst|lpm_shiftreg:info_data_shift_out|dffs[12]                                              ; altera_reserved_tck ; altera_reserved_tck ; 100.000      ; -0.082     ; 3.851      ;
; 96.089 ; sld_signaltap:auto_signaltap_0|sld_signaltap_impl:sld_signaltap_body|sld_signaltap_implb:sld_signaltap_body|reset_all ; sld_signaltap:auto_signaltap_0|sld_signaltap_impl:sld_signaltap_body|sld_signaltap_implb:sld_signaltap_body|sld_offload_buffer_mgr:\stp_non_zero_depth_offload_gen:stp_offload_buff_mgr_inst|lpm_shiftreg:info_data_shift_out|dffs[13]                                              ; altera_reserved_tck ; altera_reserved_tck ; 100.000      ; -0.082     ; 3.851      ;
; 96.089 ; sld_signaltap:auto_signaltap_0|sld_signaltap_impl:sld_signaltap_body|sld_signaltap_implb:sld_signaltap_body|reset_all ; sld_signaltap:auto_signaltap_0|sld_signaltap_impl:sld_signaltap_body|sld_signaltap_implb:sld_signaltap_body|sld_offload_buffer_mgr:\stp_non_zero_depth_offload_gen:stp_offload_buff_mgr_inst|lpm_shiftreg:info_data_shift_out|dffs[14]                                              ; altera_reserved_tck ; altera_reserved_tck ; 100.000      ; -0.082     ; 3.851      ;
; 96.089 ; sld_signaltap:auto_signaltap_0|sld_signaltap_impl:sld_signaltap_body|sld_signaltap_implb:sld_signaltap_body|reset_all ; sld_signaltap:auto_signaltap_0|sld_signaltap_impl:sld_signaltap_body|sld_signaltap_implb:sld_signaltap_body|sld_offload_buffer_mgr:\stp_non_zero_depth_offload_gen:stp_offload_buff_mgr_inst|lpm_shiftreg:ram_data_shift_out|dffs[0]                                                ; altera_reserved_tck ; altera_reserved_tck ; 100.000      ; -0.087     ; 3.846      ;
; 96.089 ; sld_signaltap:auto_signaltap_0|sld_signaltap_impl:sld_signaltap_body|sld_signaltap_implb:sld_signaltap_body|reset_all ; sld_signaltap:auto_signaltap_0|sld_signaltap_impl:sld_signaltap_body|sld_signaltap_implb:sld_signaltap_body|sld_offload_buffer_mgr:\stp_non_zero_depth_offload_gen:stp_offload_buff_mgr_inst|lpm_shiftreg:ram_data_shift_out|dffs[1]                                                ; altera_reserved_tck ; altera_reserved_tck ; 100.000      ; -0.087     ; 3.846      ;
; 96.089 ; sld_signaltap:auto_signaltap_0|sld_signaltap_impl:sld_signaltap_body|sld_signaltap_implb:sld_signaltap_body|reset_all ; sld_signaltap:auto_signaltap_0|sld_signaltap_impl:sld_signaltap_body|sld_signaltap_implb:sld_signaltap_body|sld_offload_buffer_mgr:\stp_non_zero_depth_offload_gen:stp_offload_buff_mgr_inst|lpm_shiftreg:ram_data_shift_out|dffs[2]                                                ; altera_reserved_tck ; altera_reserved_tck ; 100.000      ; -0.087     ; 3.846      ;
; 96.089 ; sld_signaltap:auto_signaltap_0|sld_signaltap_impl:sld_signaltap_body|sld_signaltap_implb:sld_signaltap_body|reset_all ; sld_signaltap:auto_signaltap_0|sld_signaltap_impl:sld_signaltap_body|sld_signaltap_implb:sld_signaltap_body|sld_offload_buffer_mgr:\stp_non_zero_depth_offload_gen:stp_offload_buff_mgr_inst|lpm_shiftreg:ram_data_shift_out|dffs[3]                                                ; altera_reserved_tck ; altera_reserved_tck ; 100.000      ; -0.087     ; 3.846      ;
; 96.089 ; sld_signaltap:auto_signaltap_0|sld_signaltap_impl:sld_signaltap_body|sld_signaltap_implb:sld_signaltap_body|reset_all ; sld_signaltap:auto_signaltap_0|sld_signaltap_impl:sld_signaltap_body|sld_signaltap_implb:sld_signaltap_body|sld_offload_buffer_mgr:\stp_non_zero_depth_offload_gen:stp_offload_buff_mgr_inst|lpm_shiftreg:ram_data_shift_out|dffs[4]                                                ; altera_reserved_tck ; altera_reserved_tck ; 100.000      ; -0.087     ; 3.846      ;
; 96.089 ; sld_signaltap:auto_signaltap_0|sld_signaltap_impl:sld_signaltap_body|sld_signaltap_implb:sld_signaltap_body|reset_all ; sld_signaltap:auto_signaltap_0|sld_signaltap_impl:sld_signaltap_body|sld_signaltap_implb:sld_signaltap_body|sld_offload_buffer_mgr:\stp_non_zero_depth_offload_gen:stp_offload_buff_mgr_inst|lpm_shiftreg:ram_data_shift_out|dffs[5]                                                ; altera_reserved_tck ; altera_reserved_tck ; 100.000      ; -0.087     ; 3.846      ;
; 96.089 ; sld_signaltap:auto_signaltap_0|sld_signaltap_impl:sld_signaltap_body|sld_signaltap_implb:sld_signaltap_body|reset_all ; sld_signaltap:auto_signaltap_0|sld_signaltap_impl:sld_signaltap_body|sld_signaltap_implb:sld_signaltap_body|sld_offload_buffer_mgr:\stp_non_zero_depth_offload_gen:stp_offload_buff_mgr_inst|lpm_shiftreg:ram_data_shift_out|dffs[6]                                                ; altera_reserved_tck ; altera_reserved_tck ; 100.000      ; -0.087     ; 3.846      ;
; 96.089 ; sld_signaltap:auto_signaltap_0|sld_signaltap_impl:sld_signaltap_body|sld_signaltap_implb:sld_signaltap_body|reset_all ; sld_signaltap:auto_signaltap_0|sld_signaltap_impl:sld_signaltap_body|sld_signaltap_implb:sld_signaltap_body|sld_offload_buffer_mgr:\stp_non_zero_depth_offload_gen:stp_offload_buff_mgr_inst|lpm_shiftreg:ram_data_shift_out|dffs[7]                                                ; altera_reserved_tck ; altera_reserved_tck ; 100.000      ; -0.087     ; 3.846      ;
; 96.089 ; sld_signaltap:auto_signaltap_0|sld_signaltap_impl:sld_signaltap_body|sld_signaltap_implb:sld_signaltap_body|reset_all ; sld_signaltap:auto_signaltap_0|sld_signaltap_impl:sld_signaltap_body|sld_signaltap_implb:sld_signaltap_body|sld_offload_buffer_mgr:\stp_non_zero_depth_offload_gen:stp_offload_buff_mgr_inst|lpm_shiftreg:ram_data_shift_out|dffs[8]                                                ; altera_reserved_tck ; altera_reserved_tck ; 100.000      ; -0.087     ; 3.846      ;
; 96.089 ; sld_signaltap:auto_signaltap_0|sld_signaltap_impl:sld_signaltap_body|sld_signaltap_implb:sld_signaltap_body|reset_all ; sld_signaltap:auto_signaltap_0|sld_signaltap_impl:sld_signaltap_body|sld_signaltap_implb:sld_signaltap_body|sld_offload_buffer_mgr:\stp_non_zero_depth_offload_gen:stp_offload_buff_mgr_inst|lpm_shiftreg:ram_data_shift_out|dffs[9]                                                ; altera_reserved_tck ; altera_reserved_tck ; 100.000      ; -0.087     ; 3.846      ;
; 96.089 ; sld_signaltap:auto_signaltap_0|sld_signaltap_impl:sld_signaltap_body|sld_signaltap_implb:sld_signaltap_body|reset_all ; sld_signaltap:auto_signaltap_0|sld_signaltap_impl:sld_signaltap_body|sld_signaltap_implb:sld_signaltap_body|sld_offload_buffer_mgr:\stp_non_zero_depth_offload_gen:stp_offload_buff_mgr_inst|lpm_shiftreg:ram_data_shift_out|dffs[10]                                               ; altera_reserved_tck ; altera_reserved_tck ; 100.000      ; -0.087     ; 3.846      ;
; 96.089 ; sld_signaltap:auto_signaltap_0|sld_signaltap_impl:sld_signaltap_body|sld_signaltap_implb:sld_signaltap_body|reset_all ; sld_signaltap:auto_signaltap_0|sld_signaltap_impl:sld_signaltap_body|sld_signaltap_implb:sld_signaltap_body|sld_offload_buffer_mgr:\stp_non_zero_depth_offload_gen:stp_offload_buff_mgr_inst|lpm_shiftreg:ram_data_shift_out|dffs[11]                                               ; altera_reserved_tck ; altera_reserved_tck ; 100.000      ; -0.087     ; 3.846      ;
; 96.089 ; sld_signaltap:auto_signaltap_0|sld_signaltap_impl:sld_signaltap_body|sld_signaltap_implb:sld_signaltap_body|reset_all ; sld_signaltap:auto_signaltap_0|sld_signaltap_impl:sld_signaltap_body|sld_signaltap_implb:sld_signaltap_body|sld_offload_buffer_mgr:\stp_non_zero_depth_offload_gen:stp_offload_buff_mgr_inst|lpm_shiftreg:ram_data_shift_out|dffs[12]                                               ; altera_reserved_tck ; altera_reserved_tck ; 100.000      ; -0.087     ; 3.846      ;
; 96.089 ; sld_signaltap:auto_signaltap_0|sld_signaltap_impl:sld_signaltap_body|sld_signaltap_implb:sld_signaltap_body|reset_all ; sld_signaltap:auto_signaltap_0|sld_signaltap_impl:sld_signaltap_body|sld_signaltap_implb:sld_signaltap_body|sld_offload_buffer_mgr:\stp_non_zero_depth_offload_gen:stp_offload_buff_mgr_inst|lpm_shiftreg:ram_data_shift_out|dffs[13]                                               ; altera_reserved_tck ; altera_reserved_tck ; 100.000      ; -0.087     ; 3.846      ;
; 96.089 ; sld_signaltap:auto_signaltap_0|sld_signaltap_impl:sld_signaltap_body|sld_signaltap_implb:sld_signaltap_body|reset_all ; sld_signaltap:auto_signaltap_0|sld_signaltap_impl:sld_signaltap_body|sld_signaltap_implb:sld_signaltap_body|sld_offload_buffer_mgr:\stp_non_zero_depth_offload_gen:stp_offload_buff_mgr_inst|lpm_shiftreg:ram_data_shift_out|dffs[14]                                               ; altera_reserved_tck ; altera_reserved_tck ; 100.000      ; -0.087     ; 3.846      ;
; 96.089 ; sld_signaltap:auto_signaltap_0|sld_signaltap_impl:sld_signaltap_body|sld_signaltap_implb:sld_signaltap_body|reset_all ; sld_signaltap:auto_signaltap_0|sld_signaltap_impl:sld_signaltap_body|sld_signaltap_implb:sld_signaltap_body|sld_offload_buffer_mgr:\stp_non_zero_depth_offload_gen:stp_offload_buff_mgr_inst|lpm_shiftreg:ram_data_shift_out|dffs[15]                                               ; altera_reserved_tck ; altera_reserved_tck ; 100.000      ; -0.087     ; 3.846      ;
; 96.089 ; sld_signaltap:auto_signaltap_0|sld_signaltap_impl:sld_signaltap_body|sld_signaltap_implb:sld_signaltap_body|reset_all ; sld_signaltap:auto_signaltap_0|sld_signaltap_impl:sld_signaltap_body|sld_signaltap_implb:sld_signaltap_body|sld_offload_buffer_mgr:\stp_non_zero_depth_offload_gen:stp_offload_buff_mgr_inst|lpm_shiftreg:ram_data_shift_out|dffs[16]                                               ; altera_reserved_tck ; altera_reserved_tck ; 100.000      ; -0.082     ; 3.851      ;
; 96.089 ; sld_signaltap:auto_signaltap_0|sld_signaltap_impl:sld_signaltap_body|sld_signaltap_implb:sld_signaltap_body|reset_all ; sld_signaltap:auto_signaltap_0|sld_signaltap_impl:sld_signaltap_body|sld_signaltap_implb:sld_signaltap_body|sld_offload_buffer_mgr:\stp_non_zero_depth_offload_gen:stp_offload_buff_mgr_inst|lpm_shiftreg:ram_data_shift_out|dffs[17]                                               ; altera_reserved_tck ; altera_reserved_tck ; 100.000      ; -0.082     ; 3.851      ;
; 96.089 ; sld_signaltap:auto_signaltap_0|sld_signaltap_impl:sld_signaltap_body|sld_signaltap_implb:sld_signaltap_body|reset_all ; sld_signaltap:auto_signaltap_0|sld_signaltap_impl:sld_signaltap_body|sld_signaltap_implb:sld_signaltap_body|sld_offload_buffer_mgr:\stp_non_zero_depth_offload_gen:stp_offload_buff_mgr_inst|lpm_shiftreg:ram_data_shift_out|dffs[18]                                               ; altera_reserved_tck ; altera_reserved_tck ; 100.000      ; -0.082     ; 3.851      ;
; 96.089 ; sld_signaltap:auto_signaltap_0|sld_signaltap_impl:sld_signaltap_body|sld_signaltap_implb:sld_signaltap_body|reset_all ; sld_signaltap:auto_signaltap_0|sld_signaltap_impl:sld_signaltap_body|sld_signaltap_implb:sld_signaltap_body|sld_offload_buffer_mgr:\stp_non_zero_depth_offload_gen:stp_offload_buff_mgr_inst|lpm_shiftreg:ram_data_shift_out|dffs[19]                                               ; altera_reserved_tck ; altera_reserved_tck ; 100.000      ; -0.082     ; 3.851      ;
; 96.089 ; sld_signaltap:auto_signaltap_0|sld_signaltap_impl:sld_signaltap_body|sld_signaltap_implb:sld_signaltap_body|reset_all ; sld_signaltap:auto_signaltap_0|sld_signaltap_impl:sld_signaltap_body|sld_signaltap_implb:sld_signaltap_body|sld_offload_buffer_mgr:\stp_non_zero_depth_offload_gen:stp_offload_buff_mgr_inst|lpm_shiftreg:ram_data_shift_out|dffs[20]                                               ; altera_reserved_tck ; altera_reserved_tck ; 100.000      ; -0.082     ; 3.851      ;
; 96.089 ; sld_signaltap:auto_signaltap_0|sld_signaltap_impl:sld_signaltap_body|sld_signaltap_implb:sld_signaltap_body|reset_all ; sld_signaltap:auto_signaltap_0|sld_signaltap_impl:sld_signaltap_body|sld_signaltap_implb:sld_signaltap_body|sld_offload_buffer_mgr:\stp_non_zero_depth_offload_gen:stp_offload_buff_mgr_inst|lpm_shiftreg:ram_data_shift_out|dffs[21]                                               ; altera_reserved_tck ; altera_reserved_tck ; 100.000      ; -0.082     ; 3.851      ;
; 96.089 ; sld_signaltap:auto_signaltap_0|sld_signaltap_impl:sld_signaltap_body|sld_signaltap_implb:sld_signaltap_body|reset_all ; sld_signaltap:auto_signaltap_0|sld_signaltap_impl:sld_signaltap_body|sld_signaltap_implb:sld_signaltap_body|sld_offload_buffer_mgr:\stp_non_zero_depth_offload_gen:stp_offload_buff_mgr_inst|lpm_shiftreg:ram_data_shift_out|dffs[22]                                               ; altera_reserved_tck ; altera_reserved_tck ; 100.000      ; -0.082     ; 3.851      ;
; 96.089 ; sld_signaltap:auto_signaltap_0|sld_signaltap_impl:sld_signaltap_body|sld_signaltap_implb:sld_signaltap_body|reset_all ; sld_signaltap:auto_signaltap_0|sld_signaltap_impl:sld_signaltap_body|sld_signaltap_implb:sld_signaltap_body|sld_offload_buffer_mgr:\stp_non_zero_depth_offload_gen:stp_offload_buff_mgr_inst|lpm_shiftreg:ram_data_shift_out|dffs[23]                                               ; altera_reserved_tck ; altera_reserved_tck ; 100.000      ; -0.082     ; 3.851      ;
; 96.089 ; sld_signaltap:auto_signaltap_0|sld_signaltap_impl:sld_signaltap_body|sld_signaltap_implb:sld_signaltap_body|reset_all ; sld_signaltap:auto_signaltap_0|sld_signaltap_impl:sld_signaltap_body|sld_signaltap_implb:sld_signaltap_body|sld_offload_buffer_mgr:\stp_non_zero_depth_offload_gen:stp_offload_buff_mgr_inst|lpm_shiftreg:ram_data_shift_out|dffs[24]                                               ; altera_reserved_tck ; altera_reserved_tck ; 100.000      ; -0.082     ; 3.851      ;
; 96.089 ; sld_signaltap:auto_signaltap_0|sld_signaltap_impl:sld_signaltap_body|sld_signaltap_implb:sld_signaltap_body|reset_all ; sld_signaltap:auto_signaltap_0|sld_signaltap_impl:sld_signaltap_body|sld_signaltap_implb:sld_signaltap_body|sld_offload_buffer_mgr:\stp_non_zero_depth_offload_gen:stp_offload_buff_mgr_inst|lpm_shiftreg:ram_data_shift_out|dffs[25]                                               ; altera_reserved_tck ; altera_reserved_tck ; 100.000      ; -0.082     ; 3.851      ;
; 96.089 ; sld_signaltap:auto_signaltap_0|sld_signaltap_impl:sld_signaltap_body|sld_signaltap_implb:sld_signaltap_body|reset_all ; sld_signaltap:auto_signaltap_0|sld_signaltap_impl:sld_signaltap_body|sld_signaltap_implb:sld_signaltap_body|sld_offload_buffer_mgr:\stp_non_zero_depth_offload_gen:stp_offload_buff_mgr_inst|lpm_shiftreg:ram_data_shift_out|dffs[26]                                               ; altera_reserved_tck ; altera_reserved_tck ; 100.000      ; -0.082     ; 3.851      ;
; 96.089 ; sld_signaltap:auto_signaltap_0|sld_signaltap_impl:sld_signaltap_body|sld_signaltap_implb:sld_signaltap_body|reset_all ; sld_signaltap:auto_signaltap_0|sld_signaltap_impl:sld_signaltap_body|sld_signaltap_implb:sld_signaltap_body|sld_offload_buffer_mgr:\stp_non_zero_depth_offload_gen:stp_offload_buff_mgr_inst|lpm_shiftreg:ram_data_shift_out|dffs[27]                                               ; altera_reserved_tck ; altera_reserved_tck ; 100.000      ; -0.082     ; 3.851      ;
; 96.089 ; sld_signaltap:auto_signaltap_0|sld_signaltap_impl:sld_signaltap_body|sld_signaltap_implb:sld_signaltap_body|reset_all ; sld_signaltap:auto_signaltap_0|sld_signaltap_impl:sld_signaltap_body|sld_signaltap_implb:sld_signaltap_body|sld_offload_buffer_mgr:\stp_non_zero_depth_offload_gen:stp_offload_buff_mgr_inst|lpm_shiftreg:ram_data_shift_out|dffs[28]                                               ; altera_reserved_tck ; altera_reserved_tck ; 100.000      ; -0.082     ; 3.851      ;
; 96.089 ; sld_signaltap:auto_signaltap_0|sld_signaltap_impl:sld_signaltap_body|sld_signaltap_implb:sld_signaltap_body|reset_all ; sld_signaltap:auto_signaltap_0|sld_signaltap_impl:sld_signaltap_body|sld_signaltap_implb:sld_signaltap_body|sld_offload_buffer_mgr:\stp_non_zero_depth_offload_gen:stp_offload_buff_mgr_inst|lpm_shiftreg:ram_data_shift_out|dffs[29]                                               ; altera_reserved_tck ; altera_reserved_tck ; 100.000      ; -0.082     ; 3.851      ;
; 96.089 ; sld_signaltap:auto_signaltap_0|sld_signaltap_impl:sld_signaltap_body|sld_signaltap_implb:sld_signaltap_body|reset_all ; sld_signaltap:auto_signaltap_0|sld_signaltap_impl:sld_signaltap_body|sld_signaltap_implb:sld_signaltap_body|sld_offload_buffer_mgr:\stp_non_zero_depth_offload_gen:stp_offload_buff_mgr_inst|lpm_shiftreg:ram_data_shift_out|dffs[30]                                               ; altera_reserved_tck ; altera_reserved_tck ; 100.000      ; -0.082     ; 3.851      ;
; 96.089 ; sld_signaltap:auto_signaltap_0|sld_signaltap_impl:sld_signaltap_body|sld_signaltap_implb:sld_signaltap_body|reset_all ; sld_signaltap:auto_signaltap_0|sld_signaltap_impl:sld_signaltap_body|sld_signaltap_implb:sld_signaltap_body|sld_offload_buffer_mgr:\stp_non_zero_depth_offload_gen:stp_offload_buff_mgr_inst|lpm_shiftreg:ram_data_shift_out|dffs[31]                                               ; altera_reserved_tck ; altera_reserved_tck ; 100.000      ; -0.082     ; 3.851      ;
; 96.089 ; sld_signaltap:auto_signaltap_0|sld_signaltap_impl:sld_signaltap_body|sld_signaltap_implb:sld_signaltap_body|reset_all ; sld_signaltap:auto_signaltap_0|sld_signaltap_impl:sld_signaltap_body|sld_signaltap_implb:sld_signaltap_body|sld_offload_buffer_mgr:\stp_non_zero_depth_offload_gen:stp_offload_buff_mgr_inst|lpm_shiftreg:ram_data_shift_out|dffs[32]                                               ; altera_reserved_tck ; altera_reserved_tck ; 100.000      ; -0.083     ; 3.850      ;
; 96.089 ; sld_signaltap:auto_signaltap_0|sld_signaltap_impl:sld_signaltap_body|sld_signaltap_implb:sld_signaltap_body|reset_all ; sld_signaltap:auto_signaltap_0|sld_signaltap_impl:sld_signaltap_body|sld_signaltap_implb:sld_signaltap_body|sld_offload_buffer_mgr:\stp_non_zero_depth_offload_gen:stp_offload_buff_mgr_inst|lpm_shiftreg:ram_data_shift_out|dffs[33]                                               ; altera_reserved_tck ; altera_reserved_tck ; 100.000      ; -0.083     ; 3.850      ;
; 96.089 ; sld_signaltap:auto_signaltap_0|sld_signaltap_impl:sld_signaltap_body|sld_signaltap_implb:sld_signaltap_body|reset_all ; sld_signaltap:auto_signaltap_0|sld_signaltap_impl:sld_signaltap_body|sld_signaltap_implb:sld_signaltap_body|sld_offload_buffer_mgr:\stp_non_zero_depth_offload_gen:stp_offload_buff_mgr_inst|lpm_shiftreg:ram_data_shift_out|dffs[34]                                               ; altera_reserved_tck ; altera_reserved_tck ; 100.000      ; -0.083     ; 3.850      ;
; 96.089 ; sld_signaltap:auto_signaltap_0|sld_signaltap_impl:sld_signaltap_body|sld_signaltap_implb:sld_signaltap_body|reset_all ; sld_signaltap:auto_signaltap_0|sld_signaltap_impl:sld_signaltap_body|sld_signaltap_implb:sld_signaltap_body|sld_offload_buffer_mgr:\stp_non_zero_depth_offload_gen:stp_offload_buff_mgr_inst|lpm_shiftreg:ram_data_shift_out|dffs[35]                                               ; altera_reserved_tck ; altera_reserved_tck ; 100.000      ; -0.083     ; 3.850      ;
; 96.089 ; sld_signaltap:auto_signaltap_0|sld_signaltap_impl:sld_signaltap_body|sld_signaltap_implb:sld_signaltap_body|reset_all ; sld_signaltap:auto_signaltap_0|sld_signaltap_impl:sld_signaltap_body|sld_signaltap_implb:sld_signaltap_body|lpm_shiftreg:segment_offset_config_deserialize|dffs[3]                                                                                                                  ; altera_reserved_tck ; altera_reserved_tck ; 100.000      ; -0.078     ; 3.855      ;
; 96.089 ; sld_signaltap:auto_signaltap_0|sld_signaltap_impl:sld_signaltap_body|sld_signaltap_implb:sld_signaltap_body|reset_all ; sld_signaltap:auto_signaltap_0|sld_signaltap_impl:sld_signaltap_body|sld_signaltap_implb:sld_signaltap_body|lpm_shiftreg:segment_offset_config_deserialize|dffs[4]                                                                                                                  ; altera_reserved_tck ; altera_reserved_tck ; 100.000      ; -0.078     ; 3.855      ;
; 96.089 ; sld_signaltap:auto_signaltap_0|sld_signaltap_impl:sld_signaltap_body|sld_signaltap_implb:sld_signaltap_body|reset_all ; sld_signaltap:auto_signaltap_0|sld_signaltap_impl:sld_signaltap_body|sld_signaltap_implb:sld_signaltap_body|lpm_shiftreg:segment_offset_config_deserialize|dffs[5]                                                                                                                  ; altera_reserved_tck ; altera_reserved_tck ; 100.000      ; -0.078     ; 3.855      ;
; 96.089 ; sld_signaltap:auto_signaltap_0|sld_signaltap_impl:sld_signaltap_body|sld_signaltap_implb:sld_signaltap_body|reset_all ; sld_signaltap:auto_signaltap_0|sld_signaltap_impl:sld_signaltap_body|sld_signaltap_implb:sld_signaltap_body|lpm_shiftreg:segment_offset_config_deserialize|dffs[6]                                                                                                                  ; altera_reserved_tck ; altera_reserved_tck ; 100.000      ; -0.078     ; 3.855      ;
; 96.089 ; sld_signaltap:auto_signaltap_0|sld_signaltap_impl:sld_signaltap_body|sld_signaltap_implb:sld_signaltap_body|reset_all ; sld_signaltap:auto_signaltap_0|sld_signaltap_impl:sld_signaltap_body|sld_signaltap_implb:sld_signaltap_body|sld_ela_control:ela_control|lpm_shiftreg:trigger_config_deserialize|dffs[0]                                                                                             ; altera_reserved_tck ; altera_reserved_tck ; 100.000      ; -0.078     ; 3.855      ;
; 96.089 ; sld_signaltap:auto_signaltap_0|sld_signaltap_impl:sld_signaltap_body|sld_signaltap_implb:sld_signaltap_body|reset_all ; sld_signaltap:auto_signaltap_0|sld_signaltap_impl:sld_signaltap_body|sld_signaltap_implb:sld_signaltap_body|sld_ela_control:ela_control|lpm_shiftreg:trigger_config_deserialize|dffs[1]                                                                                             ; altera_reserved_tck ; altera_reserved_tck ; 100.000      ; -0.078     ; 3.855      ;
; 96.089 ; sld_signaltap:auto_signaltap_0|sld_signaltap_impl:sld_signaltap_body|sld_signaltap_implb:sld_signaltap_body|reset_all ; sld_signaltap:auto_signaltap_0|sld_signaltap_impl:sld_signaltap_body|sld_signaltap_implb:sld_signaltap_body|sld_ela_control:ela_control|lpm_shiftreg:trigger_config_deserialize|dffs[2]                                                                                             ; altera_reserved_tck ; altera_reserved_tck ; 100.000      ; -0.078     ; 3.855      ;
; 96.089 ; sld_signaltap:auto_signaltap_0|sld_signaltap_impl:sld_signaltap_body|sld_signaltap_implb:sld_signaltap_body|reset_all ; sld_signaltap:auto_signaltap_0|sld_signaltap_impl:sld_signaltap_body|sld_signaltap_implb:sld_signaltap_body|sld_ela_control:ela_control|lpm_shiftreg:trigger_config_deserialize|dffs[3]                                                                                             ; altera_reserved_tck ; altera_reserved_tck ; 100.000      ; -0.078     ; 3.855      ;
; 96.089 ; sld_signaltap:auto_signaltap_0|sld_signaltap_impl:sld_signaltap_body|sld_signaltap_implb:sld_signaltap_body|reset_all ; sld_signaltap:auto_signaltap_0|sld_signaltap_impl:sld_signaltap_body|sld_signaltap_implb:sld_signaltap_body|sld_ela_control:ela_control|sld_ela_trigger_flow_mgr:\builtin:ela_trigger_flow_mgr_entity|lpm_shiftreg:trigger_config_deserialize|dffs[0]                               ; altera_reserved_tck ; altera_reserved_tck ; 100.000      ; -0.078     ; 3.855      ;
; 96.089 ; sld_signaltap:auto_signaltap_0|sld_signaltap_impl:sld_signaltap_body|sld_signaltap_implb:sld_signaltap_body|reset_all ; sld_signaltap:auto_signaltap_0|sld_signaltap_impl:sld_signaltap_body|sld_signaltap_implb:sld_signaltap_body|sld_ela_control:ela_control|sld_ela_trigger_flow_mgr:\builtin:ela_trigger_flow_mgr_entity|lpm_shiftreg:trigger_config_deserialize|dffs[1]                               ; altera_reserved_tck ; altera_reserved_tck ; 100.000      ; -0.078     ; 3.855      ;
; 96.089 ; sld_signaltap:auto_signaltap_0|sld_signaltap_impl:sld_signaltap_body|sld_signaltap_implb:sld_signaltap_body|reset_all ; sld_signaltap:auto_signaltap_0|sld_signaltap_impl:sld_signaltap_body|sld_signaltap_implb:sld_signaltap_body|sld_ela_control:ela_control|sld_ela_trigger_flow_mgr:\builtin:ela_trigger_flow_mgr_entity|lpm_shiftreg:trigger_config_deserialize|dffs[2]                               ; altera_reserved_tck ; altera_reserved_tck ; 100.000      ; -0.078     ; 3.855      ;
; 96.089 ; sld_signaltap:auto_signaltap_0|sld_signaltap_impl:sld_signaltap_body|sld_signaltap_implb:sld_signaltap_body|reset_all ; sld_signaltap:auto_signaltap_0|sld_signaltap_impl:sld_signaltap_body|sld_signaltap_implb:sld_signaltap_body|sld_ela_control:ela_control|sld_ela_trigger_flow_mgr:\builtin:ela_trigger_flow_mgr_entity|lpm_shiftreg:trigger_config_deserialize|dffs[3]                               ; altera_reserved_tck ; altera_reserved_tck ; 100.000      ; -0.078     ; 3.855      ;
; 96.089 ; sld_signaltap:auto_signaltap_0|sld_signaltap_impl:sld_signaltap_body|sld_signaltap_implb:sld_signaltap_body|reset_all ; sld_signaltap:auto_signaltap_0|sld_signaltap_impl:sld_signaltap_body|sld_signaltap_implb:sld_signaltap_body|sld_ela_control:ela_control|sld_ela_trigger_flow_mgr:\builtin:ela_trigger_flow_mgr_entity|lpm_shiftreg:trigger_config_deserialize|dffs[4]                               ; altera_reserved_tck ; altera_reserved_tck ; 100.000      ; -0.078     ; 3.855      ;
; 96.089 ; sld_signaltap:auto_signaltap_0|sld_signaltap_impl:sld_signaltap_body|sld_signaltap_implb:sld_signaltap_body|reset_all ; sld_signaltap:auto_signaltap_0|sld_signaltap_impl:sld_signaltap_body|sld_signaltap_implb:sld_signaltap_body|sld_ela_control:ela_control|sld_ela_trigger_flow_mgr:\builtin:ela_trigger_flow_mgr_entity|lpm_shiftreg:trigger_config_deserialize|dffs[5]                               ; altera_reserved_tck ; altera_reserved_tck ; 100.000      ; -0.078     ; 3.855      ;
; 96.089 ; sld_signaltap:auto_signaltap_0|sld_signaltap_impl:sld_signaltap_body|sld_signaltap_implb:sld_signaltap_body|reset_all ; sld_signaltap:auto_signaltap_0|sld_signaltap_impl:sld_signaltap_body|sld_signaltap_implb:sld_signaltap_body|sld_ela_control:ela_control|sld_ela_basic_multi_level_trigger:\basic_multi_level_mbpm_trigger_gen:multi_level_mbpm|lpm_shiftreg:trigger_condition_deserialize|dffs[25]  ; altera_reserved_tck ; altera_reserved_tck ; 100.000      ; -0.090     ; 3.843      ;
; 96.089 ; sld_signaltap:auto_signaltap_0|sld_signaltap_impl:sld_signaltap_body|sld_signaltap_implb:sld_signaltap_body|reset_all ; sld_signaltap:auto_signaltap_0|sld_signaltap_impl:sld_signaltap_body|sld_signaltap_implb:sld_signaltap_body|sld_ela_control:ela_control|sld_ela_basic_multi_level_trigger:\basic_multi_level_mbpm_trigger_gen:multi_level_mbpm|lpm_shiftreg:trigger_condition_deserialize|dffs[26]  ; altera_reserved_tck ; altera_reserved_tck ; 100.000      ; -0.090     ; 3.843      ;
; 96.089 ; sld_signaltap:auto_signaltap_0|sld_signaltap_impl:sld_signaltap_body|sld_signaltap_implb:sld_signaltap_body|reset_all ; sld_signaltap:auto_signaltap_0|sld_signaltap_impl:sld_signaltap_body|sld_signaltap_implb:sld_signaltap_body|sld_ela_control:ela_control|sld_ela_basic_multi_level_trigger:\basic_multi_level_mbpm_trigger_gen:multi_level_mbpm|lpm_shiftreg:trigger_condition_deserialize|dffs[27]  ; altera_reserved_tck ; altera_reserved_tck ; 100.000      ; -0.090     ; 3.843      ;
; 96.089 ; sld_signaltap:auto_signaltap_0|sld_signaltap_impl:sld_signaltap_body|sld_signaltap_implb:sld_signaltap_body|reset_all ; sld_signaltap:auto_signaltap_0|sld_signaltap_impl:sld_signaltap_body|sld_signaltap_implb:sld_signaltap_body|sld_ela_control:ela_control|sld_ela_basic_multi_level_trigger:\basic_multi_level_mbpm_trigger_gen:multi_level_mbpm|lpm_shiftreg:trigger_condition_deserialize|dffs[28]  ; altera_reserved_tck ; altera_reserved_tck ; 100.000      ; -0.090     ; 3.843      ;
; 96.089 ; sld_signaltap:auto_signaltap_0|sld_signaltap_impl:sld_signaltap_body|sld_signaltap_implb:sld_signaltap_body|reset_all ; sld_signaltap:auto_signaltap_0|sld_signaltap_impl:sld_signaltap_body|sld_signaltap_implb:sld_signaltap_body|sld_ela_control:ela_control|sld_ela_basic_multi_level_trigger:\basic_multi_level_mbpm_trigger_gen:multi_level_mbpm|lpm_shiftreg:trigger_condition_deserialize|dffs[29]  ; altera_reserved_tck ; altera_reserved_tck ; 100.000      ; -0.090     ; 3.843      ;
; 96.089 ; sld_signaltap:auto_signaltap_0|sld_signaltap_impl:sld_signaltap_body|sld_signaltap_implb:sld_signaltap_body|reset_all ; sld_signaltap:auto_signaltap_0|sld_signaltap_impl:sld_signaltap_body|sld_signaltap_implb:sld_signaltap_body|sld_ela_control:ela_control|sld_ela_basic_multi_level_trigger:\basic_multi_level_mbpm_trigger_gen:multi_level_mbpm|lpm_shiftreg:trigger_condition_deserialize|dffs[30]  ; altera_reserved_tck ; altera_reserved_tck ; 100.000      ; -0.090     ; 3.843      ;
; 96.089 ; sld_signaltap:auto_signaltap_0|sld_signaltap_impl:sld_signaltap_body|sld_signaltap_implb:sld_signaltap_body|reset_all ; sld_signaltap:auto_signaltap_0|sld_signaltap_impl:sld_signaltap_body|sld_signaltap_implb:sld_signaltap_body|sld_ela_control:ela_control|sld_ela_basic_multi_level_trigger:\basic_multi_level_mbpm_trigger_gen:multi_level_mbpm|lpm_shiftreg:trigger_condition_deserialize|dffs[31]  ; altera_reserved_tck ; altera_reserved_tck ; 100.000      ; -0.090     ; 3.843      ;
+--------+-----------------------------------------------------------------------------------------------------------------------+-------------------------------------------------------------------------------------------------------------------------------------------------------------------------------------------------------------------------------------------------------------------------------------+---------------------+---------------------+--------------+------------+------------+


+-----------------------------------------------------------------------------------------------------------------------------------------------------------------------------------------------------------------------------------------------------------------------------------------------------------------------------------------------------------------------------------------------------------------------------------------------------------------------------------------------------------------------------------------------------------------------------------------------------------------------------------------------------------------------------------------------------------------------------------------------------------------------------------------------+
; Slow 1200mV 0C Model Removal: 'altera_reserved_tck'                                                                                                                                                                                                                                                                                                                                                                                                                                                                                                                                                                                                                                                                                                                                           ;
+-------+-----------------------------------------------------------------------------------------------------------------------------------------------------------------------------------------------------------------------------------------------------------------------------------------------------------------------------------------------------+--------------------------------------------------------------------------------------------------------------------------------------------------------------------------------------------------------------------------------------------------------------------------------------------------------------------------------------------+---------------------+---------------------+--------------+------------+------------+
; Slack ; From Node                                                                                                                                                                                                                                                                                                                                           ; To Node                                                                                                                                                                                                                                                                                                                                    ; Launch Clock        ; Latch Clock         ; Relationship ; Clock Skew ; Data Delay ;
+-------+-----------------------------------------------------------------------------------------------------------------------------------------------------------------------------------------------------------------------------------------------------------------------------------------------------------------------------------------------------+--------------------------------------------------------------------------------------------------------------------------------------------------------------------------------------------------------------------------------------------------------------------------------------------------------------------------------------------+---------------------+---------------------+--------------+------------+------------+
; 1.028 ; sld_hub:auto_hub|alt_sld_fab_with_jtag_input:\instrumentation_fabric_with_node_gen:fabric_gen_new_way:with_jtag_input_gen:instrumentation_fabric|alt_sld_fab:instrumentation_fabric|alt_sld_fab_alt_sld_fab:alt_sld_fab|alt_sld_fab_alt_sld_fab_sldfabric:sldfabric|sld_jtag_hub:\jtag_hub_gen:real_sld_jtag_hub|clr_reg                            ; sld_hub:auto_hub|alt_sld_fab_with_jtag_input:\instrumentation_fabric_with_node_gen:fabric_gen_new_way:with_jtag_input_gen:instrumentation_fabric|alt_sld_fab:instrumentation_fabric|alt_sld_fab_alt_sld_fab:alt_sld_fab|splitter_nodes_receive_0[3]                                                                                        ; altera_reserved_tck ; altera_reserved_tck ; 0.000        ; 0.073      ; 1.296      ;
; 1.514 ; sld_hub:auto_hub|alt_sld_fab_with_jtag_input:\instrumentation_fabric_with_node_gen:fabric_gen_new_way:with_jtag_input_gen:instrumentation_fabric|alt_sld_fab:instrumentation_fabric|alt_sld_fab_alt_sld_fab:alt_sld_fab|alt_sld_fab_alt_sld_fab_sldfabric:sldfabric|sld_jtag_hub:\jtag_hub_gen:real_sld_jtag_hub|sld_shadow_jsm:shadow_jsm|state[0] ; sld_hub:auto_hub|alt_sld_fab_with_jtag_input:\instrumentation_fabric_with_node_gen:fabric_gen_new_way:with_jtag_input_gen:instrumentation_fabric|alt_sld_fab:instrumentation_fabric|alt_sld_fab_alt_sld_fab:alt_sld_fab|alt_sld_fab_alt_sld_fab_sldfabric:sldfabric|sld_jtag_hub:\jtag_hub_gen:real_sld_jtag_hub|virtual_dr_scan_reg       ; altera_reserved_tck ; altera_reserved_tck ; 0.000        ; 0.079      ; 1.788      ;
; 1.514 ; sld_hub:auto_hub|alt_sld_fab_with_jtag_input:\instrumentation_fabric_with_node_gen:fabric_gen_new_way:with_jtag_input_gen:instrumentation_fabric|alt_sld_fab:instrumentation_fabric|alt_sld_fab_alt_sld_fab:alt_sld_fab|alt_sld_fab_alt_sld_fab_sldfabric:sldfabric|sld_jtag_hub:\jtag_hub_gen:real_sld_jtag_hub|sld_shadow_jsm:shadow_jsm|state[0] ; sld_hub:auto_hub|alt_sld_fab_with_jtag_input:\instrumentation_fabric_with_node_gen:fabric_gen_new_way:with_jtag_input_gen:instrumentation_fabric|alt_sld_fab:instrumentation_fabric|alt_sld_fab_alt_sld_fab:alt_sld_fab|alt_sld_fab_alt_sld_fab_sldfabric:sldfabric|sld_jtag_hub:\jtag_hub_gen:real_sld_jtag_hub|virtual_ir_scan_reg       ; altera_reserved_tck ; altera_reserved_tck ; 0.000        ; 0.079      ; 1.788      ;
; 1.524 ; sld_hub:auto_hub|alt_sld_fab_with_jtag_input:\instrumentation_fabric_with_node_gen:fabric_gen_new_way:with_jtag_input_gen:instrumentation_fabric|alt_sld_fab:instrumentation_fabric|alt_sld_fab_alt_sld_fab:alt_sld_fab|alt_sld_fab_alt_sld_fab_sldfabric:sldfabric|sld_jtag_hub:\jtag_hub_gen:real_sld_jtag_hub|sld_shadow_jsm:shadow_jsm|state[0] ; sld_hub:auto_hub|alt_sld_fab_with_jtag_input:\instrumentation_fabric_with_node_gen:fabric_gen_new_way:with_jtag_input_gen:instrumentation_fabric|alt_sld_fab:instrumentation_fabric|alt_sld_fab_alt_sld_fab:alt_sld_fab|alt_sld_fab_alt_sld_fab_sldfabric:sldfabric|sld_jtag_hub:\jtag_hub_gen:real_sld_jtag_hub|jtag_ir_reg[0]            ; altera_reserved_tck ; altera_reserved_tck ; 0.000        ; 0.082      ; 1.801      ;
; 1.524 ; sld_hub:auto_hub|alt_sld_fab_with_jtag_input:\instrumentation_fabric_with_node_gen:fabric_gen_new_way:with_jtag_input_gen:instrumentation_fabric|alt_sld_fab:instrumentation_fabric|alt_sld_fab_alt_sld_fab:alt_sld_fab|alt_sld_fab_alt_sld_fab_sldfabric:sldfabric|sld_jtag_hub:\jtag_hub_gen:real_sld_jtag_hub|sld_shadow_jsm:shadow_jsm|state[0] ; sld_hub:auto_hub|alt_sld_fab_with_jtag_input:\instrumentation_fabric_with_node_gen:fabric_gen_new_way:with_jtag_input_gen:instrumentation_fabric|alt_sld_fab:instrumentation_fabric|alt_sld_fab_alt_sld_fab:alt_sld_fab|alt_sld_fab_alt_sld_fab_sldfabric:sldfabric|sld_jtag_hub:\jtag_hub_gen:real_sld_jtag_hub|jtag_ir_reg[1]            ; altera_reserved_tck ; altera_reserved_tck ; 0.000        ; 0.082      ; 1.801      ;
; 1.524 ; sld_hub:auto_hub|alt_sld_fab_with_jtag_input:\instrumentation_fabric_with_node_gen:fabric_gen_new_way:with_jtag_input_gen:instrumentation_fabric|alt_sld_fab:instrumentation_fabric|alt_sld_fab_alt_sld_fab:alt_sld_fab|alt_sld_fab_alt_sld_fab_sldfabric:sldfabric|sld_jtag_hub:\jtag_hub_gen:real_sld_jtag_hub|sld_shadow_jsm:shadow_jsm|state[0] ; sld_hub:auto_hub|alt_sld_fab_with_jtag_input:\instrumentation_fabric_with_node_gen:fabric_gen_new_way:with_jtag_input_gen:instrumentation_fabric|alt_sld_fab:instrumentation_fabric|alt_sld_fab_alt_sld_fab:alt_sld_fab|alt_sld_fab_alt_sld_fab_sldfabric:sldfabric|sld_jtag_hub:\jtag_hub_gen:real_sld_jtag_hub|jtag_ir_reg[2]            ; altera_reserved_tck ; altera_reserved_tck ; 0.000        ; 0.082      ; 1.801      ;
; 1.524 ; sld_hub:auto_hub|alt_sld_fab_with_jtag_input:\instrumentation_fabric_with_node_gen:fabric_gen_new_way:with_jtag_input_gen:instrumentation_fabric|alt_sld_fab:instrumentation_fabric|alt_sld_fab_alt_sld_fab:alt_sld_fab|alt_sld_fab_alt_sld_fab_sldfabric:sldfabric|sld_jtag_hub:\jtag_hub_gen:real_sld_jtag_hub|sld_shadow_jsm:shadow_jsm|state[0] ; sld_hub:auto_hub|alt_sld_fab_with_jtag_input:\instrumentation_fabric_with_node_gen:fabric_gen_new_way:with_jtag_input_gen:instrumentation_fabric|alt_sld_fab:instrumentation_fabric|alt_sld_fab_alt_sld_fab:alt_sld_fab|alt_sld_fab_alt_sld_fab_sldfabric:sldfabric|sld_jtag_hub:\jtag_hub_gen:real_sld_jtag_hub|jtag_ir_reg[3]            ; altera_reserved_tck ; altera_reserved_tck ; 0.000        ; 0.082      ; 1.801      ;
; 1.524 ; sld_hub:auto_hub|alt_sld_fab_with_jtag_input:\instrumentation_fabric_with_node_gen:fabric_gen_new_way:with_jtag_input_gen:instrumentation_fabric|alt_sld_fab:instrumentation_fabric|alt_sld_fab_alt_sld_fab:alt_sld_fab|alt_sld_fab_alt_sld_fab_sldfabric:sldfabric|sld_jtag_hub:\jtag_hub_gen:real_sld_jtag_hub|sld_shadow_jsm:shadow_jsm|state[0] ; sld_hub:auto_hub|alt_sld_fab_with_jtag_input:\instrumentation_fabric_with_node_gen:fabric_gen_new_way:with_jtag_input_gen:instrumentation_fabric|alt_sld_fab:instrumentation_fabric|alt_sld_fab_alt_sld_fab:alt_sld_fab|alt_sld_fab_alt_sld_fab_sldfabric:sldfabric|sld_jtag_hub:\jtag_hub_gen:real_sld_jtag_hub|jtag_ir_reg[4]            ; altera_reserved_tck ; altera_reserved_tck ; 0.000        ; 0.082      ; 1.801      ;
; 1.524 ; sld_hub:auto_hub|alt_sld_fab_with_jtag_input:\instrumentation_fabric_with_node_gen:fabric_gen_new_way:with_jtag_input_gen:instrumentation_fabric|alt_sld_fab:instrumentation_fabric|alt_sld_fab_alt_sld_fab:alt_sld_fab|alt_sld_fab_alt_sld_fab_sldfabric:sldfabric|sld_jtag_hub:\jtag_hub_gen:real_sld_jtag_hub|sld_shadow_jsm:shadow_jsm|state[0] ; sld_hub:auto_hub|alt_sld_fab_with_jtag_input:\instrumentation_fabric_with_node_gen:fabric_gen_new_way:with_jtag_input_gen:instrumentation_fabric|alt_sld_fab:instrumentation_fabric|alt_sld_fab_alt_sld_fab:alt_sld_fab|alt_sld_fab_alt_sld_fab_sldfabric:sldfabric|sld_jtag_hub:\jtag_hub_gen:real_sld_jtag_hub|jtag_ir_reg[5]            ; altera_reserved_tck ; altera_reserved_tck ; 0.000        ; 0.082      ; 1.801      ;
; 1.524 ; sld_hub:auto_hub|alt_sld_fab_with_jtag_input:\instrumentation_fabric_with_node_gen:fabric_gen_new_way:with_jtag_input_gen:instrumentation_fabric|alt_sld_fab:instrumentation_fabric|alt_sld_fab_alt_sld_fab:alt_sld_fab|alt_sld_fab_alt_sld_fab_sldfabric:sldfabric|sld_jtag_hub:\jtag_hub_gen:real_sld_jtag_hub|sld_shadow_jsm:shadow_jsm|state[0] ; sld_hub:auto_hub|alt_sld_fab_with_jtag_input:\instrumentation_fabric_with_node_gen:fabric_gen_new_way:with_jtag_input_gen:instrumentation_fabric|alt_sld_fab:instrumentation_fabric|alt_sld_fab_alt_sld_fab:alt_sld_fab|alt_sld_fab_alt_sld_fab_sldfabric:sldfabric|sld_jtag_hub:\jtag_hub_gen:real_sld_jtag_hub|jtag_ir_reg[6]            ; altera_reserved_tck ; altera_reserved_tck ; 0.000        ; 0.082      ; 1.801      ;
; 1.524 ; sld_hub:auto_hub|alt_sld_fab_with_jtag_input:\instrumentation_fabric_with_node_gen:fabric_gen_new_way:with_jtag_input_gen:instrumentation_fabric|alt_sld_fab:instrumentation_fabric|alt_sld_fab_alt_sld_fab:alt_sld_fab|alt_sld_fab_alt_sld_fab_sldfabric:sldfabric|sld_jtag_hub:\jtag_hub_gen:real_sld_jtag_hub|sld_shadow_jsm:shadow_jsm|state[0] ; sld_hub:auto_hub|alt_sld_fab_with_jtag_input:\instrumentation_fabric_with_node_gen:fabric_gen_new_way:with_jtag_input_gen:instrumentation_fabric|alt_sld_fab:instrumentation_fabric|alt_sld_fab_alt_sld_fab:alt_sld_fab|alt_sld_fab_alt_sld_fab_sldfabric:sldfabric|sld_jtag_hub:\jtag_hub_gen:real_sld_jtag_hub|jtag_ir_reg[7]            ; altera_reserved_tck ; altera_reserved_tck ; 0.000        ; 0.082      ; 1.801      ;
; 1.524 ; sld_hub:auto_hub|alt_sld_fab_with_jtag_input:\instrumentation_fabric_with_node_gen:fabric_gen_new_way:with_jtag_input_gen:instrumentation_fabric|alt_sld_fab:instrumentation_fabric|alt_sld_fab_alt_sld_fab:alt_sld_fab|alt_sld_fab_alt_sld_fab_sldfabric:sldfabric|sld_jtag_hub:\jtag_hub_gen:real_sld_jtag_hub|sld_shadow_jsm:shadow_jsm|state[0] ; sld_hub:auto_hub|alt_sld_fab_with_jtag_input:\instrumentation_fabric_with_node_gen:fabric_gen_new_way:with_jtag_input_gen:instrumentation_fabric|alt_sld_fab:instrumentation_fabric|alt_sld_fab_alt_sld_fab:alt_sld_fab|alt_sld_fab_alt_sld_fab_sldfabric:sldfabric|sld_jtag_hub:\jtag_hub_gen:real_sld_jtag_hub|jtag_ir_reg[8]            ; altera_reserved_tck ; altera_reserved_tck ; 0.000        ; 0.082      ; 1.801      ;
; 1.524 ; sld_hub:auto_hub|alt_sld_fab_with_jtag_input:\instrumentation_fabric_with_node_gen:fabric_gen_new_way:with_jtag_input_gen:instrumentation_fabric|alt_sld_fab:instrumentation_fabric|alt_sld_fab_alt_sld_fab:alt_sld_fab|alt_sld_fab_alt_sld_fab_sldfabric:sldfabric|sld_jtag_hub:\jtag_hub_gen:real_sld_jtag_hub|sld_shadow_jsm:shadow_jsm|state[0] ; sld_hub:auto_hub|alt_sld_fab_with_jtag_input:\instrumentation_fabric_with_node_gen:fabric_gen_new_way:with_jtag_input_gen:instrumentation_fabric|alt_sld_fab:instrumentation_fabric|alt_sld_fab_alt_sld_fab:alt_sld_fab|alt_sld_fab_alt_sld_fab_sldfabric:sldfabric|sld_jtag_hub:\jtag_hub_gen:real_sld_jtag_hub|jtag_ir_reg[9]            ; altera_reserved_tck ; altera_reserved_tck ; 0.000        ; 0.082      ; 1.801      ;
; 1.785 ; sld_hub:auto_hub|alt_sld_fab_with_jtag_input:\instrumentation_fabric_with_node_gen:fabric_gen_new_way:with_jtag_input_gen:instrumentation_fabric|alt_sld_fab:instrumentation_fabric|alt_sld_fab_alt_sld_fab:alt_sld_fab|alt_sld_fab_alt_sld_fab_sldfabric:sldfabric|sld_jtag_hub:\jtag_hub_gen:real_sld_jtag_hub|virtual_ir_scan_reg                ; sld_hub:auto_hub|alt_sld_fab_with_jtag_input:\instrumentation_fabric_with_node_gen:fabric_gen_new_way:with_jtag_input_gen:instrumentation_fabric|alt_sld_fab:instrumentation_fabric|alt_sld_fab_alt_sld_fab:alt_sld_fab|alt_sld_fab_alt_sld_fab_sldfabric:sldfabric|sld_jtag_hub:\jtag_hub_gen:real_sld_jtag_hub|hub_mode_reg[2]           ; altera_reserved_tck ; altera_reserved_tck ; 0.000        ; 0.079      ; 2.059      ;
; 1.836 ; sld_hub:auto_hub|alt_sld_fab_with_jtag_input:\instrumentation_fabric_with_node_gen:fabric_gen_new_way:with_jtag_input_gen:instrumentation_fabric|alt_sld_fab:instrumentation_fabric|alt_sld_fab_alt_sld_fab:alt_sld_fab|alt_sld_fab_alt_sld_fab_sldfabric:sldfabric|sld_jtag_hub:\jtag_hub_gen:real_sld_jtag_hub|clr_reg                            ; sld_hub:auto_hub|alt_sld_fab_with_jtag_input:\instrumentation_fabric_with_node_gen:fabric_gen_new_way:with_jtag_input_gen:instrumentation_fabric|alt_sld_fab:instrumentation_fabric|alt_sld_fab_alt_sld_fab:alt_sld_fab|alt_sld_fab_alt_sld_fab_sldfabric:sldfabric|sld_jtag_hub:\jtag_hub_gen:real_sld_jtag_hub|irsr_reg[3]               ; altera_reserved_tck ; altera_reserved_tck ; 0.000        ; 0.076      ; 2.107      ;
; 1.836 ; sld_hub:auto_hub|alt_sld_fab_with_jtag_input:\instrumentation_fabric_with_node_gen:fabric_gen_new_way:with_jtag_input_gen:instrumentation_fabric|alt_sld_fab:instrumentation_fabric|alt_sld_fab_alt_sld_fab:alt_sld_fab|alt_sld_fab_alt_sld_fab_sldfabric:sldfabric|sld_jtag_hub:\jtag_hub_gen:real_sld_jtag_hub|clr_reg                            ; sld_hub:auto_hub|alt_sld_fab_with_jtag_input:\instrumentation_fabric_with_node_gen:fabric_gen_new_way:with_jtag_input_gen:instrumentation_fabric|alt_sld_fab:instrumentation_fabric|alt_sld_fab_alt_sld_fab:alt_sld_fab|alt_sld_fab_alt_sld_fab_sldfabric:sldfabric|sld_jtag_hub:\jtag_hub_gen:real_sld_jtag_hub|irf_reg[1][3]             ; altera_reserved_tck ; altera_reserved_tck ; 0.000        ; 0.076      ; 2.107      ;
; 1.836 ; sld_hub:auto_hub|alt_sld_fab_with_jtag_input:\instrumentation_fabric_with_node_gen:fabric_gen_new_way:with_jtag_input_gen:instrumentation_fabric|alt_sld_fab:instrumentation_fabric|alt_sld_fab_alt_sld_fab:alt_sld_fab|alt_sld_fab_alt_sld_fab_sldfabric:sldfabric|sld_jtag_hub:\jtag_hub_gen:real_sld_jtag_hub|clr_reg                            ; sld_hub:auto_hub|alt_sld_fab_with_jtag_input:\instrumentation_fabric_with_node_gen:fabric_gen_new_way:with_jtag_input_gen:instrumentation_fabric|alt_sld_fab:instrumentation_fabric|alt_sld_fab_alt_sld_fab:alt_sld_fab|alt_sld_fab_alt_sld_fab_sldfabric:sldfabric|sld_jtag_hub:\jtag_hub_gen:real_sld_jtag_hub|irf_reg[1][4]             ; altera_reserved_tck ; altera_reserved_tck ; 0.000        ; 0.076      ; 2.107      ;
; 1.836 ; sld_hub:auto_hub|alt_sld_fab_with_jtag_input:\instrumentation_fabric_with_node_gen:fabric_gen_new_way:with_jtag_input_gen:instrumentation_fabric|alt_sld_fab:instrumentation_fabric|alt_sld_fab_alt_sld_fab:alt_sld_fab|alt_sld_fab_alt_sld_fab_sldfabric:sldfabric|sld_jtag_hub:\jtag_hub_gen:real_sld_jtag_hub|clr_reg                            ; sld_hub:auto_hub|alt_sld_fab_with_jtag_input:\instrumentation_fabric_with_node_gen:fabric_gen_new_way:with_jtag_input_gen:instrumentation_fabric|alt_sld_fab:instrumentation_fabric|alt_sld_fab_alt_sld_fab:alt_sld_fab|alt_sld_fab_alt_sld_fab_sldfabric:sldfabric|sld_jtag_hub:\jtag_hub_gen:real_sld_jtag_hub|irf_reg[1][7]             ; altera_reserved_tck ; altera_reserved_tck ; 0.000        ; 0.076      ; 2.107      ;
; 1.845 ; sld_hub:auto_hub|alt_sld_fab_with_jtag_input:\instrumentation_fabric_with_node_gen:fabric_gen_new_way:with_jtag_input_gen:instrumentation_fabric|alt_sld_fab:instrumentation_fabric|alt_sld_fab_alt_sld_fab:alt_sld_fab|alt_sld_fab_alt_sld_fab_sldfabric:sldfabric|sld_jtag_hub:\jtag_hub_gen:real_sld_jtag_hub|clr_reg                            ; sld_hub:auto_hub|alt_sld_fab_with_jtag_input:\instrumentation_fabric_with_node_gen:fabric_gen_new_way:with_jtag_input_gen:instrumentation_fabric|alt_sld_fab:instrumentation_fabric|alt_sld_fab_alt_sld_fab:alt_sld_fab|alt_sld_fab_alt_sld_fab_sldfabric:sldfabric|sld_jtag_hub:\jtag_hub_gen:real_sld_jtag_hub|irf_reg[1][1]             ; altera_reserved_tck ; altera_reserved_tck ; 0.000        ; 0.083      ; 2.123      ;
; 1.845 ; sld_hub:auto_hub|alt_sld_fab_with_jtag_input:\instrumentation_fabric_with_node_gen:fabric_gen_new_way:with_jtag_input_gen:instrumentation_fabric|alt_sld_fab:instrumentation_fabric|alt_sld_fab_alt_sld_fab:alt_sld_fab|alt_sld_fab_alt_sld_fab_sldfabric:sldfabric|sld_jtag_hub:\jtag_hub_gen:real_sld_jtag_hub|clr_reg                            ; sld_hub:auto_hub|alt_sld_fab_with_jtag_input:\instrumentation_fabric_with_node_gen:fabric_gen_new_way:with_jtag_input_gen:instrumentation_fabric|alt_sld_fab:instrumentation_fabric|alt_sld_fab_alt_sld_fab:alt_sld_fab|alt_sld_fab_alt_sld_fab_sldfabric:sldfabric|sld_jtag_hub:\jtag_hub_gen:real_sld_jtag_hub|irsr_reg[0]               ; altera_reserved_tck ; altera_reserved_tck ; 0.000        ; 0.083      ; 2.123      ;
; 1.845 ; sld_hub:auto_hub|alt_sld_fab_with_jtag_input:\instrumentation_fabric_with_node_gen:fabric_gen_new_way:with_jtag_input_gen:instrumentation_fabric|alt_sld_fab:instrumentation_fabric|alt_sld_fab_alt_sld_fab:alt_sld_fab|alt_sld_fab_alt_sld_fab_sldfabric:sldfabric|sld_jtag_hub:\jtag_hub_gen:real_sld_jtag_hub|clr_reg                            ; sld_hub:auto_hub|alt_sld_fab_with_jtag_input:\instrumentation_fabric_with_node_gen:fabric_gen_new_way:with_jtag_input_gen:instrumentation_fabric|alt_sld_fab:instrumentation_fabric|alt_sld_fab_alt_sld_fab:alt_sld_fab|alt_sld_fab_alt_sld_fab_sldfabric:sldfabric|sld_jtag_hub:\jtag_hub_gen:real_sld_jtag_hub|irsr_reg[1]               ; altera_reserved_tck ; altera_reserved_tck ; 0.000        ; 0.083      ; 2.123      ;
; 1.845 ; sld_hub:auto_hub|alt_sld_fab_with_jtag_input:\instrumentation_fabric_with_node_gen:fabric_gen_new_way:with_jtag_input_gen:instrumentation_fabric|alt_sld_fab:instrumentation_fabric|alt_sld_fab_alt_sld_fab:alt_sld_fab|alt_sld_fab_alt_sld_fab_sldfabric:sldfabric|sld_jtag_hub:\jtag_hub_gen:real_sld_jtag_hub|clr_reg                            ; sld_hub:auto_hub|alt_sld_fab_with_jtag_input:\instrumentation_fabric_with_node_gen:fabric_gen_new_way:with_jtag_input_gen:instrumentation_fabric|alt_sld_fab:instrumentation_fabric|alt_sld_fab_alt_sld_fab:alt_sld_fab|alt_sld_fab_alt_sld_fab_sldfabric:sldfabric|sld_jtag_hub:\jtag_hub_gen:real_sld_jtag_hub|irsr_reg[2]               ; altera_reserved_tck ; altera_reserved_tck ; 0.000        ; 0.083      ; 2.123      ;
; 1.845 ; sld_hub:auto_hub|alt_sld_fab_with_jtag_input:\instrumentation_fabric_with_node_gen:fabric_gen_new_way:with_jtag_input_gen:instrumentation_fabric|alt_sld_fab:instrumentation_fabric|alt_sld_fab_alt_sld_fab:alt_sld_fab|alt_sld_fab_alt_sld_fab_sldfabric:sldfabric|sld_jtag_hub:\jtag_hub_gen:real_sld_jtag_hub|clr_reg                            ; sld_hub:auto_hub|alt_sld_fab_with_jtag_input:\instrumentation_fabric_with_node_gen:fabric_gen_new_way:with_jtag_input_gen:instrumentation_fabric|alt_sld_fab:instrumentation_fabric|alt_sld_fab_alt_sld_fab:alt_sld_fab|alt_sld_fab_alt_sld_fab_sldfabric:sldfabric|sld_jtag_hub:\jtag_hub_gen:real_sld_jtag_hub|irsr_reg[4]               ; altera_reserved_tck ; altera_reserved_tck ; 0.000        ; 0.083      ; 2.123      ;
; 1.845 ; sld_hub:auto_hub|alt_sld_fab_with_jtag_input:\instrumentation_fabric_with_node_gen:fabric_gen_new_way:with_jtag_input_gen:instrumentation_fabric|alt_sld_fab:instrumentation_fabric|alt_sld_fab_alt_sld_fab:alt_sld_fab|alt_sld_fab_alt_sld_fab_sldfabric:sldfabric|sld_jtag_hub:\jtag_hub_gen:real_sld_jtag_hub|clr_reg                            ; sld_hub:auto_hub|alt_sld_fab_with_jtag_input:\instrumentation_fabric_with_node_gen:fabric_gen_new_way:with_jtag_input_gen:instrumentation_fabric|alt_sld_fab:instrumentation_fabric|alt_sld_fab_alt_sld_fab:alt_sld_fab|alt_sld_fab_alt_sld_fab_sldfabric:sldfabric|sld_jtag_hub:\jtag_hub_gen:real_sld_jtag_hub|irsr_reg[5]               ; altera_reserved_tck ; altera_reserved_tck ; 0.000        ; 0.083      ; 2.123      ;
; 1.845 ; sld_hub:auto_hub|alt_sld_fab_with_jtag_input:\instrumentation_fabric_with_node_gen:fabric_gen_new_way:with_jtag_input_gen:instrumentation_fabric|alt_sld_fab:instrumentation_fabric|alt_sld_fab_alt_sld_fab:alt_sld_fab|alt_sld_fab_alt_sld_fab_sldfabric:sldfabric|sld_jtag_hub:\jtag_hub_gen:real_sld_jtag_hub|clr_reg                            ; sld_hub:auto_hub|alt_sld_fab_with_jtag_input:\instrumentation_fabric_with_node_gen:fabric_gen_new_way:with_jtag_input_gen:instrumentation_fabric|alt_sld_fab:instrumentation_fabric|alt_sld_fab_alt_sld_fab:alt_sld_fab|alt_sld_fab_alt_sld_fab_sldfabric:sldfabric|sld_jtag_hub:\jtag_hub_gen:real_sld_jtag_hub|irsr_reg[6]               ; altera_reserved_tck ; altera_reserved_tck ; 0.000        ; 0.083      ; 2.123      ;
; 1.845 ; sld_hub:auto_hub|alt_sld_fab_with_jtag_input:\instrumentation_fabric_with_node_gen:fabric_gen_new_way:with_jtag_input_gen:instrumentation_fabric|alt_sld_fab:instrumentation_fabric|alt_sld_fab_alt_sld_fab:alt_sld_fab|alt_sld_fab_alt_sld_fab_sldfabric:sldfabric|sld_jtag_hub:\jtag_hub_gen:real_sld_jtag_hub|clr_reg                            ; sld_hub:auto_hub|alt_sld_fab_with_jtag_input:\instrumentation_fabric_with_node_gen:fabric_gen_new_way:with_jtag_input_gen:instrumentation_fabric|alt_sld_fab:instrumentation_fabric|alt_sld_fab_alt_sld_fab:alt_sld_fab|alt_sld_fab_alt_sld_fab_sldfabric:sldfabric|sld_jtag_hub:\jtag_hub_gen:real_sld_jtag_hub|irsr_reg[7]               ; altera_reserved_tck ; altera_reserved_tck ; 0.000        ; 0.083      ; 2.123      ;
; 1.845 ; sld_hub:auto_hub|alt_sld_fab_with_jtag_input:\instrumentation_fabric_with_node_gen:fabric_gen_new_way:with_jtag_input_gen:instrumentation_fabric|alt_sld_fab:instrumentation_fabric|alt_sld_fab_alt_sld_fab:alt_sld_fab|alt_sld_fab_alt_sld_fab_sldfabric:sldfabric|sld_jtag_hub:\jtag_hub_gen:real_sld_jtag_hub|clr_reg                            ; sld_hub:auto_hub|alt_sld_fab_with_jtag_input:\instrumentation_fabric_with_node_gen:fabric_gen_new_way:with_jtag_input_gen:instrumentation_fabric|alt_sld_fab:instrumentation_fabric|alt_sld_fab_alt_sld_fab:alt_sld_fab|alt_sld_fab_alt_sld_fab_sldfabric:sldfabric|sld_jtag_hub:\jtag_hub_gen:real_sld_jtag_hub|irsr_reg[8]               ; altera_reserved_tck ; altera_reserved_tck ; 0.000        ; 0.083      ; 2.123      ;
; 1.845 ; sld_hub:auto_hub|alt_sld_fab_with_jtag_input:\instrumentation_fabric_with_node_gen:fabric_gen_new_way:with_jtag_input_gen:instrumentation_fabric|alt_sld_fab:instrumentation_fabric|alt_sld_fab_alt_sld_fab:alt_sld_fab|alt_sld_fab_alt_sld_fab_sldfabric:sldfabric|sld_jtag_hub:\jtag_hub_gen:real_sld_jtag_hub|clr_reg                            ; sld_hub:auto_hub|alt_sld_fab_with_jtag_input:\instrumentation_fabric_with_node_gen:fabric_gen_new_way:with_jtag_input_gen:instrumentation_fabric|alt_sld_fab:instrumentation_fabric|alt_sld_fab_alt_sld_fab:alt_sld_fab|alt_sld_fab_alt_sld_fab_sldfabric:sldfabric|sld_jtag_hub:\jtag_hub_gen:real_sld_jtag_hub|irsr_reg[9]               ; altera_reserved_tck ; altera_reserved_tck ; 0.000        ; 0.083      ; 2.123      ;
; 1.845 ; sld_hub:auto_hub|alt_sld_fab_with_jtag_input:\instrumentation_fabric_with_node_gen:fabric_gen_new_way:with_jtag_input_gen:instrumentation_fabric|alt_sld_fab:instrumentation_fabric|alt_sld_fab_alt_sld_fab:alt_sld_fab|alt_sld_fab_alt_sld_fab_sldfabric:sldfabric|sld_jtag_hub:\jtag_hub_gen:real_sld_jtag_hub|clr_reg                            ; sld_hub:auto_hub|alt_sld_fab_with_jtag_input:\instrumentation_fabric_with_node_gen:fabric_gen_new_way:with_jtag_input_gen:instrumentation_fabric|alt_sld_fab:instrumentation_fabric|alt_sld_fab_alt_sld_fab:alt_sld_fab|alt_sld_fab_alt_sld_fab_sldfabric:sldfabric|sld_jtag_hub:\jtag_hub_gen:real_sld_jtag_hub|irf_reg[1][5]             ; altera_reserved_tck ; altera_reserved_tck ; 0.000        ; 0.083      ; 2.123      ;
; 1.845 ; sld_hub:auto_hub|alt_sld_fab_with_jtag_input:\instrumentation_fabric_with_node_gen:fabric_gen_new_way:with_jtag_input_gen:instrumentation_fabric|alt_sld_fab:instrumentation_fabric|alt_sld_fab_alt_sld_fab:alt_sld_fab|alt_sld_fab_alt_sld_fab_sldfabric:sldfabric|sld_jtag_hub:\jtag_hub_gen:real_sld_jtag_hub|clr_reg                            ; sld_hub:auto_hub|alt_sld_fab_with_jtag_input:\instrumentation_fabric_with_node_gen:fabric_gen_new_way:with_jtag_input_gen:instrumentation_fabric|alt_sld_fab:instrumentation_fabric|alt_sld_fab_alt_sld_fab:alt_sld_fab|alt_sld_fab_alt_sld_fab_sldfabric:sldfabric|sld_jtag_hub:\jtag_hub_gen:real_sld_jtag_hub|irf_reg[1][6]             ; altera_reserved_tck ; altera_reserved_tck ; 0.000        ; 0.083      ; 2.123      ;
; 1.845 ; sld_hub:auto_hub|alt_sld_fab_with_jtag_input:\instrumentation_fabric_with_node_gen:fabric_gen_new_way:with_jtag_input_gen:instrumentation_fabric|alt_sld_fab:instrumentation_fabric|alt_sld_fab_alt_sld_fab:alt_sld_fab|alt_sld_fab_alt_sld_fab_sldfabric:sldfabric|sld_jtag_hub:\jtag_hub_gen:real_sld_jtag_hub|clr_reg                            ; sld_hub:auto_hub|alt_sld_fab_with_jtag_input:\instrumentation_fabric_with_node_gen:fabric_gen_new_way:with_jtag_input_gen:instrumentation_fabric|alt_sld_fab:instrumentation_fabric|alt_sld_fab_alt_sld_fab:alt_sld_fab|alt_sld_fab_alt_sld_fab_sldfabric:sldfabric|sld_jtag_hub:\jtag_hub_gen:real_sld_jtag_hub|irf_reg[1][8]             ; altera_reserved_tck ; altera_reserved_tck ; 0.000        ; 0.083      ; 2.123      ;
; 1.845 ; sld_hub:auto_hub|alt_sld_fab_with_jtag_input:\instrumentation_fabric_with_node_gen:fabric_gen_new_way:with_jtag_input_gen:instrumentation_fabric|alt_sld_fab:instrumentation_fabric|alt_sld_fab_alt_sld_fab:alt_sld_fab|alt_sld_fab_alt_sld_fab_sldfabric:sldfabric|sld_jtag_hub:\jtag_hub_gen:real_sld_jtag_hub|clr_reg                            ; sld_hub:auto_hub|alt_sld_fab_with_jtag_input:\instrumentation_fabric_with_node_gen:fabric_gen_new_way:with_jtag_input_gen:instrumentation_fabric|alt_sld_fab:instrumentation_fabric|alt_sld_fab_alt_sld_fab:alt_sld_fab|alt_sld_fab_alt_sld_fab_sldfabric:sldfabric|sld_jtag_hub:\jtag_hub_gen:real_sld_jtag_hub|irf_reg[1][9]             ; altera_reserved_tck ; altera_reserved_tck ; 0.000        ; 0.083      ; 2.123      ;
; 1.845 ; sld_hub:auto_hub|alt_sld_fab_with_jtag_input:\instrumentation_fabric_with_node_gen:fabric_gen_new_way:with_jtag_input_gen:instrumentation_fabric|alt_sld_fab:instrumentation_fabric|alt_sld_fab_alt_sld_fab:alt_sld_fab|alt_sld_fab_alt_sld_fab_sldfabric:sldfabric|sld_jtag_hub:\jtag_hub_gen:real_sld_jtag_hub|clr_reg                            ; sld_hub:auto_hub|alt_sld_fab_with_jtag_input:\instrumentation_fabric_with_node_gen:fabric_gen_new_way:with_jtag_input_gen:instrumentation_fabric|alt_sld_fab:instrumentation_fabric|alt_sld_fab_alt_sld_fab:alt_sld_fab|alt_sld_fab_alt_sld_fab_sldfabric:sldfabric|sld_jtag_hub:\jtag_hub_gen:real_sld_jtag_hub|irf_reg[1][0]             ; altera_reserved_tck ; altera_reserved_tck ; 0.000        ; 0.083      ; 2.123      ;
; 1.845 ; sld_hub:auto_hub|alt_sld_fab_with_jtag_input:\instrumentation_fabric_with_node_gen:fabric_gen_new_way:with_jtag_input_gen:instrumentation_fabric|alt_sld_fab:instrumentation_fabric|alt_sld_fab_alt_sld_fab:alt_sld_fab|alt_sld_fab_alt_sld_fab_sldfabric:sldfabric|sld_jtag_hub:\jtag_hub_gen:real_sld_jtag_hub|clr_reg                            ; sld_hub:auto_hub|alt_sld_fab_with_jtag_input:\instrumentation_fabric_with_node_gen:fabric_gen_new_way:with_jtag_input_gen:instrumentation_fabric|alt_sld_fab:instrumentation_fabric|alt_sld_fab_alt_sld_fab:alt_sld_fab|alt_sld_fab_alt_sld_fab_sldfabric:sldfabric|sld_jtag_hub:\jtag_hub_gen:real_sld_jtag_hub|irf_reg[1][2]             ; altera_reserved_tck ; altera_reserved_tck ; 0.000        ; 0.083      ; 2.123      ;
; 1.862 ; sld_hub:auto_hub|alt_sld_fab_with_jtag_input:\instrumentation_fabric_with_node_gen:fabric_gen_new_way:with_jtag_input_gen:instrumentation_fabric|alt_sld_fab:instrumentation_fabric|alt_sld_fab_alt_sld_fab:alt_sld_fab|alt_sld_fab_alt_sld_fab_sldfabric:sldfabric|sld_jtag_hub:\jtag_hub_gen:real_sld_jtag_hub|clr_reg                            ; sld_hub:auto_hub|alt_sld_fab_with_jtag_input:\instrumentation_fabric_with_node_gen:fabric_gen_new_way:with_jtag_input_gen:instrumentation_fabric|alt_sld_fab:instrumentation_fabric|alt_sld_fab_alt_sld_fab:alt_sld_fab|alt_sld_fab_alt_sld_fab_sldfabric:sldfabric|sld_jtag_hub:\jtag_hub_gen:real_sld_jtag_hub|hub_mode_reg[0]           ; altera_reserved_tck ; altera_reserved_tck ; 0.000        ; 0.084      ; 2.141      ;
; 1.862 ; sld_hub:auto_hub|alt_sld_fab_with_jtag_input:\instrumentation_fabric_with_node_gen:fabric_gen_new_way:with_jtag_input_gen:instrumentation_fabric|alt_sld_fab:instrumentation_fabric|alt_sld_fab_alt_sld_fab:alt_sld_fab|alt_sld_fab_alt_sld_fab_sldfabric:sldfabric|sld_jtag_hub:\jtag_hub_gen:real_sld_jtag_hub|clr_reg                            ; sld_hub:auto_hub|alt_sld_fab_with_jtag_input:\instrumentation_fabric_with_node_gen:fabric_gen_new_way:with_jtag_input_gen:instrumentation_fabric|alt_sld_fab:instrumentation_fabric|alt_sld_fab_alt_sld_fab:alt_sld_fab|alt_sld_fab_alt_sld_fab_sldfabric:sldfabric|sld_jtag_hub:\jtag_hub_gen:real_sld_jtag_hub|virtual_ir_tdo_sel_reg[0] ; altera_reserved_tck ; altera_reserved_tck ; 0.000        ; 0.084      ; 2.141      ;
; 1.875 ; sld_hub:auto_hub|alt_sld_fab_with_jtag_input:\instrumentation_fabric_with_node_gen:fabric_gen_new_way:with_jtag_input_gen:instrumentation_fabric|alt_sld_fab:instrumentation_fabric|alt_sld_fab_alt_sld_fab:alt_sld_fab|alt_sld_fab_alt_sld_fab_sldfabric:sldfabric|sld_jtag_hub:\jtag_hub_gen:real_sld_jtag_hub|clr_reg                            ; sld_hub:auto_hub|alt_sld_fab_with_jtag_input:\instrumentation_fabric_with_node_gen:fabric_gen_new_way:with_jtag_input_gen:instrumentation_fabric|alt_sld_fab:instrumentation_fabric|alt_sld_fab_alt_sld_fab:alt_sld_fab|alt_sld_fab_alt_sld_fab_sldfabric:sldfabric|sld_jtag_hub:\jtag_hub_gen:real_sld_jtag_hub|hub_mode_reg[1]           ; altera_reserved_tck ; altera_reserved_tck ; 0.000        ; 0.085      ; 2.155      ;
; 1.875 ; sld_hub:auto_hub|alt_sld_fab_with_jtag_input:\instrumentation_fabric_with_node_gen:fabric_gen_new_way:with_jtag_input_gen:instrumentation_fabric|alt_sld_fab:instrumentation_fabric|alt_sld_fab_alt_sld_fab:alt_sld_fab|alt_sld_fab_alt_sld_fab_sldfabric:sldfabric|sld_jtag_hub:\jtag_hub_gen:real_sld_jtag_hub|clr_reg                            ; sld_hub:auto_hub|alt_sld_fab_with_jtag_input:\instrumentation_fabric_with_node_gen:fabric_gen_new_way:with_jtag_input_gen:instrumentation_fabric|alt_sld_fab:instrumentation_fabric|alt_sld_fab_alt_sld_fab:alt_sld_fab|alt_sld_fab_alt_sld_fab_sldfabric:sldfabric|sld_jtag_hub:\jtag_hub_gen:real_sld_jtag_hub|irsr_reg[10]              ; altera_reserved_tck ; altera_reserved_tck ; 0.000        ; 0.085      ; 2.155      ;
; 3.258 ; sld_signaltap:auto_signaltap_0|sld_signaltap_impl:sld_signaltap_body|sld_signaltap_implb:sld_signaltap_body|reset_all                                                                                                                                                                                                                               ; sld_signaltap:auto_signaltap_0|sld_signaltap_impl:sld_signaltap_body|sld_signaltap_implb:sld_signaltap_body|sld_ela_control:ela_control|sld_ela_basic_multi_level_trigger:\basic_multi_level_mbpm_trigger_gen:multi_level_mbpm|lpm_shiftreg:trigger_condition_deserialize|dffs[77]                                                         ; altera_reserved_tck ; altera_reserved_tck ; 0.000        ; 0.050      ; 3.503      ;
; 3.258 ; sld_signaltap:auto_signaltap_0|sld_signaltap_impl:sld_signaltap_body|sld_signaltap_implb:sld_signaltap_body|reset_all                                                                                                                                                                                                                               ; sld_signaltap:auto_signaltap_0|sld_signaltap_impl:sld_signaltap_body|sld_signaltap_implb:sld_signaltap_body|sld_ela_control:ela_control|sld_ela_basic_multi_level_trigger:\basic_multi_level_mbpm_trigger_gen:multi_level_mbpm|lpm_shiftreg:trigger_condition_deserialize|dffs[78]                                                         ; altera_reserved_tck ; altera_reserved_tck ; 0.000        ; 0.050      ; 3.503      ;
; 3.258 ; sld_signaltap:auto_signaltap_0|sld_signaltap_impl:sld_signaltap_body|sld_signaltap_implb:sld_signaltap_body|reset_all                                                                                                                                                                                                                               ; sld_signaltap:auto_signaltap_0|sld_signaltap_impl:sld_signaltap_body|sld_signaltap_implb:sld_signaltap_body|sld_ela_control:ela_control|sld_ela_basic_multi_level_trigger:\basic_multi_level_mbpm_trigger_gen:multi_level_mbpm|lpm_shiftreg:trigger_condition_deserialize|dffs[79]                                                         ; altera_reserved_tck ; altera_reserved_tck ; 0.000        ; 0.050      ; 3.503      ;
; 3.258 ; sld_signaltap:auto_signaltap_0|sld_signaltap_impl:sld_signaltap_body|sld_signaltap_implb:sld_signaltap_body|reset_all                                                                                                                                                                                                                               ; sld_signaltap:auto_signaltap_0|sld_signaltap_impl:sld_signaltap_body|sld_signaltap_implb:sld_signaltap_body|sld_ela_control:ela_control|sld_ela_basic_multi_level_trigger:\basic_multi_level_mbpm_trigger_gen:multi_level_mbpm|lpm_shiftreg:trigger_condition_deserialize|dffs[80]                                                         ; altera_reserved_tck ; altera_reserved_tck ; 0.000        ; 0.050      ; 3.503      ;
; 3.258 ; sld_signaltap:auto_signaltap_0|sld_signaltap_impl:sld_signaltap_body|sld_signaltap_implb:sld_signaltap_body|reset_all                                                                                                                                                                                                                               ; sld_signaltap:auto_signaltap_0|sld_signaltap_impl:sld_signaltap_body|sld_signaltap_implb:sld_signaltap_body|sld_ela_control:ela_control|sld_ela_basic_multi_level_trigger:\basic_multi_level_mbpm_trigger_gen:multi_level_mbpm|lpm_shiftreg:trigger_condition_deserialize|dffs[81]                                                         ; altera_reserved_tck ; altera_reserved_tck ; 0.000        ; 0.050      ; 3.503      ;
; 3.258 ; sld_signaltap:auto_signaltap_0|sld_signaltap_impl:sld_signaltap_body|sld_signaltap_implb:sld_signaltap_body|reset_all                                                                                                                                                                                                                               ; sld_signaltap:auto_signaltap_0|sld_signaltap_impl:sld_signaltap_body|sld_signaltap_implb:sld_signaltap_body|sld_ela_control:ela_control|sld_ela_basic_multi_level_trigger:\basic_multi_level_mbpm_trigger_gen:multi_level_mbpm|lpm_shiftreg:trigger_condition_deserialize|dffs[82]                                                         ; altera_reserved_tck ; altera_reserved_tck ; 0.000        ; 0.050      ; 3.503      ;
; 3.258 ; sld_signaltap:auto_signaltap_0|sld_signaltap_impl:sld_signaltap_body|sld_signaltap_implb:sld_signaltap_body|reset_all                                                                                                                                                                                                                               ; sld_signaltap:auto_signaltap_0|sld_signaltap_impl:sld_signaltap_body|sld_signaltap_implb:sld_signaltap_body|sld_ela_control:ela_control|sld_ela_basic_multi_level_trigger:\basic_multi_level_mbpm_trigger_gen:multi_level_mbpm|lpm_shiftreg:trigger_condition_deserialize|dffs[83]                                                         ; altera_reserved_tck ; altera_reserved_tck ; 0.000        ; 0.050      ; 3.503      ;
; 3.260 ; sld_signaltap:auto_signaltap_0|sld_signaltap_impl:sld_signaltap_body|sld_signaltap_implb:sld_signaltap_body|reset_all                                                                                                                                                                                                                               ; sld_signaltap:auto_signaltap_0|sld_signaltap_impl:sld_signaltap_body|sld_signaltap_implb:sld_signaltap_body|sld_ela_control:ela_control|sld_ela_trigger_flow_mgr:\builtin:ela_trigger_flow_mgr_entity|lpm_shiftreg:trigger_config_deserialize|dffs[6]                                                                                      ; altera_reserved_tck ; altera_reserved_tck ; 0.000        ; 0.047      ; 3.502      ;
; 3.260 ; sld_signaltap:auto_signaltap_0|sld_signaltap_impl:sld_signaltap_body|sld_signaltap_implb:sld_signaltap_body|reset_all                                                                                                                                                                                                                               ; sld_signaltap:auto_signaltap_0|sld_signaltap_impl:sld_signaltap_body|sld_signaltap_implb:sld_signaltap_body|sld_ela_control:ela_control|sld_ela_trigger_flow_mgr:\builtin:ela_trigger_flow_mgr_entity|lpm_shiftreg:trigger_config_deserialize|dffs[7]                                                                                      ; altera_reserved_tck ; altera_reserved_tck ; 0.000        ; 0.047      ; 3.502      ;
; 3.260 ; sld_signaltap:auto_signaltap_0|sld_signaltap_impl:sld_signaltap_body|sld_signaltap_implb:sld_signaltap_body|reset_all                                                                                                                                                                                                                               ; sld_signaltap:auto_signaltap_0|sld_signaltap_impl:sld_signaltap_body|sld_signaltap_implb:sld_signaltap_body|sld_ela_control:ela_control|sld_ela_trigger_flow_mgr:\builtin:ela_trigger_flow_mgr_entity|lpm_shiftreg:trigger_config_deserialize|dffs[8]                                                                                      ; altera_reserved_tck ; altera_reserved_tck ; 0.000        ; 0.047      ; 3.502      ;
; 3.260 ; sld_signaltap:auto_signaltap_0|sld_signaltap_impl:sld_signaltap_body|sld_signaltap_implb:sld_signaltap_body|reset_all                                                                                                                                                                                                                               ; sld_signaltap:auto_signaltap_0|sld_signaltap_impl:sld_signaltap_body|sld_signaltap_implb:sld_signaltap_body|sld_ela_control:ela_control|sld_ela_trigger_flow_mgr:\builtin:ela_trigger_flow_mgr_entity|lpm_shiftreg:trigger_config_deserialize|dffs[9]                                                                                      ; altera_reserved_tck ; altera_reserved_tck ; 0.000        ; 0.047      ; 3.502      ;
; 3.260 ; sld_signaltap:auto_signaltap_0|sld_signaltap_impl:sld_signaltap_body|sld_signaltap_implb:sld_signaltap_body|reset_all                                                                                                                                                                                                                               ; sld_signaltap:auto_signaltap_0|sld_signaltap_impl:sld_signaltap_body|sld_signaltap_implb:sld_signaltap_body|sld_ela_control:ela_control|sld_ela_basic_multi_level_trigger:\basic_multi_level_mbpm_trigger_gen:multi_level_mbpm|lpm_shiftreg:trigger_condition_deserialize|dffs[0]                                                          ; altera_reserved_tck ; altera_reserved_tck ; 0.000        ; 0.047      ; 3.502      ;
; 3.260 ; sld_signaltap:auto_signaltap_0|sld_signaltap_impl:sld_signaltap_body|sld_signaltap_implb:sld_signaltap_body|reset_all                                                                                                                                                                                                                               ; sld_signaltap:auto_signaltap_0|sld_signaltap_impl:sld_signaltap_body|sld_signaltap_implb:sld_signaltap_body|sld_ela_control:ela_control|sld_ela_basic_multi_level_trigger:\basic_multi_level_mbpm_trigger_gen:multi_level_mbpm|lpm_shiftreg:trigger_condition_deserialize|dffs[1]                                                          ; altera_reserved_tck ; altera_reserved_tck ; 0.000        ; 0.047      ; 3.502      ;
; 3.260 ; sld_signaltap:auto_signaltap_0|sld_signaltap_impl:sld_signaltap_body|sld_signaltap_implb:sld_signaltap_body|reset_all                                                                                                                                                                                                                               ; sld_signaltap:auto_signaltap_0|sld_signaltap_impl:sld_signaltap_body|sld_signaltap_implb:sld_signaltap_body|sld_ela_control:ela_control|sld_ela_basic_multi_level_trigger:\basic_multi_level_mbpm_trigger_gen:multi_level_mbpm|lpm_shiftreg:trigger_condition_deserialize|dffs[2]                                                          ; altera_reserved_tck ; altera_reserved_tck ; 0.000        ; 0.047      ; 3.502      ;
; 3.260 ; sld_signaltap:auto_signaltap_0|sld_signaltap_impl:sld_signaltap_body|sld_signaltap_implb:sld_signaltap_body|reset_all                                                                                                                                                                                                                               ; sld_signaltap:auto_signaltap_0|sld_signaltap_impl:sld_signaltap_body|sld_signaltap_implb:sld_signaltap_body|sld_ela_control:ela_control|sld_ela_basic_multi_level_trigger:\basic_multi_level_mbpm_trigger_gen:multi_level_mbpm|lpm_shiftreg:trigger_condition_deserialize|dffs[84]                                                         ; altera_reserved_tck ; altera_reserved_tck ; 0.000        ; 0.053      ; 3.508      ;
; 3.260 ; sld_signaltap:auto_signaltap_0|sld_signaltap_impl:sld_signaltap_body|sld_signaltap_implb:sld_signaltap_body|reset_all                                                                                                                                                                                                                               ; sld_signaltap:auto_signaltap_0|sld_signaltap_impl:sld_signaltap_body|sld_signaltap_implb:sld_signaltap_body|sld_ela_control:ela_control|sld_ela_basic_multi_level_trigger:\basic_multi_level_mbpm_trigger_gen:multi_level_mbpm|lpm_shiftreg:trigger_condition_deserialize|dffs[85]                                                         ; altera_reserved_tck ; altera_reserved_tck ; 0.000        ; 0.053      ; 3.508      ;
; 3.260 ; sld_signaltap:auto_signaltap_0|sld_signaltap_impl:sld_signaltap_body|sld_signaltap_implb:sld_signaltap_body|reset_all                                                                                                                                                                                                                               ; sld_signaltap:auto_signaltap_0|sld_signaltap_impl:sld_signaltap_body|sld_signaltap_implb:sld_signaltap_body|sld_ela_control:ela_control|sld_ela_basic_multi_level_trigger:\basic_multi_level_mbpm_trigger_gen:multi_level_mbpm|lpm_shiftreg:trigger_condition_deserialize|dffs[86]                                                         ; altera_reserved_tck ; altera_reserved_tck ; 0.000        ; 0.053      ; 3.508      ;
; 3.260 ; sld_signaltap:auto_signaltap_0|sld_signaltap_impl:sld_signaltap_body|sld_signaltap_implb:sld_signaltap_body|reset_all                                                                                                                                                                                                                               ; sld_signaltap:auto_signaltap_0|sld_signaltap_impl:sld_signaltap_body|sld_signaltap_implb:sld_signaltap_body|sld_ela_control:ela_control|sld_ela_basic_multi_level_trigger:\basic_multi_level_mbpm_trigger_gen:multi_level_mbpm|lpm_shiftreg:trigger_condition_deserialize|dffs[87]                                                         ; altera_reserved_tck ; altera_reserved_tck ; 0.000        ; 0.053      ; 3.508      ;
; 3.260 ; sld_signaltap:auto_signaltap_0|sld_signaltap_impl:sld_signaltap_body|sld_signaltap_implb:sld_signaltap_body|reset_all                                                                                                                                                                                                                               ; sld_signaltap:auto_signaltap_0|sld_signaltap_impl:sld_signaltap_body|sld_signaltap_implb:sld_signaltap_body|sld_ela_control:ela_control|sld_ela_basic_multi_level_trigger:\basic_multi_level_mbpm_trigger_gen:multi_level_mbpm|lpm_shiftreg:trigger_condition_deserialize|dffs[88]                                                         ; altera_reserved_tck ; altera_reserved_tck ; 0.000        ; 0.053      ; 3.508      ;
; 3.260 ; sld_signaltap:auto_signaltap_0|sld_signaltap_impl:sld_signaltap_body|sld_signaltap_implb:sld_signaltap_body|reset_all                                                                                                                                                                                                                               ; sld_signaltap:auto_signaltap_0|sld_signaltap_impl:sld_signaltap_body|sld_signaltap_implb:sld_signaltap_body|sld_ela_control:ela_control|sld_ela_basic_multi_level_trigger:\basic_multi_level_mbpm_trigger_gen:multi_level_mbpm|lpm_shiftreg:trigger_condition_deserialize|dffs[89]                                                         ; altera_reserved_tck ; altera_reserved_tck ; 0.000        ; 0.053      ; 3.508      ;
; 3.260 ; sld_signaltap:auto_signaltap_0|sld_signaltap_impl:sld_signaltap_body|sld_signaltap_implb:sld_signaltap_body|reset_all                                                                                                                                                                                                                               ; sld_signaltap:auto_signaltap_0|sld_signaltap_impl:sld_signaltap_body|sld_signaltap_implb:sld_signaltap_body|sld_ela_control:ela_control|sld_ela_basic_multi_level_trigger:\basic_multi_level_mbpm_trigger_gen:multi_level_mbpm|lpm_shiftreg:trigger_condition_deserialize|dffs[90]                                                         ; altera_reserved_tck ; altera_reserved_tck ; 0.000        ; 0.053      ; 3.508      ;
; 3.260 ; sld_signaltap:auto_signaltap_0|sld_signaltap_impl:sld_signaltap_body|sld_signaltap_implb:sld_signaltap_body|reset_all                                                                                                                                                                                                                               ; sld_signaltap:auto_signaltap_0|sld_signaltap_impl:sld_signaltap_body|sld_signaltap_implb:sld_signaltap_body|sld_ela_control:ela_control|sld_ela_basic_multi_level_trigger:\basic_multi_level_mbpm_trigger_gen:multi_level_mbpm|lpm_shiftreg:trigger_condition_deserialize|dffs[91]                                                         ; altera_reserved_tck ; altera_reserved_tck ; 0.000        ; 0.053      ; 3.508      ;
; 3.260 ; sld_signaltap:auto_signaltap_0|sld_signaltap_impl:sld_signaltap_body|sld_signaltap_implb:sld_signaltap_body|reset_all                                                                                                                                                                                                                               ; sld_signaltap:auto_signaltap_0|sld_signaltap_impl:sld_signaltap_body|sld_signaltap_implb:sld_signaltap_body|sld_ela_control:ela_control|sld_ela_basic_multi_level_trigger:\basic_multi_level_mbpm_trigger_gen:multi_level_mbpm|lpm_shiftreg:trigger_condition_deserialize|dffs[92]                                                         ; altera_reserved_tck ; altera_reserved_tck ; 0.000        ; 0.053      ; 3.508      ;
; 3.260 ; sld_signaltap:auto_signaltap_0|sld_signaltap_impl:sld_signaltap_body|sld_signaltap_implb:sld_signaltap_body|reset_all                                                                                                                                                                                                                               ; sld_signaltap:auto_signaltap_0|sld_signaltap_impl:sld_signaltap_body|sld_signaltap_implb:sld_signaltap_body|sld_ela_control:ela_control|sld_ela_basic_multi_level_trigger:\basic_multi_level_mbpm_trigger_gen:multi_level_mbpm|lpm_shiftreg:trigger_condition_deserialize|dffs[93]                                                         ; altera_reserved_tck ; altera_reserved_tck ; 0.000        ; 0.054      ; 3.509      ;
; 3.260 ; sld_signaltap:auto_signaltap_0|sld_signaltap_impl:sld_signaltap_body|sld_signaltap_implb:sld_signaltap_body|reset_all                                                                                                                                                                                                                               ; sld_signaltap:auto_signaltap_0|sld_signaltap_impl:sld_signaltap_body|sld_signaltap_implb:sld_signaltap_body|sld_ela_control:ela_control|sld_ela_basic_multi_level_trigger:\basic_multi_level_mbpm_trigger_gen:multi_level_mbpm|lpm_shiftreg:trigger_condition_deserialize|dffs[94]                                                         ; altera_reserved_tck ; altera_reserved_tck ; 0.000        ; 0.054      ; 3.509      ;
; 3.260 ; sld_signaltap:auto_signaltap_0|sld_signaltap_impl:sld_signaltap_body|sld_signaltap_implb:sld_signaltap_body|reset_all                                                                                                                                                                                                                               ; sld_signaltap:auto_signaltap_0|sld_signaltap_impl:sld_signaltap_body|sld_signaltap_implb:sld_signaltap_body|sld_ela_control:ela_control|sld_ela_basic_multi_level_trigger:\basic_multi_level_mbpm_trigger_gen:multi_level_mbpm|lpm_shiftreg:trigger_condition_deserialize|dffs[95]                                                         ; altera_reserved_tck ; altera_reserved_tck ; 0.000        ; 0.054      ; 3.509      ;
; 3.260 ; sld_signaltap:auto_signaltap_0|sld_signaltap_impl:sld_signaltap_body|sld_signaltap_implb:sld_signaltap_body|reset_all                                                                                                                                                                                                                               ; sld_signaltap:auto_signaltap_0|sld_signaltap_impl:sld_signaltap_body|sld_signaltap_implb:sld_signaltap_body|sld_ela_control:ela_control|sld_ela_basic_multi_level_trigger:\basic_multi_level_mbpm_trigger_gen:multi_level_mbpm|lpm_shiftreg:trigger_condition_deserialize|dffs[96]                                                         ; altera_reserved_tck ; altera_reserved_tck ; 0.000        ; 0.054      ; 3.509      ;
; 3.260 ; sld_signaltap:auto_signaltap_0|sld_signaltap_impl:sld_signaltap_body|sld_signaltap_implb:sld_signaltap_body|reset_all                                                                                                                                                                                                                               ; sld_signaltap:auto_signaltap_0|sld_signaltap_impl:sld_signaltap_body|sld_signaltap_implb:sld_signaltap_body|sld_ela_control:ela_control|sld_ela_basic_multi_level_trigger:\basic_multi_level_mbpm_trigger_gen:multi_level_mbpm|lpm_shiftreg:trigger_condition_deserialize|dffs[97]                                                         ; altera_reserved_tck ; altera_reserved_tck ; 0.000        ; 0.054      ; 3.509      ;
; 3.260 ; sld_signaltap:auto_signaltap_0|sld_signaltap_impl:sld_signaltap_body|sld_signaltap_implb:sld_signaltap_body|reset_all                                                                                                                                                                                                                               ; sld_signaltap:auto_signaltap_0|sld_signaltap_impl:sld_signaltap_body|sld_signaltap_implb:sld_signaltap_body|sld_ela_control:ela_control|sld_ela_basic_multi_level_trigger:\basic_multi_level_mbpm_trigger_gen:multi_level_mbpm|lpm_shiftreg:trigger_condition_deserialize|dffs[98]                                                         ; altera_reserved_tck ; altera_reserved_tck ; 0.000        ; 0.054      ; 3.509      ;
; 3.261 ; sld_signaltap:auto_signaltap_0|sld_signaltap_impl:sld_signaltap_body|sld_signaltap_implb:sld_signaltap_body|reset_all                                                                                                                                                                                                                               ; sld_signaltap:auto_signaltap_0|sld_signaltap_impl:sld_signaltap_body|sld_signaltap_implb:sld_signaltap_body|sld_ela_control:ela_control|sld_ela_basic_multi_level_trigger:\basic_multi_level_mbpm_trigger_gen:multi_level_mbpm|lpm_shiftreg:trigger_condition_deserialize|dffs[3]                                                          ; altera_reserved_tck ; altera_reserved_tck ; 0.000        ; 0.056      ; 3.512      ;
; 3.261 ; sld_signaltap:auto_signaltap_0|sld_signaltap_impl:sld_signaltap_body|sld_signaltap_implb:sld_signaltap_body|reset_all                                                                                                                                                                                                                               ; sld_signaltap:auto_signaltap_0|sld_signaltap_impl:sld_signaltap_body|sld_signaltap_implb:sld_signaltap_body|sld_ela_control:ela_control|sld_ela_basic_multi_level_trigger:\basic_multi_level_mbpm_trigger_gen:multi_level_mbpm|lpm_shiftreg:trigger_condition_deserialize|dffs[4]                                                          ; altera_reserved_tck ; altera_reserved_tck ; 0.000        ; 0.056      ; 3.512      ;
; 3.261 ; sld_signaltap:auto_signaltap_0|sld_signaltap_impl:sld_signaltap_body|sld_signaltap_implb:sld_signaltap_body|reset_all                                                                                                                                                                                                                               ; sld_signaltap:auto_signaltap_0|sld_signaltap_impl:sld_signaltap_body|sld_signaltap_implb:sld_signaltap_body|sld_ela_control:ela_control|sld_ela_basic_multi_level_trigger:\basic_multi_level_mbpm_trigger_gen:multi_level_mbpm|lpm_shiftreg:trigger_condition_deserialize|dffs[5]                                                          ; altera_reserved_tck ; altera_reserved_tck ; 0.000        ; 0.056      ; 3.512      ;
; 3.261 ; sld_signaltap:auto_signaltap_0|sld_signaltap_impl:sld_signaltap_body|sld_signaltap_implb:sld_signaltap_body|reset_all                                                                                                                                                                                                                               ; sld_signaltap:auto_signaltap_0|sld_signaltap_impl:sld_signaltap_body|sld_signaltap_implb:sld_signaltap_body|sld_ela_control:ela_control|sld_ela_basic_multi_level_trigger:\basic_multi_level_mbpm_trigger_gen:multi_level_mbpm|lpm_shiftreg:trigger_condition_deserialize|dffs[6]                                                          ; altera_reserved_tck ; altera_reserved_tck ; 0.000        ; 0.056      ; 3.512      ;
; 3.261 ; sld_signaltap:auto_signaltap_0|sld_signaltap_impl:sld_signaltap_body|sld_signaltap_implb:sld_signaltap_body|reset_all                                                                                                                                                                                                                               ; sld_signaltap:auto_signaltap_0|sld_signaltap_impl:sld_signaltap_body|sld_signaltap_implb:sld_signaltap_body|sld_ela_control:ela_control|sld_ela_basic_multi_level_trigger:\basic_multi_level_mbpm_trigger_gen:multi_level_mbpm|lpm_shiftreg:trigger_condition_deserialize|dffs[7]                                                          ; altera_reserved_tck ; altera_reserved_tck ; 0.000        ; 0.056      ; 3.512      ;
; 3.261 ; sld_signaltap:auto_signaltap_0|sld_signaltap_impl:sld_signaltap_body|sld_signaltap_implb:sld_signaltap_body|reset_all                                                                                                                                                                                                                               ; sld_signaltap:auto_signaltap_0|sld_signaltap_impl:sld_signaltap_body|sld_signaltap_implb:sld_signaltap_body|sld_ela_control:ela_control|sld_ela_basic_multi_level_trigger:\basic_multi_level_mbpm_trigger_gen:multi_level_mbpm|lpm_shiftreg:trigger_condition_deserialize|dffs[8]                                                          ; altera_reserved_tck ; altera_reserved_tck ; 0.000        ; 0.056      ; 3.512      ;
; 3.261 ; sld_signaltap:auto_signaltap_0|sld_signaltap_impl:sld_signaltap_body|sld_signaltap_implb:sld_signaltap_body|reset_all                                                                                                                                                                                                                               ; sld_signaltap:auto_signaltap_0|sld_signaltap_impl:sld_signaltap_body|sld_signaltap_implb:sld_signaltap_body|sld_ela_control:ela_control|sld_ela_basic_multi_level_trigger:\basic_multi_level_mbpm_trigger_gen:multi_level_mbpm|lpm_shiftreg:trigger_condition_deserialize|dffs[9]                                                          ; altera_reserved_tck ; altera_reserved_tck ; 0.000        ; 0.056      ; 3.512      ;
; 3.261 ; sld_signaltap:auto_signaltap_0|sld_signaltap_impl:sld_signaltap_body|sld_signaltap_implb:sld_signaltap_body|reset_all                                                                                                                                                                                                                               ; sld_signaltap:auto_signaltap_0|sld_signaltap_impl:sld_signaltap_body|sld_signaltap_implb:sld_signaltap_body|sld_ela_control:ela_control|sld_ela_basic_multi_level_trigger:\basic_multi_level_mbpm_trigger_gen:multi_level_mbpm|lpm_shiftreg:trigger_condition_deserialize|dffs[10]                                                         ; altera_reserved_tck ; altera_reserved_tck ; 0.000        ; 0.055      ; 3.511      ;
; 3.261 ; sld_signaltap:auto_signaltap_0|sld_signaltap_impl:sld_signaltap_body|sld_signaltap_implb:sld_signaltap_body|reset_all                                                                                                                                                                                                                               ; sld_signaltap:auto_signaltap_0|sld_signaltap_impl:sld_signaltap_body|sld_signaltap_implb:sld_signaltap_body|sld_ela_control:ela_control|sld_ela_basic_multi_level_trigger:\basic_multi_level_mbpm_trigger_gen:multi_level_mbpm|lpm_shiftreg:trigger_condition_deserialize|dffs[11]                                                         ; altera_reserved_tck ; altera_reserved_tck ; 0.000        ; 0.055      ; 3.511      ;
; 3.261 ; sld_signaltap:auto_signaltap_0|sld_signaltap_impl:sld_signaltap_body|sld_signaltap_implb:sld_signaltap_body|reset_all                                                                                                                                                                                                                               ; sld_signaltap:auto_signaltap_0|sld_signaltap_impl:sld_signaltap_body|sld_signaltap_implb:sld_signaltap_body|sld_ela_control:ela_control|sld_ela_basic_multi_level_trigger:\basic_multi_level_mbpm_trigger_gen:multi_level_mbpm|lpm_shiftreg:trigger_condition_deserialize|dffs[12]                                                         ; altera_reserved_tck ; altera_reserved_tck ; 0.000        ; 0.055      ; 3.511      ;
; 3.261 ; sld_signaltap:auto_signaltap_0|sld_signaltap_impl:sld_signaltap_body|sld_signaltap_implb:sld_signaltap_body|reset_all                                                                                                                                                                                                                               ; sld_signaltap:auto_signaltap_0|sld_signaltap_impl:sld_signaltap_body|sld_signaltap_implb:sld_signaltap_body|sld_ela_control:ela_control|sld_ela_basic_multi_level_trigger:\basic_multi_level_mbpm_trigger_gen:multi_level_mbpm|lpm_shiftreg:trigger_condition_deserialize|dffs[13]                                                         ; altera_reserved_tck ; altera_reserved_tck ; 0.000        ; 0.055      ; 3.511      ;
; 3.261 ; sld_signaltap:auto_signaltap_0|sld_signaltap_impl:sld_signaltap_body|sld_signaltap_implb:sld_signaltap_body|reset_all                                                                                                                                                                                                                               ; sld_signaltap:auto_signaltap_0|sld_signaltap_impl:sld_signaltap_body|sld_signaltap_implb:sld_signaltap_body|sld_ela_control:ela_control|sld_ela_basic_multi_level_trigger:\basic_multi_level_mbpm_trigger_gen:multi_level_mbpm|lpm_shiftreg:trigger_condition_deserialize|dffs[14]                                                         ; altera_reserved_tck ; altera_reserved_tck ; 0.000        ; 0.055      ; 3.511      ;
; 3.261 ; sld_signaltap:auto_signaltap_0|sld_signaltap_impl:sld_signaltap_body|sld_signaltap_implb:sld_signaltap_body|reset_all                                                                                                                                                                                                                               ; sld_signaltap:auto_signaltap_0|sld_signaltap_impl:sld_signaltap_body|sld_signaltap_implb:sld_signaltap_body|sld_ela_control:ela_control|sld_ela_basic_multi_level_trigger:\basic_multi_level_mbpm_trigger_gen:multi_level_mbpm|lpm_shiftreg:trigger_condition_deserialize|dffs[15]                                                         ; altera_reserved_tck ; altera_reserved_tck ; 0.000        ; 0.055      ; 3.511      ;
; 3.261 ; sld_signaltap:auto_signaltap_0|sld_signaltap_impl:sld_signaltap_body|sld_signaltap_implb:sld_signaltap_body|reset_all                                                                                                                                                                                                                               ; sld_signaltap:auto_signaltap_0|sld_signaltap_impl:sld_signaltap_body|sld_signaltap_implb:sld_signaltap_body|sld_ela_control:ela_control|sld_ela_basic_multi_level_trigger:\basic_multi_level_mbpm_trigger_gen:multi_level_mbpm|lpm_shiftreg:trigger_condition_deserialize|dffs[16]                                                         ; altera_reserved_tck ; altera_reserved_tck ; 0.000        ; 0.055      ; 3.511      ;
; 3.261 ; sld_signaltap:auto_signaltap_0|sld_signaltap_impl:sld_signaltap_body|sld_signaltap_implb:sld_signaltap_body|reset_all                                                                                                                                                                                                                               ; sld_signaltap:auto_signaltap_0|sld_signaltap_impl:sld_signaltap_body|sld_signaltap_implb:sld_signaltap_body|sld_ela_control:ela_control|sld_ela_basic_multi_level_trigger:\basic_multi_level_mbpm_trigger_gen:multi_level_mbpm|lpm_shiftreg:trigger_condition_deserialize|dffs[17]                                                         ; altera_reserved_tck ; altera_reserved_tck ; 0.000        ; 0.055      ; 3.511      ;
; 3.261 ; sld_signaltap:auto_signaltap_0|sld_signaltap_impl:sld_signaltap_body|sld_signaltap_implb:sld_signaltap_body|reset_all                                                                                                                                                                                                                               ; sld_signaltap:auto_signaltap_0|sld_signaltap_impl:sld_signaltap_body|sld_signaltap_implb:sld_signaltap_body|sld_ela_control:ela_control|sld_ela_basic_multi_level_trigger:\basic_multi_level_mbpm_trigger_gen:multi_level_mbpm|lpm_shiftreg:trigger_condition_deserialize|dffs[18]                                                         ; altera_reserved_tck ; altera_reserved_tck ; 0.000        ; 0.054      ; 3.510      ;
; 3.261 ; sld_signaltap:auto_signaltap_0|sld_signaltap_impl:sld_signaltap_body|sld_signaltap_implb:sld_signaltap_body|reset_all                                                                                                                                                                                                                               ; sld_signaltap:auto_signaltap_0|sld_signaltap_impl:sld_signaltap_body|sld_signaltap_implb:sld_signaltap_body|sld_ela_control:ela_control|sld_ela_basic_multi_level_trigger:\basic_multi_level_mbpm_trigger_gen:multi_level_mbpm|lpm_shiftreg:trigger_condition_deserialize|dffs[19]                                                         ; altera_reserved_tck ; altera_reserved_tck ; 0.000        ; 0.054      ; 3.510      ;
; 3.261 ; sld_signaltap:auto_signaltap_0|sld_signaltap_impl:sld_signaltap_body|sld_signaltap_implb:sld_signaltap_body|reset_all                                                                                                                                                                                                                               ; sld_signaltap:auto_signaltap_0|sld_signaltap_impl:sld_signaltap_body|sld_signaltap_implb:sld_signaltap_body|sld_ela_control:ela_control|sld_ela_basic_multi_level_trigger:\basic_multi_level_mbpm_trigger_gen:multi_level_mbpm|lpm_shiftreg:trigger_condition_deserialize|dffs[20]                                                         ; altera_reserved_tck ; altera_reserved_tck ; 0.000        ; 0.054      ; 3.510      ;
; 3.261 ; sld_signaltap:auto_signaltap_0|sld_signaltap_impl:sld_signaltap_body|sld_signaltap_implb:sld_signaltap_body|reset_all                                                                                                                                                                                                                               ; sld_signaltap:auto_signaltap_0|sld_signaltap_impl:sld_signaltap_body|sld_signaltap_implb:sld_signaltap_body|sld_ela_control:ela_control|sld_ela_basic_multi_level_trigger:\basic_multi_level_mbpm_trigger_gen:multi_level_mbpm|lpm_shiftreg:trigger_condition_deserialize|dffs[21]                                                         ; altera_reserved_tck ; altera_reserved_tck ; 0.000        ; 0.054      ; 3.510      ;
; 3.261 ; sld_signaltap:auto_signaltap_0|sld_signaltap_impl:sld_signaltap_body|sld_signaltap_implb:sld_signaltap_body|reset_all                                                                                                                                                                                                                               ; sld_signaltap:auto_signaltap_0|sld_signaltap_impl:sld_signaltap_body|sld_signaltap_implb:sld_signaltap_body|sld_ela_control:ela_control|sld_ela_basic_multi_level_trigger:\basic_multi_level_mbpm_trigger_gen:multi_level_mbpm|lpm_shiftreg:trigger_condition_deserialize|dffs[22]                                                         ; altera_reserved_tck ; altera_reserved_tck ; 0.000        ; 0.054      ; 3.510      ;
; 3.261 ; sld_signaltap:auto_signaltap_0|sld_signaltap_impl:sld_signaltap_body|sld_signaltap_implb:sld_signaltap_body|reset_all                                                                                                                                                                                                                               ; sld_signaltap:auto_signaltap_0|sld_signaltap_impl:sld_signaltap_body|sld_signaltap_implb:sld_signaltap_body|sld_ela_control:ela_control|sld_ela_basic_multi_level_trigger:\basic_multi_level_mbpm_trigger_gen:multi_level_mbpm|lpm_shiftreg:trigger_condition_deserialize|dffs[23]                                                         ; altera_reserved_tck ; altera_reserved_tck ; 0.000        ; 0.054      ; 3.510      ;
; 3.261 ; sld_signaltap:auto_signaltap_0|sld_signaltap_impl:sld_signaltap_body|sld_signaltap_implb:sld_signaltap_body|reset_all                                                                                                                                                                                                                               ; sld_signaltap:auto_signaltap_0|sld_signaltap_impl:sld_signaltap_body|sld_signaltap_implb:sld_signaltap_body|sld_ela_control:ela_control|sld_ela_basic_multi_level_trigger:\basic_multi_level_mbpm_trigger_gen:multi_level_mbpm|lpm_shiftreg:trigger_condition_deserialize|dffs[24]                                                         ; altera_reserved_tck ; altera_reserved_tck ; 0.000        ; 0.054      ; 3.510      ;
; 3.266 ; sld_signaltap:auto_signaltap_0|sld_signaltap_impl:sld_signaltap_body|sld_signaltap_implb:sld_signaltap_body|reset_all                                                                                                                                                                                                                               ; sld_signaltap:auto_signaltap_0|sld_signaltap_impl:sld_signaltap_body|sld_signaltap_implb:sld_signaltap_body|sld_offload_buffer_mgr:\stp_non_zero_depth_offload_gen:stp_offload_buff_mgr_inst|lpm_shiftreg:status_data_shift_out|dffs[8]                                                                                                    ; altera_reserved_tck ; altera_reserved_tck ; 0.000        ; 0.059      ; 3.520      ;
; 3.266 ; sld_signaltap:auto_signaltap_0|sld_signaltap_impl:sld_signaltap_body|sld_signaltap_implb:sld_signaltap_body|reset_all                                                                                                                                                                                                                               ; sld_signaltap:auto_signaltap_0|sld_signaltap_impl:sld_signaltap_body|sld_signaltap_implb:sld_signaltap_body|sld_offload_buffer_mgr:\stp_non_zero_depth_offload_gen:stp_offload_buff_mgr_inst|lpm_shiftreg:status_data_shift_out|dffs[9]                                                                                                    ; altera_reserved_tck ; altera_reserved_tck ; 0.000        ; 0.059      ; 3.520      ;
; 3.266 ; sld_signaltap:auto_signaltap_0|sld_signaltap_impl:sld_signaltap_body|sld_signaltap_implb:sld_signaltap_body|reset_all                                                                                                                                                                                                                               ; sld_signaltap:auto_signaltap_0|sld_signaltap_impl:sld_signaltap_body|sld_signaltap_implb:sld_signaltap_body|sld_offload_buffer_mgr:\stp_non_zero_depth_offload_gen:stp_offload_buff_mgr_inst|lpm_shiftreg:status_data_shift_out|dffs[11]                                                                                                   ; altera_reserved_tck ; altera_reserved_tck ; 0.000        ; 0.059      ; 3.520      ;
; 3.266 ; sld_signaltap:auto_signaltap_0|sld_signaltap_impl:sld_signaltap_body|sld_signaltap_implb:sld_signaltap_body|reset_all                                                                                                                                                                                                                               ; sld_signaltap:auto_signaltap_0|sld_signaltap_impl:sld_signaltap_body|sld_signaltap_implb:sld_signaltap_body|sld_offload_buffer_mgr:\stp_non_zero_depth_offload_gen:stp_offload_buff_mgr_inst|lpm_shiftreg:status_data_shift_out|dffs[12]                                                                                                   ; altera_reserved_tck ; altera_reserved_tck ; 0.000        ; 0.059      ; 3.520      ;
; 3.266 ; sld_signaltap:auto_signaltap_0|sld_signaltap_impl:sld_signaltap_body|sld_signaltap_implb:sld_signaltap_body|reset_all                                                                                                                                                                                                                               ; sld_signaltap:auto_signaltap_0|sld_signaltap_impl:sld_signaltap_body|sld_signaltap_implb:sld_signaltap_body|sld_offload_buffer_mgr:\stp_non_zero_depth_offload_gen:stp_offload_buff_mgr_inst|lpm_shiftreg:status_data_shift_out|dffs[13]                                                                                                   ; altera_reserved_tck ; altera_reserved_tck ; 0.000        ; 0.059      ; 3.520      ;
; 3.266 ; sld_signaltap:auto_signaltap_0|sld_signaltap_impl:sld_signaltap_body|sld_signaltap_implb:sld_signaltap_body|reset_all                                                                                                                                                                                                                               ; sld_signaltap:auto_signaltap_0|sld_signaltap_impl:sld_signaltap_body|sld_signaltap_implb:sld_signaltap_body|sld_offload_buffer_mgr:\stp_non_zero_depth_offload_gen:stp_offload_buff_mgr_inst|lpm_shiftreg:status_data_shift_out|dffs[10]                                                                                                   ; altera_reserved_tck ; altera_reserved_tck ; 0.000        ; 0.059      ; 3.520      ;
; 3.266 ; sld_signaltap:auto_signaltap_0|sld_signaltap_impl:sld_signaltap_body|sld_signaltap_implb:sld_signaltap_body|reset_all                                                                                                                                                                                                                               ; sld_signaltap:auto_signaltap_0|sld_signaltap_impl:sld_signaltap_body|sld_signaltap_implb:sld_signaltap_body|sld_offload_buffer_mgr:\stp_non_zero_depth_offload_gen:stp_offload_buff_mgr_inst|lpm_shiftreg:status_data_shift_out|dffs[14]                                                                                                   ; altera_reserved_tck ; altera_reserved_tck ; 0.000        ; 0.059      ; 3.520      ;
; 3.269 ; sld_signaltap:auto_signaltap_0|sld_signaltap_impl:sld_signaltap_body|sld_signaltap_implb:sld_signaltap_body|reset_all                                                                                                                                                                                                                               ; sld_signaltap:auto_signaltap_0|sld_signaltap_impl:sld_signaltap_body|sld_signaltap_implb:sld_signaltap_body|sld_offload_buffer_mgr:\stp_non_zero_depth_offload_gen:stp_offload_buff_mgr_inst|lpm_shiftreg:info_data_shift_out|dffs[1]                                                                                                      ; altera_reserved_tck ; altera_reserved_tck ; 0.000        ; 0.065      ; 3.529      ;
; 3.269 ; sld_signaltap:auto_signaltap_0|sld_signaltap_impl:sld_signaltap_body|sld_signaltap_implb:sld_signaltap_body|reset_all                                                                                                                                                                                                                               ; sld_signaltap:auto_signaltap_0|sld_signaltap_impl:sld_signaltap_body|sld_signaltap_implb:sld_signaltap_body|sld_offload_buffer_mgr:\stp_non_zero_depth_offload_gen:stp_offload_buff_mgr_inst|lpm_shiftreg:info_data_shift_out|dffs[2]                                                                                                      ; altera_reserved_tck ; altera_reserved_tck ; 0.000        ; 0.065      ; 3.529      ;
; 3.269 ; sld_signaltap:auto_signaltap_0|sld_signaltap_impl:sld_signaltap_body|sld_signaltap_implb:sld_signaltap_body|reset_all                                                                                                                                                                                                                               ; sld_signaltap:auto_signaltap_0|sld_signaltap_impl:sld_signaltap_body|sld_signaltap_implb:sld_signaltap_body|sld_offload_buffer_mgr:\stp_non_zero_depth_offload_gen:stp_offload_buff_mgr_inst|lpm_shiftreg:info_data_shift_out|dffs[3]                                                                                                      ; altera_reserved_tck ; altera_reserved_tck ; 0.000        ; 0.065      ; 3.529      ;
; 3.269 ; sld_signaltap:auto_signaltap_0|sld_signaltap_impl:sld_signaltap_body|sld_signaltap_implb:sld_signaltap_body|reset_all                                                                                                                                                                                                                               ; sld_signaltap:auto_signaltap_0|sld_signaltap_impl:sld_signaltap_body|sld_signaltap_implb:sld_signaltap_body|sld_offload_buffer_mgr:\stp_non_zero_depth_offload_gen:stp_offload_buff_mgr_inst|lpm_shiftreg:info_data_shift_out|dffs[4]                                                                                                      ; altera_reserved_tck ; altera_reserved_tck ; 0.000        ; 0.065      ; 3.529      ;
+-------+-----------------------------------------------------------------------------------------------------------------------------------------------------------------------------------------------------------------------------------------------------------------------------------------------------------------------------------------------------+--------------------------------------------------------------------------------------------------------------------------------------------------------------------------------------------------------------------------------------------------------------------------------------------------------------------------------------------+---------------------+---------------------+--------------+------------+------------+


----------------------------------------------
; Slow 1200mV 0C Model Metastability Summary ;
----------------------------------------------
The design MTBF is not calculated because there are no specified synchronizers in the design.
Number of Synchronizer Chains Found: 2
Shortest Synchronizer Chain: 4 Registers
Fraction of Chains for which MTBFs Could Not be Calculated: 1.000
Worst Case Available Settling Time: 342.085 ns




+----------------------------------------------+
; Fast 1200mV 0C Model Setup Summary           ;
+---------------------+--------+---------------+
; Clock               ; Slack  ; End Point TNS ;
+---------------------+--------+---------------+
; altera_reserved_tck ; 47.296 ; 0.000         ;
+---------------------+--------+---------------+


+---------------------------------------------+
; Fast 1200mV 0C Model Hold Summary           ;
+---------------------+-------+---------------+
; Clock               ; Slack ; End Point TNS ;
+---------------------+-------+---------------+
; altera_reserved_tck ; 0.186 ; 0.000         ;
+---------------------+-------+---------------+


+----------------------------------------------+
; Fast 1200mV 0C Model Recovery Summary        ;
+---------------------+--------+---------------+
; Clock               ; Slack  ; End Point TNS ;
+---------------------+--------+---------------+
; altera_reserved_tck ; 98.020 ; 0.000         ;
+---------------------+--------+---------------+


+---------------------------------------------+
; Fast 1200mV 0C Model Removal Summary        ;
+---------------------+-------+---------------+
; Clock               ; Slack ; End Point TNS ;
+---------------------+-------+---------------+
; altera_reserved_tck ; 0.494 ; 0.000         ;
+---------------------+-------+---------------+


+--------------------------------------------------+
; Fast 1200mV 0C Model Minimum Pulse Width Summary ;
+---------------------+--------+-------------------+
; Clock               ; Slack  ; End Point TNS     ;
+---------------------+--------+-------------------+
; altera_reserved_tck ; 49.277 ; 0.000             ;
+---------------------+--------+-------------------+


+--------------------------------------------------------------------------------------------------------------------------------------------------------------------------------------------------------------------------------------------------------------------------------------------------------------------------------------------------------------------------------------------------------------------------------------------------------------------------------------------------------------------------------------------------------------------------------------------------------------------------------------------------------------------------------------------------------------------------------------------------------------------------+
; Fast 1200mV 0C Model Setup: 'altera_reserved_tck'                                                                                                                                                                                                                                                                                                                                                                                                                                                                                                                                                                                                                                                                                                                        ;
+--------+-----------------------------------------------------------------------------------------------------------------------------------------------------------------------------------------------------------------------------------------------------------------------------------------------------------------------------------------------------+----------------------------------------------------------------------------------------------------------------------------------------------------------------------------------------------------------------------------------------------------------------------------------------------------------------------+---------------------+---------------------+--------------+------------+------------+
; Slack  ; From Node                                                                                                                                                                                                                                                                                                                                           ; To Node                                                                                                                                                                                                                                                                                                              ; Launch Clock        ; Latch Clock         ; Relationship ; Clock Skew ; Data Delay ;
+--------+-----------------------------------------------------------------------------------------------------------------------------------------------------------------------------------------------------------------------------------------------------------------------------------------------------------------------------------------------------+----------------------------------------------------------------------------------------------------------------------------------------------------------------------------------------------------------------------------------------------------------------------------------------------------------------------+---------------------+---------------------+--------------+------------+------------+
; 47.296 ; sld_signaltap:auto_signaltap_0|sld_signaltap_impl:sld_signaltap_body|sld_signaltap_implb:sld_signaltap_body|lpm_shiftreg:segment_offset_config_deserialize|dffs[0]                                                                                                                                                                                  ; sld_hub:auto_hub|alt_sld_fab_with_jtag_input:\instrumentation_fabric_with_node_gen:fabric_gen_new_way:with_jtag_input_gen:instrumentation_fabric|alt_sld_fab:instrumentation_fabric|alt_sld_fab_alt_sld_fab:alt_sld_fab|alt_sld_fab_alt_sld_fab_sldfabric:sldfabric|sld_jtag_hub:\jtag_hub_gen:real_sld_jtag_hub|tdo ; altera_reserved_tck ; altera_reserved_tck ; 50.000       ; 0.456      ; 3.167      ;
; 47.401 ; sld_hub:auto_hub|alt_sld_fab_with_jtag_input:\instrumentation_fabric_with_node_gen:fabric_gen_new_way:with_jtag_input_gen:instrumentation_fabric|alt_sld_fab:instrumentation_fabric|alt_sld_fab_alt_sld_fab:alt_sld_fab|alt_sld_fab_alt_sld_fab_sldfabric:sldfabric|sld_jtag_hub:\jtag_hub_gen:real_sld_jtag_hub|irf_reg[1][6]                      ; sld_hub:auto_hub|alt_sld_fab_with_jtag_input:\instrumentation_fabric_with_node_gen:fabric_gen_new_way:with_jtag_input_gen:instrumentation_fabric|alt_sld_fab:instrumentation_fabric|alt_sld_fab_alt_sld_fab:alt_sld_fab|alt_sld_fab_alt_sld_fab_sldfabric:sldfabric|sld_jtag_hub:\jtag_hub_gen:real_sld_jtag_hub|tdo ; altera_reserved_tck ; altera_reserved_tck ; 50.000       ; 0.458      ; 3.064      ;
; 47.508 ; sld_hub:auto_hub|alt_sld_fab_with_jtag_input:\instrumentation_fabric_with_node_gen:fabric_gen_new_way:with_jtag_input_gen:instrumentation_fabric|alt_sld_fab:instrumentation_fabric|alt_sld_fab_alt_sld_fab:alt_sld_fab|alt_sld_fab_alt_sld_fab_sldfabric:sldfabric|sld_jtag_hub:\jtag_hub_gen:real_sld_jtag_hub|irf_reg[1][1]                      ; sld_hub:auto_hub|alt_sld_fab_with_jtag_input:\instrumentation_fabric_with_node_gen:fabric_gen_new_way:with_jtag_input_gen:instrumentation_fabric|alt_sld_fab:instrumentation_fabric|alt_sld_fab_alt_sld_fab:alt_sld_fab|alt_sld_fab_alt_sld_fab_sldfabric:sldfabric|sld_jtag_hub:\jtag_hub_gen:real_sld_jtag_hub|tdo ; altera_reserved_tck ; altera_reserved_tck ; 50.000       ; 0.458      ; 2.957      ;
; 47.527 ; sld_hub:auto_hub|alt_sld_fab_with_jtag_input:\instrumentation_fabric_with_node_gen:fabric_gen_new_way:with_jtag_input_gen:instrumentation_fabric|alt_sld_fab:instrumentation_fabric|alt_sld_fab_alt_sld_fab:alt_sld_fab|alt_sld_fab_alt_sld_fab_sldfabric:sldfabric|sld_jtag_hub:\jtag_hub_gen:real_sld_jtag_hub|sld_shadow_jsm:shadow_jsm|state[3] ; sld_hub:auto_hub|alt_sld_fab_with_jtag_input:\instrumentation_fabric_with_node_gen:fabric_gen_new_way:with_jtag_input_gen:instrumentation_fabric|alt_sld_fab:instrumentation_fabric|alt_sld_fab_alt_sld_fab:alt_sld_fab|alt_sld_fab_alt_sld_fab_sldfabric:sldfabric|sld_jtag_hub:\jtag_hub_gen:real_sld_jtag_hub|tdo ; altera_reserved_tck ; altera_reserved_tck ; 50.000       ; 0.457      ; 2.937      ;
; 47.590 ; sld_hub:auto_hub|alt_sld_fab_with_jtag_input:\instrumentation_fabric_with_node_gen:fabric_gen_new_way:with_jtag_input_gen:instrumentation_fabric|alt_sld_fab:instrumentation_fabric|alt_sld_fab_alt_sld_fab:alt_sld_fab|alt_sld_fab_alt_sld_fab_sldfabric:sldfabric|sld_jtag_hub:\jtag_hub_gen:real_sld_jtag_hub|irf_reg[1][7]                      ; sld_hub:auto_hub|alt_sld_fab_with_jtag_input:\instrumentation_fabric_with_node_gen:fabric_gen_new_way:with_jtag_input_gen:instrumentation_fabric|alt_sld_fab:instrumentation_fabric|alt_sld_fab_alt_sld_fab:alt_sld_fab|alt_sld_fab_alt_sld_fab_sldfabric:sldfabric|sld_jtag_hub:\jtag_hub_gen:real_sld_jtag_hub|tdo ; altera_reserved_tck ; altera_reserved_tck ; 50.000       ; 0.460      ; 2.877      ;
; 47.591 ; sld_hub:auto_hub|alt_sld_fab_with_jtag_input:\instrumentation_fabric_with_node_gen:fabric_gen_new_way:with_jtag_input_gen:instrumentation_fabric|alt_sld_fab:instrumentation_fabric|alt_sld_fab_alt_sld_fab:alt_sld_fab|alt_sld_fab_alt_sld_fab_sldfabric:sldfabric|sld_jtag_hub:\jtag_hub_gen:real_sld_jtag_hub|sld_shadow_jsm:shadow_jsm|state[4] ; sld_hub:auto_hub|alt_sld_fab_with_jtag_input:\instrumentation_fabric_with_node_gen:fabric_gen_new_way:with_jtag_input_gen:instrumentation_fabric|alt_sld_fab:instrumentation_fabric|alt_sld_fab_alt_sld_fab:alt_sld_fab|alt_sld_fab_alt_sld_fab_sldfabric:sldfabric|sld_jtag_hub:\jtag_hub_gen:real_sld_jtag_hub|tdo ; altera_reserved_tck ; altera_reserved_tck ; 50.000       ; 0.457      ; 2.873      ;
; 47.714 ; sld_hub:auto_hub|alt_sld_fab_with_jtag_input:\instrumentation_fabric_with_node_gen:fabric_gen_new_way:with_jtag_input_gen:instrumentation_fabric|alt_sld_fab:instrumentation_fabric|alt_sld_fab_alt_sld_fab:alt_sld_fab|alt_sld_fab_alt_sld_fab_sldfabric:sldfabric|sld_jtag_hub:\jtag_hub_gen:real_sld_jtag_hub|irf_reg[1][4]                      ; sld_hub:auto_hub|alt_sld_fab_with_jtag_input:\instrumentation_fabric_with_node_gen:fabric_gen_new_way:with_jtag_input_gen:instrumentation_fabric|alt_sld_fab:instrumentation_fabric|alt_sld_fab_alt_sld_fab:alt_sld_fab|alt_sld_fab_alt_sld_fab_sldfabric:sldfabric|sld_jtag_hub:\jtag_hub_gen:real_sld_jtag_hub|tdo ; altera_reserved_tck ; altera_reserved_tck ; 50.000       ; 0.460      ; 2.753      ;
; 47.747 ; sld_hub:auto_hub|alt_sld_fab_with_jtag_input:\instrumentation_fabric_with_node_gen:fabric_gen_new_way:with_jtag_input_gen:instrumentation_fabric|alt_sld_fab:instrumentation_fabric|alt_sld_fab_alt_sld_fab:alt_sld_fab|alt_sld_fab_alt_sld_fab_sldfabric:sldfabric|sld_jtag_hub:\jtag_hub_gen:real_sld_jtag_hub|irf_reg[1][3]                      ; sld_hub:auto_hub|alt_sld_fab_with_jtag_input:\instrumentation_fabric_with_node_gen:fabric_gen_new_way:with_jtag_input_gen:instrumentation_fabric|alt_sld_fab:instrumentation_fabric|alt_sld_fab_alt_sld_fab:alt_sld_fab|alt_sld_fab_alt_sld_fab_sldfabric:sldfabric|sld_jtag_hub:\jtag_hub_gen:real_sld_jtag_hub|tdo ; altera_reserved_tck ; altera_reserved_tck ; 50.000       ; 0.460      ; 2.720      ;
; 47.777 ; sld_hub:auto_hub|alt_sld_fab_with_jtag_input:\instrumentation_fabric_with_node_gen:fabric_gen_new_way:with_jtag_input_gen:instrumentation_fabric|alt_sld_fab:instrumentation_fabric|alt_sld_fab_alt_sld_fab:alt_sld_fab|alt_sld_fab_alt_sld_fab_sldfabric:sldfabric|sld_jtag_hub:\jtag_hub_gen:real_sld_jtag_hub|virtual_ir_scan_reg                ; sld_hub:auto_hub|alt_sld_fab_with_jtag_input:\instrumentation_fabric_with_node_gen:fabric_gen_new_way:with_jtag_input_gen:instrumentation_fabric|alt_sld_fab:instrumentation_fabric|alt_sld_fab_alt_sld_fab:alt_sld_fab|alt_sld_fab_alt_sld_fab_sldfabric:sldfabric|sld_jtag_hub:\jtag_hub_gen:real_sld_jtag_hub|tdo ; altera_reserved_tck ; altera_reserved_tck ; 50.000       ; 0.460      ; 2.690      ;
; 47.875 ; sld_hub:auto_hub|alt_sld_fab_with_jtag_input:\instrumentation_fabric_with_node_gen:fabric_gen_new_way:with_jtag_input_gen:instrumentation_fabric|alt_sld_fab:instrumentation_fabric|alt_sld_fab_alt_sld_fab:alt_sld_fab|splitter_nodes_receive_0[3]                                                                                                 ; sld_hub:auto_hub|alt_sld_fab_with_jtag_input:\instrumentation_fabric_with_node_gen:fabric_gen_new_way:with_jtag_input_gen:instrumentation_fabric|alt_sld_fab:instrumentation_fabric|alt_sld_fab_alt_sld_fab:alt_sld_fab|alt_sld_fab_alt_sld_fab_sldfabric:sldfabric|sld_jtag_hub:\jtag_hub_gen:real_sld_jtag_hub|tdo ; altera_reserved_tck ; altera_reserved_tck ; 50.000       ; 0.467      ; 2.599      ;
; 47.894 ; sld_hub:auto_hub|alt_sld_fab_with_jtag_input:\instrumentation_fabric_with_node_gen:fabric_gen_new_way:with_jtag_input_gen:instrumentation_fabric|alt_sld_fab:instrumentation_fabric|alt_sld_fab_alt_sld_fab:alt_sld_fab|alt_sld_fab_alt_sld_fab_sldfabric:sldfabric|sld_jtag_hub:\jtag_hub_gen:real_sld_jtag_hub|irf_reg[1][9]                      ; sld_hub:auto_hub|alt_sld_fab_with_jtag_input:\instrumentation_fabric_with_node_gen:fabric_gen_new_way:with_jtag_input_gen:instrumentation_fabric|alt_sld_fab:instrumentation_fabric|alt_sld_fab_alt_sld_fab:alt_sld_fab|alt_sld_fab_alt_sld_fab_sldfabric:sldfabric|sld_jtag_hub:\jtag_hub_gen:real_sld_jtag_hub|tdo ; altera_reserved_tck ; altera_reserved_tck ; 50.000       ; 0.458      ; 2.571      ;
; 47.909 ; sld_hub:auto_hub|alt_sld_fab_with_jtag_input:\instrumentation_fabric_with_node_gen:fabric_gen_new_way:with_jtag_input_gen:instrumentation_fabric|alt_sld_fab:instrumentation_fabric|alt_sld_fab_alt_sld_fab:alt_sld_fab|alt_sld_fab_alt_sld_fab_sldfabric:sldfabric|sld_jtag_hub:\jtag_hub_gen:real_sld_jtag_hub|irf_reg[1][8]                      ; sld_hub:auto_hub|alt_sld_fab_with_jtag_input:\instrumentation_fabric_with_node_gen:fabric_gen_new_way:with_jtag_input_gen:instrumentation_fabric|alt_sld_fab:instrumentation_fabric|alt_sld_fab_alt_sld_fab:alt_sld_fab|alt_sld_fab_alt_sld_fab_sldfabric:sldfabric|sld_jtag_hub:\jtag_hub_gen:real_sld_jtag_hub|tdo ; altera_reserved_tck ; altera_reserved_tck ; 50.000       ; 0.458      ; 2.556      ;
; 48.035 ; sld_hub:auto_hub|alt_sld_fab_with_jtag_input:\instrumentation_fabric_with_node_gen:fabric_gen_new_way:with_jtag_input_gen:instrumentation_fabric|alt_sld_fab:instrumentation_fabric|alt_sld_fab_alt_sld_fab:alt_sld_fab|alt_sld_fab_alt_sld_fab_sldfabric:sldfabric|sld_jtag_hub:\jtag_hub_gen:real_sld_jtag_hub|irf_reg[1][5]                      ; sld_hub:auto_hub|alt_sld_fab_with_jtag_input:\instrumentation_fabric_with_node_gen:fabric_gen_new_way:with_jtag_input_gen:instrumentation_fabric|alt_sld_fab:instrumentation_fabric|alt_sld_fab_alt_sld_fab:alt_sld_fab|alt_sld_fab_alt_sld_fab_sldfabric:sldfabric|sld_jtag_hub:\jtag_hub_gen:real_sld_jtag_hub|tdo ; altera_reserved_tck ; altera_reserved_tck ; 50.000       ; 0.458      ; 2.430      ;
; 48.047 ; sld_signaltap:auto_signaltap_0|sld_signaltap_impl:sld_signaltap_body|sld_signaltap_implb:sld_signaltap_body|sld_offload_buffer_mgr:\stp_non_zero_depth_offload_gen:stp_offload_buff_mgr_inst|lpm_shiftreg:status_data_shift_out|dffs[0]                                                                                                             ; sld_hub:auto_hub|alt_sld_fab_with_jtag_input:\instrumentation_fabric_with_node_gen:fabric_gen_new_way:with_jtag_input_gen:instrumentation_fabric|alt_sld_fab:instrumentation_fabric|alt_sld_fab_alt_sld_fab:alt_sld_fab|alt_sld_fab_alt_sld_fab_sldfabric:sldfabric|sld_jtag_hub:\jtag_hub_gen:real_sld_jtag_hub|tdo ; altera_reserved_tck ; altera_reserved_tck ; 50.000       ; 0.457      ; 2.417      ;
; 48.116 ; sld_signaltap:auto_signaltap_0|sld_signaltap_impl:sld_signaltap_body|sld_signaltap_implb:sld_signaltap_body|sld_rom_sr:crc_rom_sr|WORD_SR[0]                                                                                                                                                                                                        ; sld_hub:auto_hub|alt_sld_fab_with_jtag_input:\instrumentation_fabric_with_node_gen:fabric_gen_new_way:with_jtag_input_gen:instrumentation_fabric|alt_sld_fab:instrumentation_fabric|alt_sld_fab_alt_sld_fab:alt_sld_fab|alt_sld_fab_alt_sld_fab_sldfabric:sldfabric|sld_jtag_hub:\jtag_hub_gen:real_sld_jtag_hub|tdo ; altera_reserved_tck ; altera_reserved_tck ; 50.000       ; 0.455      ; 2.346      ;
; 48.122 ; sld_signaltap:auto_signaltap_0|sld_signaltap_impl:sld_signaltap_body|sld_signaltap_implb:sld_signaltap_body|tdo_crc_len_reg[0]                                                                                                                                                                                                                      ; sld_hub:auto_hub|alt_sld_fab_with_jtag_input:\instrumentation_fabric_with_node_gen:fabric_gen_new_way:with_jtag_input_gen:instrumentation_fabric|alt_sld_fab:instrumentation_fabric|alt_sld_fab_alt_sld_fab:alt_sld_fab|alt_sld_fab_alt_sld_fab_sldfabric:sldfabric|sld_jtag_hub:\jtag_hub_gen:real_sld_jtag_hub|tdo ; altera_reserved_tck ; altera_reserved_tck ; 50.000       ; 0.456      ; 2.341      ;
; 48.274 ; sld_signaltap:auto_signaltap_0|sld_signaltap_impl:sld_signaltap_body|sld_signaltap_implb:sld_signaltap_body|lpm_shiftreg:status_register|dffs[0]                                                                                                                                                                                                    ; sld_hub:auto_hub|alt_sld_fab_with_jtag_input:\instrumentation_fabric_with_node_gen:fabric_gen_new_way:with_jtag_input_gen:instrumentation_fabric|alt_sld_fab:instrumentation_fabric|alt_sld_fab_alt_sld_fab:alt_sld_fab|alt_sld_fab_alt_sld_fab_sldfabric:sldfabric|sld_jtag_hub:\jtag_hub_gen:real_sld_jtag_hub|tdo ; altera_reserved_tck ; altera_reserved_tck ; 50.000       ; 0.458      ; 2.191      ;
; 48.503 ; sld_signaltap:auto_signaltap_0|sld_signaltap_impl:sld_signaltap_body|sld_signaltap_implb:sld_signaltap_body|bypass_reg_out                                                                                                                                                                                                                          ; sld_hub:auto_hub|alt_sld_fab_with_jtag_input:\instrumentation_fabric_with_node_gen:fabric_gen_new_way:with_jtag_input_gen:instrumentation_fabric|alt_sld_fab:instrumentation_fabric|alt_sld_fab_alt_sld_fab:alt_sld_fab|alt_sld_fab_alt_sld_fab_sldfabric:sldfabric|sld_jtag_hub:\jtag_hub_gen:real_sld_jtag_hub|tdo ; altera_reserved_tck ; altera_reserved_tck ; 50.000       ; 0.457      ; 1.961      ;
; 48.509 ; sld_signaltap:auto_signaltap_0|sld_signaltap_impl:sld_signaltap_body|sld_signaltap_implb:sld_signaltap_body|sld_offload_buffer_mgr:\stp_non_zero_depth_offload_gen:stp_offload_buff_mgr_inst|lpm_shiftreg:info_data_shift_out|dffs[0]                                                                                                               ; sld_hub:auto_hub|alt_sld_fab_with_jtag_input:\instrumentation_fabric_with_node_gen:fabric_gen_new_way:with_jtag_input_gen:instrumentation_fabric|alt_sld_fab:instrumentation_fabric|alt_sld_fab_alt_sld_fab:alt_sld_fab|alt_sld_fab_alt_sld_fab_sldfabric:sldfabric|sld_jtag_hub:\jtag_hub_gen:real_sld_jtag_hub|tdo ; altera_reserved_tck ; altera_reserved_tck ; 50.000       ; 0.457      ; 1.955      ;
; 48.664 ; sld_hub:auto_hub|alt_sld_fab_with_jtag_input:\instrumentation_fabric_with_node_gen:fabric_gen_new_way:with_jtag_input_gen:instrumentation_fabric|alt_sld_fab:instrumentation_fabric|alt_sld_fab_alt_sld_fab:alt_sld_fab|alt_sld_fab_alt_sld_fab_sldfabric:sldfabric|sld_jtag_hub:\jtag_hub_gen:real_sld_jtag_hub|irsr_reg[2]                        ; sld_hub:auto_hub|alt_sld_fab_with_jtag_input:\instrumentation_fabric_with_node_gen:fabric_gen_new_way:with_jtag_input_gen:instrumentation_fabric|alt_sld_fab:instrumentation_fabric|alt_sld_fab_alt_sld_fab:alt_sld_fab|alt_sld_fab_alt_sld_fab_sldfabric:sldfabric|sld_jtag_hub:\jtag_hub_gen:real_sld_jtag_hub|tdo ; altera_reserved_tck ; altera_reserved_tck ; 50.000       ; 0.458      ; 1.801      ;
; 48.719 ; sld_signaltap:auto_signaltap_0|sld_signaltap_impl:sld_signaltap_body|sld_signaltap_implb:sld_signaltap_body|tdo_crc_val_shift_reg[0]                                                                                                                                                                                                                ; sld_hub:auto_hub|alt_sld_fab_with_jtag_input:\instrumentation_fabric_with_node_gen:fabric_gen_new_way:with_jtag_input_gen:instrumentation_fabric|alt_sld_fab:instrumentation_fabric|alt_sld_fab_alt_sld_fab:alt_sld_fab|alt_sld_fab_alt_sld_fab_sldfabric:sldfabric|sld_jtag_hub:\jtag_hub_gen:real_sld_jtag_hub|tdo ; altera_reserved_tck ; altera_reserved_tck ; 50.000       ; 0.458      ; 1.746      ;
; 48.807 ; sld_hub:auto_hub|alt_sld_fab_with_jtag_input:\instrumentation_fabric_with_node_gen:fabric_gen_new_way:with_jtag_input_gen:instrumentation_fabric|alt_sld_fab:instrumentation_fabric|alt_sld_fab_alt_sld_fab:alt_sld_fab|alt_sld_fab_alt_sld_fab_sldfabric:sldfabric|sld_jtag_hub:\jtag_hub_gen:real_sld_jtag_hub|irsr_reg[0]                        ; sld_hub:auto_hub|alt_sld_fab_with_jtag_input:\instrumentation_fabric_with_node_gen:fabric_gen_new_way:with_jtag_input_gen:instrumentation_fabric|alt_sld_fab:instrumentation_fabric|alt_sld_fab_alt_sld_fab:alt_sld_fab|alt_sld_fab_alt_sld_fab_sldfabric:sldfabric|sld_jtag_hub:\jtag_hub_gen:real_sld_jtag_hub|tdo ; altera_reserved_tck ; altera_reserved_tck ; 50.000       ; 0.458      ; 1.658      ;
; 48.820 ; sld_hub:auto_hub|alt_sld_fab_with_jtag_input:\instrumentation_fabric_with_node_gen:fabric_gen_new_way:with_jtag_input_gen:instrumentation_fabric|alt_sld_fab:instrumentation_fabric|alt_sld_fab_alt_sld_fab:alt_sld_fab|alt_sld_fab_alt_sld_fab_sldfabric:sldfabric|sld_jtag_hub:\jtag_hub_gen:real_sld_jtag_hub|irsr_reg[1]                        ; sld_hub:auto_hub|alt_sld_fab_with_jtag_input:\instrumentation_fabric_with_node_gen:fabric_gen_new_way:with_jtag_input_gen:instrumentation_fabric|alt_sld_fab:instrumentation_fabric|alt_sld_fab_alt_sld_fab:alt_sld_fab|alt_sld_fab_alt_sld_fab_sldfabric:sldfabric|sld_jtag_hub:\jtag_hub_gen:real_sld_jtag_hub|tdo ; altera_reserved_tck ; altera_reserved_tck ; 50.000       ; 0.458      ; 1.645      ;
; 48.985 ; sld_hub:auto_hub|alt_sld_fab_with_jtag_input:\instrumentation_fabric_with_node_gen:fabric_gen_new_way:with_jtag_input_gen:instrumentation_fabric|alt_sld_fab:instrumentation_fabric|alt_sld_fab_alt_sld_fab:alt_sld_fab|alt_sld_fab_alt_sld_fab_sldfabric:sldfabric|sld_jtag_hub:\jtag_hub_gen:real_sld_jtag_hub|sld_rom_sr:hub_info_reg|WORD_SR[0] ; sld_hub:auto_hub|alt_sld_fab_with_jtag_input:\instrumentation_fabric_with_node_gen:fabric_gen_new_way:with_jtag_input_gen:instrumentation_fabric|alt_sld_fab:instrumentation_fabric|alt_sld_fab_alt_sld_fab:alt_sld_fab|alt_sld_fab_alt_sld_fab_sldfabric:sldfabric|sld_jtag_hub:\jtag_hub_gen:real_sld_jtag_hub|tdo ; altera_reserved_tck ; altera_reserved_tck ; 50.000       ; 0.458      ; 1.480      ;
; 49.012 ; sld_hub:auto_hub|alt_sld_fab_with_jtag_input:\instrumentation_fabric_with_node_gen:fabric_gen_new_way:with_jtag_input_gen:instrumentation_fabric|alt_sld_fab:instrumentation_fabric|alt_sld_fab_alt_sld_fab:alt_sld_fab|alt_sld_fab_alt_sld_fab_sldfabric:sldfabric|sld_jtag_hub:\jtag_hub_gen:real_sld_jtag_hub|irsr_reg[10]                       ; sld_hub:auto_hub|alt_sld_fab_with_jtag_input:\instrumentation_fabric_with_node_gen:fabric_gen_new_way:with_jtag_input_gen:instrumentation_fabric|alt_sld_fab:instrumentation_fabric|alt_sld_fab_alt_sld_fab:alt_sld_fab|alt_sld_fab_alt_sld_fab_sldfabric:sldfabric|sld_jtag_hub:\jtag_hub_gen:real_sld_jtag_hub|tdo ; altera_reserved_tck ; altera_reserved_tck ; 50.000       ; 0.456      ; 1.451      ;
; 49.120 ; sld_hub:auto_hub|alt_sld_fab_with_jtag_input:\instrumentation_fabric_with_node_gen:fabric_gen_new_way:with_jtag_input_gen:instrumentation_fabric|alt_sld_fab:instrumentation_fabric|alt_sld_fab_alt_sld_fab:alt_sld_fab|alt_sld_fab_alt_sld_fab_sldfabric:sldfabric|sld_jtag_hub:\jtag_hub_gen:real_sld_jtag_hub|hub_minor_ver_reg[0]               ; sld_hub:auto_hub|alt_sld_fab_with_jtag_input:\instrumentation_fabric_with_node_gen:fabric_gen_new_way:with_jtag_input_gen:instrumentation_fabric|alt_sld_fab:instrumentation_fabric|alt_sld_fab_alt_sld_fab:alt_sld_fab|alt_sld_fab_alt_sld_fab_sldfabric:sldfabric|sld_jtag_hub:\jtag_hub_gen:real_sld_jtag_hub|tdo ; altera_reserved_tck ; altera_reserved_tck ; 50.000       ; 0.457      ; 1.344      ;
; 49.207 ; sld_hub:auto_hub|alt_sld_fab_with_jtag_input:\instrumentation_fabric_with_node_gen:fabric_gen_new_way:with_jtag_input_gen:instrumentation_fabric|alt_sld_fab:instrumentation_fabric|alt_sld_fab_alt_sld_fab:alt_sld_fab|alt_sld_fab_alt_sld_fab_sldfabric:sldfabric|sld_jtag_hub:\jtag_hub_gen:real_sld_jtag_hub|design_hash_reg[0]                 ; sld_hub:auto_hub|alt_sld_fab_with_jtag_input:\instrumentation_fabric_with_node_gen:fabric_gen_new_way:with_jtag_input_gen:instrumentation_fabric|alt_sld_fab:instrumentation_fabric|alt_sld_fab_alt_sld_fab:alt_sld_fab|alt_sld_fab_alt_sld_fab_sldfabric:sldfabric|sld_jtag_hub:\jtag_hub_gen:real_sld_jtag_hub|tdo ; altera_reserved_tck ; altera_reserved_tck ; 50.000       ; 0.458      ; 1.258      ;
; 49.280 ; sld_hub:auto_hub|alt_sld_fab_with_jtag_input:\instrumentation_fabric_with_node_gen:fabric_gen_new_way:with_jtag_input_gen:instrumentation_fabric|alt_sld_fab:instrumentation_fabric|alt_sld_fab_alt_sld_fab:alt_sld_fab|alt_sld_fab_alt_sld_fab_sldfabric:sldfabric|sld_jtag_hub:\jtag_hub_gen:real_sld_jtag_hub|sld_shadow_jsm:shadow_jsm|state[8] ; sld_hub:auto_hub|alt_sld_fab_with_jtag_input:\instrumentation_fabric_with_node_gen:fabric_gen_new_way:with_jtag_input_gen:instrumentation_fabric|alt_sld_fab:instrumentation_fabric|alt_sld_fab_alt_sld_fab:alt_sld_fab|alt_sld_fab_alt_sld_fab_sldfabric:sldfabric|sld_jtag_hub:\jtag_hub_gen:real_sld_jtag_hub|tdo ; altera_reserved_tck ; altera_reserved_tck ; 50.000       ; 0.457      ; 1.184      ;
; 49.427 ; sld_hub:auto_hub|alt_sld_fab_with_jtag_input:\instrumentation_fabric_with_node_gen:fabric_gen_new_way:with_jtag_input_gen:instrumentation_fabric|alt_sld_fab:instrumentation_fabric|alt_sld_fab_alt_sld_fab:alt_sld_fab|alt_sld_fab_alt_sld_fab_sldfabric:sldfabric|sld_jtag_hub:\jtag_hub_gen:real_sld_jtag_hub|tdo_bypass_reg                     ; sld_hub:auto_hub|alt_sld_fab_with_jtag_input:\instrumentation_fabric_with_node_gen:fabric_gen_new_way:with_jtag_input_gen:instrumentation_fabric|alt_sld_fab:instrumentation_fabric|alt_sld_fab_alt_sld_fab:alt_sld_fab|alt_sld_fab_alt_sld_fab_sldfabric:sldfabric|sld_jtag_hub:\jtag_hub_gen:real_sld_jtag_hub|tdo ; altera_reserved_tck ; altera_reserved_tck ; 50.000       ; 0.457      ; 1.037      ;
; 49.501 ; sld_hub:auto_hub|alt_sld_fab_with_jtag_input:\instrumentation_fabric_with_node_gen:fabric_gen_new_way:with_jtag_input_gen:instrumentation_fabric|alt_sld_fab:instrumentation_fabric|alt_sld_fab_alt_sld_fab:alt_sld_fab|alt_sld_fab_alt_sld_fab_sldfabric:sldfabric|sld_jtag_hub:\jtag_hub_gen:real_sld_jtag_hub|virtual_ir_tdo_sel_reg[0]          ; sld_hub:auto_hub|alt_sld_fab_with_jtag_input:\instrumentation_fabric_with_node_gen:fabric_gen_new_way:with_jtag_input_gen:instrumentation_fabric|alt_sld_fab:instrumentation_fabric|alt_sld_fab_alt_sld_fab:alt_sld_fab|alt_sld_fab_alt_sld_fab_sldfabric:sldfabric|sld_jtag_hub:\jtag_hub_gen:real_sld_jtag_hub|tdo ; altera_reserved_tck ; altera_reserved_tck ; 50.000       ; 0.457      ; 0.963      ;
; 96.411 ; sld_hub:auto_hub|alt_sld_fab_with_jtag_input:\instrumentation_fabric_with_node_gen:fabric_gen_new_way:with_jtag_input_gen:instrumentation_fabric|alt_sld_fab:instrumentation_fabric|alt_sld_fab_alt_sld_fab:alt_sld_fab|alt_sld_fab_alt_sld_fab_sldfabric:sldfabric|sld_jtag_hub:\jtag_hub_gen:real_sld_jtag_hub|irf_reg[1][4]                      ; sld_signaltap:auto_signaltap_0|sld_signaltap_impl:sld_signaltap_body|sld_signaltap_implb:sld_signaltap_body|sld_offload_buffer_mgr:\stp_non_zero_depth_offload_gen:stp_offload_buff_mgr_inst|lpm_shiftreg:ram_data_shift_out|dffs[31]                                                                                ; altera_reserved_tck ; altera_reserved_tck ; 100.000      ; -0.039     ; 3.557      ;
; 96.445 ; sld_hub:auto_hub|alt_sld_fab_with_jtag_input:\instrumentation_fabric_with_node_gen:fabric_gen_new_way:with_jtag_input_gen:instrumentation_fabric|alt_sld_fab:instrumentation_fabric|alt_sld_fab_alt_sld_fab:alt_sld_fab|alt_sld_fab_alt_sld_fab_sldfabric:sldfabric|sld_jtag_hub:\jtag_hub_gen:real_sld_jtag_hub|irf_reg[1][4]                      ; sld_signaltap:auto_signaltap_0|sld_signaltap_impl:sld_signaltap_body|sld_signaltap_implb:sld_signaltap_body|sld_offload_buffer_mgr:\stp_non_zero_depth_offload_gen:stp_offload_buff_mgr_inst|lpm_shiftreg:ram_data_shift_out|dffs[30]                                                                                ; altera_reserved_tck ; altera_reserved_tck ; 100.000      ; -0.039     ; 3.523      ;
; 96.613 ; sld_hub:auto_hub|alt_sld_fab_with_jtag_input:\instrumentation_fabric_with_node_gen:fabric_gen_new_way:with_jtag_input_gen:instrumentation_fabric|alt_sld_fab:instrumentation_fabric|alt_sld_fab_alt_sld_fab:alt_sld_fab|alt_sld_fab_alt_sld_fab_sldfabric:sldfabric|sld_jtag_hub:\jtag_hub_gen:real_sld_jtag_hub|sld_shadow_jsm:shadow_jsm|state[4] ; sld_signaltap:auto_signaltap_0|sld_signaltap_impl:sld_signaltap_body|sld_signaltap_implb:sld_signaltap_body|sld_offload_buffer_mgr:\stp_non_zero_depth_offload_gen:stp_offload_buff_mgr_inst|lpm_shiftreg:status_data_shift_out|dffs[0]                                                                              ; altera_reserved_tck ; altera_reserved_tck ; 100.000      ; -0.037     ; 3.357      ;
; 96.620 ; sld_hub:auto_hub|alt_sld_fab_with_jtag_input:\instrumentation_fabric_with_node_gen:fabric_gen_new_way:with_jtag_input_gen:instrumentation_fabric|alt_sld_fab:instrumentation_fabric|alt_sld_fab_alt_sld_fab:alt_sld_fab|alt_sld_fab_alt_sld_fab_sldfabric:sldfabric|sld_jtag_hub:\jtag_hub_gen:real_sld_jtag_hub|sld_shadow_jsm:shadow_jsm|state[4] ; sld_signaltap:auto_signaltap_0|sld_signaltap_impl:sld_signaltap_body|sld_signaltap_implb:sld_signaltap_body|sld_offload_buffer_mgr:\stp_non_zero_depth_offload_gen:stp_offload_buff_mgr_inst|lpm_shiftreg:ram_data_shift_out|dffs[31]                                                                                ; altera_reserved_tck ; altera_reserved_tck ; 100.000      ; -0.042     ; 3.345      ;
; 96.628 ; sld_hub:auto_hub|alt_sld_fab_with_jtag_input:\instrumentation_fabric_with_node_gen:fabric_gen_new_way:with_jtag_input_gen:instrumentation_fabric|alt_sld_fab:instrumentation_fabric|alt_sld_fab_alt_sld_fab:alt_sld_fab|splitter_nodes_receive_0[3]                                                                                                 ; sld_signaltap:auto_signaltap_0|sld_signaltap_impl:sld_signaltap_body|sld_signaltap_implb:sld_signaltap_body|sld_offload_buffer_mgr:\stp_non_zero_depth_offload_gen:stp_offload_buff_mgr_inst|lpm_shiftreg:status_data_shift_out|dffs[0]                                                                              ; altera_reserved_tck ; altera_reserved_tck ; 100.000      ; -0.027     ; 3.352      ;
; 96.654 ; sld_hub:auto_hub|alt_sld_fab_with_jtag_input:\instrumentation_fabric_with_node_gen:fabric_gen_new_way:with_jtag_input_gen:instrumentation_fabric|alt_sld_fab:instrumentation_fabric|alt_sld_fab_alt_sld_fab:alt_sld_fab|alt_sld_fab_alt_sld_fab_sldfabric:sldfabric|sld_jtag_hub:\jtag_hub_gen:real_sld_jtag_hub|sld_shadow_jsm:shadow_jsm|state[4] ; sld_signaltap:auto_signaltap_0|sld_signaltap_impl:sld_signaltap_body|sld_signaltap_implb:sld_signaltap_body|sld_offload_buffer_mgr:\stp_non_zero_depth_offload_gen:stp_offload_buff_mgr_inst|lpm_shiftreg:ram_data_shift_out|dffs[30]                                                                                ; altera_reserved_tck ; altera_reserved_tck ; 100.000      ; -0.042     ; 3.311      ;
; 96.659 ; sld_hub:auto_hub|alt_sld_fab_with_jtag_input:\instrumentation_fabric_with_node_gen:fabric_gen_new_way:with_jtag_input_gen:instrumentation_fabric|alt_sld_fab:instrumentation_fabric|alt_sld_fab_alt_sld_fab:alt_sld_fab|alt_sld_fab_alt_sld_fab_sldfabric:sldfabric|sld_jtag_hub:\jtag_hub_gen:real_sld_jtag_hub|sld_shadow_jsm:shadow_jsm|state[3] ; sld_signaltap:auto_signaltap_0|sld_signaltap_impl:sld_signaltap_body|sld_signaltap_implb:sld_signaltap_body|sld_offload_buffer_mgr:\stp_non_zero_depth_offload_gen:stp_offload_buff_mgr_inst|lpm_counter:read_pointer_counter|cntr_i6j:auto_generated|counter_reg_bit[6]                                             ; altera_reserved_tck ; altera_reserved_tck ; 100.000      ; -0.046     ; 3.302      ;
; 96.659 ; sld_hub:auto_hub|alt_sld_fab_with_jtag_input:\instrumentation_fabric_with_node_gen:fabric_gen_new_way:with_jtag_input_gen:instrumentation_fabric|alt_sld_fab:instrumentation_fabric|alt_sld_fab_alt_sld_fab:alt_sld_fab|alt_sld_fab_alt_sld_fab_sldfabric:sldfabric|sld_jtag_hub:\jtag_hub_gen:real_sld_jtag_hub|sld_shadow_jsm:shadow_jsm|state[3] ; sld_signaltap:auto_signaltap_0|sld_signaltap_impl:sld_signaltap_body|sld_signaltap_implb:sld_signaltap_body|sld_offload_buffer_mgr:\stp_non_zero_depth_offload_gen:stp_offload_buff_mgr_inst|lpm_counter:read_pointer_counter|cntr_i6j:auto_generated|counter_reg_bit[5]                                             ; altera_reserved_tck ; altera_reserved_tck ; 100.000      ; -0.046     ; 3.302      ;
; 96.659 ; sld_hub:auto_hub|alt_sld_fab_with_jtag_input:\instrumentation_fabric_with_node_gen:fabric_gen_new_way:with_jtag_input_gen:instrumentation_fabric|alt_sld_fab:instrumentation_fabric|alt_sld_fab_alt_sld_fab:alt_sld_fab|alt_sld_fab_alt_sld_fab_sldfabric:sldfabric|sld_jtag_hub:\jtag_hub_gen:real_sld_jtag_hub|sld_shadow_jsm:shadow_jsm|state[3] ; sld_signaltap:auto_signaltap_0|sld_signaltap_impl:sld_signaltap_body|sld_signaltap_implb:sld_signaltap_body|sld_offload_buffer_mgr:\stp_non_zero_depth_offload_gen:stp_offload_buff_mgr_inst|lpm_counter:read_pointer_counter|cntr_i6j:auto_generated|counter_reg_bit[4]                                             ; altera_reserved_tck ; altera_reserved_tck ; 100.000      ; -0.046     ; 3.302      ;
; 96.659 ; sld_hub:auto_hub|alt_sld_fab_with_jtag_input:\instrumentation_fabric_with_node_gen:fabric_gen_new_way:with_jtag_input_gen:instrumentation_fabric|alt_sld_fab:instrumentation_fabric|alt_sld_fab_alt_sld_fab:alt_sld_fab|alt_sld_fab_alt_sld_fab_sldfabric:sldfabric|sld_jtag_hub:\jtag_hub_gen:real_sld_jtag_hub|sld_shadow_jsm:shadow_jsm|state[3] ; sld_signaltap:auto_signaltap_0|sld_signaltap_impl:sld_signaltap_body|sld_signaltap_implb:sld_signaltap_body|sld_offload_buffer_mgr:\stp_non_zero_depth_offload_gen:stp_offload_buff_mgr_inst|lpm_counter:read_pointer_counter|cntr_i6j:auto_generated|counter_reg_bit[3]                                             ; altera_reserved_tck ; altera_reserved_tck ; 100.000      ; -0.046     ; 3.302      ;
; 96.659 ; sld_hub:auto_hub|alt_sld_fab_with_jtag_input:\instrumentation_fabric_with_node_gen:fabric_gen_new_way:with_jtag_input_gen:instrumentation_fabric|alt_sld_fab:instrumentation_fabric|alt_sld_fab_alt_sld_fab:alt_sld_fab|alt_sld_fab_alt_sld_fab_sldfabric:sldfabric|sld_jtag_hub:\jtag_hub_gen:real_sld_jtag_hub|sld_shadow_jsm:shadow_jsm|state[3] ; sld_signaltap:auto_signaltap_0|sld_signaltap_impl:sld_signaltap_body|sld_signaltap_implb:sld_signaltap_body|sld_offload_buffer_mgr:\stp_non_zero_depth_offload_gen:stp_offload_buff_mgr_inst|lpm_counter:read_pointer_counter|cntr_i6j:auto_generated|counter_reg_bit[2]                                             ; altera_reserved_tck ; altera_reserved_tck ; 100.000      ; -0.046     ; 3.302      ;
; 96.659 ; sld_hub:auto_hub|alt_sld_fab_with_jtag_input:\instrumentation_fabric_with_node_gen:fabric_gen_new_way:with_jtag_input_gen:instrumentation_fabric|alt_sld_fab:instrumentation_fabric|alt_sld_fab_alt_sld_fab:alt_sld_fab|alt_sld_fab_alt_sld_fab_sldfabric:sldfabric|sld_jtag_hub:\jtag_hub_gen:real_sld_jtag_hub|sld_shadow_jsm:shadow_jsm|state[3] ; sld_signaltap:auto_signaltap_0|sld_signaltap_impl:sld_signaltap_body|sld_signaltap_implb:sld_signaltap_body|sld_offload_buffer_mgr:\stp_non_zero_depth_offload_gen:stp_offload_buff_mgr_inst|lpm_counter:read_pointer_counter|cntr_i6j:auto_generated|counter_reg_bit[1]                                             ; altera_reserved_tck ; altera_reserved_tck ; 100.000      ; -0.046     ; 3.302      ;
; 96.659 ; sld_hub:auto_hub|alt_sld_fab_with_jtag_input:\instrumentation_fabric_with_node_gen:fabric_gen_new_way:with_jtag_input_gen:instrumentation_fabric|alt_sld_fab:instrumentation_fabric|alt_sld_fab_alt_sld_fab:alt_sld_fab|alt_sld_fab_alt_sld_fab_sldfabric:sldfabric|sld_jtag_hub:\jtag_hub_gen:real_sld_jtag_hub|sld_shadow_jsm:shadow_jsm|state[3] ; sld_signaltap:auto_signaltap_0|sld_signaltap_impl:sld_signaltap_body|sld_signaltap_implb:sld_signaltap_body|sld_offload_buffer_mgr:\stp_non_zero_depth_offload_gen:stp_offload_buff_mgr_inst|lpm_counter:read_pointer_counter|cntr_i6j:auto_generated|counter_reg_bit[0]                                             ; altera_reserved_tck ; altera_reserved_tck ; 100.000      ; -0.046     ; 3.302      ;
; 96.671 ; sld_hub:auto_hub|alt_sld_fab_with_jtag_input:\instrumentation_fabric_with_node_gen:fabric_gen_new_way:with_jtag_input_gen:instrumentation_fabric|alt_sld_fab:instrumentation_fabric|alt_sld_fab_alt_sld_fab:alt_sld_fab|alt_sld_fab_alt_sld_fab_sldfabric:sldfabric|sld_jtag_hub:\jtag_hub_gen:real_sld_jtag_hub|irf_reg[1][4]                      ; sld_signaltap:auto_signaltap_0|sld_signaltap_impl:sld_signaltap_body|sld_signaltap_implb:sld_signaltap_body|sld_offload_buffer_mgr:\stp_non_zero_depth_offload_gen:stp_offload_buff_mgr_inst|lpm_shiftreg:ram_data_shift_out|dffs[17]                                                                                ; altera_reserved_tck ; altera_reserved_tck ; 100.000      ; -0.039     ; 3.297      ;
; 96.677 ; sld_hub:auto_hub|alt_sld_fab_with_jtag_input:\instrumentation_fabric_with_node_gen:fabric_gen_new_way:with_jtag_input_gen:instrumentation_fabric|alt_sld_fab:instrumentation_fabric|alt_sld_fab_alt_sld_fab:alt_sld_fab|alt_sld_fab_alt_sld_fab_sldfabric:sldfabric|sld_jtag_hub:\jtag_hub_gen:real_sld_jtag_hub|irf_reg[1][4]                      ; sld_signaltap:auto_signaltap_0|sld_signaltap_impl:sld_signaltap_body|sld_signaltap_implb:sld_signaltap_body|sld_offload_buffer_mgr:\stp_non_zero_depth_offload_gen:stp_offload_buff_mgr_inst|lpm_shiftreg:ram_data_shift_out|dffs[23]                                                                                ; altera_reserved_tck ; altera_reserved_tck ; 100.000      ; -0.039     ; 3.291      ;
; 96.678 ; sld_hub:auto_hub|alt_sld_fab_with_jtag_input:\instrumentation_fabric_with_node_gen:fabric_gen_new_way:with_jtag_input_gen:instrumentation_fabric|alt_sld_fab:instrumentation_fabric|alt_sld_fab_alt_sld_fab:alt_sld_fab|alt_sld_fab_alt_sld_fab_sldfabric:sldfabric|sld_jtag_hub:\jtag_hub_gen:real_sld_jtag_hub|irf_reg[1][4]                      ; sld_signaltap:auto_signaltap_0|sld_signaltap_impl:sld_signaltap_body|sld_signaltap_implb:sld_signaltap_body|sld_offload_buffer_mgr:\stp_non_zero_depth_offload_gen:stp_offload_buff_mgr_inst|lpm_shiftreg:ram_data_shift_out|dffs[28]                                                                                ; altera_reserved_tck ; altera_reserved_tck ; 100.000      ; -0.039     ; 3.290      ;
; 96.686 ; sld_hub:auto_hub|alt_sld_fab_with_jtag_input:\instrumentation_fabric_with_node_gen:fabric_gen_new_way:with_jtag_input_gen:instrumentation_fabric|alt_sld_fab:instrumentation_fabric|alt_sld_fab_alt_sld_fab:alt_sld_fab|alt_sld_fab_alt_sld_fab_sldfabric:sldfabric|sld_jtag_hub:\jtag_hub_gen:real_sld_jtag_hub|irf_reg[1][4]                      ; sld_signaltap:auto_signaltap_0|sld_signaltap_impl:sld_signaltap_body|sld_signaltap_implb:sld_signaltap_body|sld_offload_buffer_mgr:\stp_non_zero_depth_offload_gen:stp_offload_buff_mgr_inst|lpm_shiftreg:ram_data_shift_out|dffs[24]                                                                                ; altera_reserved_tck ; altera_reserved_tck ; 100.000      ; -0.039     ; 3.282      ;
; 96.687 ; sld_hub:auto_hub|alt_sld_fab_with_jtag_input:\instrumentation_fabric_with_node_gen:fabric_gen_new_way:with_jtag_input_gen:instrumentation_fabric|alt_sld_fab:instrumentation_fabric|alt_sld_fab_alt_sld_fab:alt_sld_fab|alt_sld_fab_alt_sld_fab_sldfabric:sldfabric|sld_jtag_hub:\jtag_hub_gen:real_sld_jtag_hub|irf_reg[1][4]                      ; sld_signaltap:auto_signaltap_0|sld_signaltap_impl:sld_signaltap_body|sld_signaltap_implb:sld_signaltap_body|sld_offload_buffer_mgr:\stp_non_zero_depth_offload_gen:stp_offload_buff_mgr_inst|lpm_shiftreg:ram_data_shift_out|dffs[29]                                                                                ; altera_reserved_tck ; altera_reserved_tck ; 100.000      ; -0.039     ; 3.281      ;
; 96.690 ; sld_hub:auto_hub|alt_sld_fab_with_jtag_input:\instrumentation_fabric_with_node_gen:fabric_gen_new_way:with_jtag_input_gen:instrumentation_fabric|alt_sld_fab:instrumentation_fabric|alt_sld_fab_alt_sld_fab:alt_sld_fab|alt_sld_fab_alt_sld_fab_sldfabric:sldfabric|sld_jtag_hub:\jtag_hub_gen:real_sld_jtag_hub|irf_reg[1][4]                      ; sld_signaltap:auto_signaltap_0|sld_signaltap_impl:sld_signaltap_body|sld_signaltap_implb:sld_signaltap_body|sld_offload_buffer_mgr:\stp_non_zero_depth_offload_gen:stp_offload_buff_mgr_inst|lpm_shiftreg:ram_data_shift_out|dffs[19]                                                                                ; altera_reserved_tck ; altera_reserved_tck ; 100.000      ; -0.039     ; 3.278      ;
; 96.691 ; sld_hub:auto_hub|alt_sld_fab_with_jtag_input:\instrumentation_fabric_with_node_gen:fabric_gen_new_way:with_jtag_input_gen:instrumentation_fabric|alt_sld_fab:instrumentation_fabric|alt_sld_fab_alt_sld_fab:alt_sld_fab|alt_sld_fab_alt_sld_fab_sldfabric:sldfabric|sld_jtag_hub:\jtag_hub_gen:real_sld_jtag_hub|irf_reg[1][4]                      ; sld_signaltap:auto_signaltap_0|sld_signaltap_impl:sld_signaltap_body|sld_signaltap_implb:sld_signaltap_body|sld_offload_buffer_mgr:\stp_non_zero_depth_offload_gen:stp_offload_buff_mgr_inst|lpm_shiftreg:ram_data_shift_out|dffs[16]                                                                                ; altera_reserved_tck ; altera_reserved_tck ; 100.000      ; -0.039     ; 3.277      ;
; 96.693 ; sld_hub:auto_hub|alt_sld_fab_with_jtag_input:\instrumentation_fabric_with_node_gen:fabric_gen_new_way:with_jtag_input_gen:instrumentation_fabric|alt_sld_fab:instrumentation_fabric|alt_sld_fab_alt_sld_fab:alt_sld_fab|alt_sld_fab_alt_sld_fab_sldfabric:sldfabric|sld_jtag_hub:\jtag_hub_gen:real_sld_jtag_hub|irf_reg[1][4]                      ; sld_signaltap:auto_signaltap_0|sld_signaltap_impl:sld_signaltap_body|sld_signaltap_implb:sld_signaltap_body|sld_offload_buffer_mgr:\stp_non_zero_depth_offload_gen:stp_offload_buff_mgr_inst|lpm_shiftreg:ram_data_shift_out|dffs[21]                                                                                ; altera_reserved_tck ; altera_reserved_tck ; 100.000      ; -0.039     ; 3.275      ;
; 96.694 ; sld_hub:auto_hub|alt_sld_fab_with_jtag_input:\instrumentation_fabric_with_node_gen:fabric_gen_new_way:with_jtag_input_gen:instrumentation_fabric|alt_sld_fab:instrumentation_fabric|alt_sld_fab_alt_sld_fab:alt_sld_fab|alt_sld_fab_alt_sld_fab_sldfabric:sldfabric|sld_jtag_hub:\jtag_hub_gen:real_sld_jtag_hub|irf_reg[1][4]                      ; sld_signaltap:auto_signaltap_0|sld_signaltap_impl:sld_signaltap_body|sld_signaltap_implb:sld_signaltap_body|sld_offload_buffer_mgr:\stp_non_zero_depth_offload_gen:stp_offload_buff_mgr_inst|lpm_shiftreg:ram_data_shift_out|dffs[22]                                                                                ; altera_reserved_tck ; altera_reserved_tck ; 100.000      ; -0.039     ; 3.274      ;
; 96.700 ; sld_hub:auto_hub|alt_sld_fab_with_jtag_input:\instrumentation_fabric_with_node_gen:fabric_gen_new_way:with_jtag_input_gen:instrumentation_fabric|alt_sld_fab:instrumentation_fabric|alt_sld_fab_alt_sld_fab:alt_sld_fab|alt_sld_fab_alt_sld_fab_sldfabric:sldfabric|sld_jtag_hub:\jtag_hub_gen:real_sld_jtag_hub|irf_reg[1][4]                      ; sld_signaltap:auto_signaltap_0|sld_signaltap_impl:sld_signaltap_body|sld_signaltap_implb:sld_signaltap_body|sld_offload_buffer_mgr:\stp_non_zero_depth_offload_gen:stp_offload_buff_mgr_inst|lpm_shiftreg:ram_data_shift_out|dffs[27]                                                                                ; altera_reserved_tck ; altera_reserved_tck ; 100.000      ; -0.039     ; 3.268      ;
; 96.722 ; sld_hub:auto_hub|alt_sld_fab_with_jtag_input:\instrumentation_fabric_with_node_gen:fabric_gen_new_way:with_jtag_input_gen:instrumentation_fabric|alt_sld_fab:instrumentation_fabric|alt_sld_fab_alt_sld_fab:alt_sld_fab|alt_sld_fab_alt_sld_fab_sldfabric:sldfabric|sld_jtag_hub:\jtag_hub_gen:real_sld_jtag_hub|irf_reg[1][4]                      ; sld_signaltap:auto_signaltap_0|sld_signaltap_impl:sld_signaltap_body|sld_signaltap_implb:sld_signaltap_body|sld_offload_buffer_mgr:\stp_non_zero_depth_offload_gen:stp_offload_buff_mgr_inst|lpm_shiftreg:ram_data_shift_out|dffs[2]                                                                                 ; altera_reserved_tck ; altera_reserved_tck ; 100.000      ; -0.043     ; 3.242      ;
; 96.723 ; sld_hub:auto_hub|alt_sld_fab_with_jtag_input:\instrumentation_fabric_with_node_gen:fabric_gen_new_way:with_jtag_input_gen:instrumentation_fabric|alt_sld_fab:instrumentation_fabric|alt_sld_fab_alt_sld_fab:alt_sld_fab|alt_sld_fab_alt_sld_fab_sldfabric:sldfabric|sld_jtag_hub:\jtag_hub_gen:real_sld_jtag_hub|sld_shadow_jsm:shadow_jsm|state[4] ; sld_signaltap:auto_signaltap_0|sld_signaltap_impl:sld_signaltap_body|sld_signaltap_implb:sld_signaltap_body|sld_offload_buffer_mgr:\stp_non_zero_depth_offload_gen:stp_offload_buff_mgr_inst|lpm_counter:read_pointer_counter|cntr_i6j:auto_generated|counter_reg_bit[6]                                             ; altera_reserved_tck ; altera_reserved_tck ; 100.000      ; -0.046     ; 3.238      ;
; 96.723 ; sld_hub:auto_hub|alt_sld_fab_with_jtag_input:\instrumentation_fabric_with_node_gen:fabric_gen_new_way:with_jtag_input_gen:instrumentation_fabric|alt_sld_fab:instrumentation_fabric|alt_sld_fab_alt_sld_fab:alt_sld_fab|alt_sld_fab_alt_sld_fab_sldfabric:sldfabric|sld_jtag_hub:\jtag_hub_gen:real_sld_jtag_hub|sld_shadow_jsm:shadow_jsm|state[4] ; sld_signaltap:auto_signaltap_0|sld_signaltap_impl:sld_signaltap_body|sld_signaltap_implb:sld_signaltap_body|sld_offload_buffer_mgr:\stp_non_zero_depth_offload_gen:stp_offload_buff_mgr_inst|lpm_counter:read_pointer_counter|cntr_i6j:auto_generated|counter_reg_bit[5]                                             ; altera_reserved_tck ; altera_reserved_tck ; 100.000      ; -0.046     ; 3.238      ;
; 96.723 ; sld_hub:auto_hub|alt_sld_fab_with_jtag_input:\instrumentation_fabric_with_node_gen:fabric_gen_new_way:with_jtag_input_gen:instrumentation_fabric|alt_sld_fab:instrumentation_fabric|alt_sld_fab_alt_sld_fab:alt_sld_fab|alt_sld_fab_alt_sld_fab_sldfabric:sldfabric|sld_jtag_hub:\jtag_hub_gen:real_sld_jtag_hub|sld_shadow_jsm:shadow_jsm|state[4] ; sld_signaltap:auto_signaltap_0|sld_signaltap_impl:sld_signaltap_body|sld_signaltap_implb:sld_signaltap_body|sld_offload_buffer_mgr:\stp_non_zero_depth_offload_gen:stp_offload_buff_mgr_inst|lpm_counter:read_pointer_counter|cntr_i6j:auto_generated|counter_reg_bit[4]                                             ; altera_reserved_tck ; altera_reserved_tck ; 100.000      ; -0.046     ; 3.238      ;
; 96.723 ; sld_hub:auto_hub|alt_sld_fab_with_jtag_input:\instrumentation_fabric_with_node_gen:fabric_gen_new_way:with_jtag_input_gen:instrumentation_fabric|alt_sld_fab:instrumentation_fabric|alt_sld_fab_alt_sld_fab:alt_sld_fab|alt_sld_fab_alt_sld_fab_sldfabric:sldfabric|sld_jtag_hub:\jtag_hub_gen:real_sld_jtag_hub|sld_shadow_jsm:shadow_jsm|state[4] ; sld_signaltap:auto_signaltap_0|sld_signaltap_impl:sld_signaltap_body|sld_signaltap_implb:sld_signaltap_body|sld_offload_buffer_mgr:\stp_non_zero_depth_offload_gen:stp_offload_buff_mgr_inst|lpm_counter:read_pointer_counter|cntr_i6j:auto_generated|counter_reg_bit[3]                                             ; altera_reserved_tck ; altera_reserved_tck ; 100.000      ; -0.046     ; 3.238      ;
; 96.723 ; sld_hub:auto_hub|alt_sld_fab_with_jtag_input:\instrumentation_fabric_with_node_gen:fabric_gen_new_way:with_jtag_input_gen:instrumentation_fabric|alt_sld_fab:instrumentation_fabric|alt_sld_fab_alt_sld_fab:alt_sld_fab|alt_sld_fab_alt_sld_fab_sldfabric:sldfabric|sld_jtag_hub:\jtag_hub_gen:real_sld_jtag_hub|sld_shadow_jsm:shadow_jsm|state[4] ; sld_signaltap:auto_signaltap_0|sld_signaltap_impl:sld_signaltap_body|sld_signaltap_implb:sld_signaltap_body|sld_offload_buffer_mgr:\stp_non_zero_depth_offload_gen:stp_offload_buff_mgr_inst|lpm_counter:read_pointer_counter|cntr_i6j:auto_generated|counter_reg_bit[2]                                             ; altera_reserved_tck ; altera_reserved_tck ; 100.000      ; -0.046     ; 3.238      ;
; 96.723 ; sld_hub:auto_hub|alt_sld_fab_with_jtag_input:\instrumentation_fabric_with_node_gen:fabric_gen_new_way:with_jtag_input_gen:instrumentation_fabric|alt_sld_fab:instrumentation_fabric|alt_sld_fab_alt_sld_fab:alt_sld_fab|alt_sld_fab_alt_sld_fab_sldfabric:sldfabric|sld_jtag_hub:\jtag_hub_gen:real_sld_jtag_hub|sld_shadow_jsm:shadow_jsm|state[4] ; sld_signaltap:auto_signaltap_0|sld_signaltap_impl:sld_signaltap_body|sld_signaltap_implb:sld_signaltap_body|sld_offload_buffer_mgr:\stp_non_zero_depth_offload_gen:stp_offload_buff_mgr_inst|lpm_counter:read_pointer_counter|cntr_i6j:auto_generated|counter_reg_bit[1]                                             ; altera_reserved_tck ; altera_reserved_tck ; 100.000      ; -0.046     ; 3.238      ;
; 96.723 ; sld_hub:auto_hub|alt_sld_fab_with_jtag_input:\instrumentation_fabric_with_node_gen:fabric_gen_new_way:with_jtag_input_gen:instrumentation_fabric|alt_sld_fab:instrumentation_fabric|alt_sld_fab_alt_sld_fab:alt_sld_fab|alt_sld_fab_alt_sld_fab_sldfabric:sldfabric|sld_jtag_hub:\jtag_hub_gen:real_sld_jtag_hub|sld_shadow_jsm:shadow_jsm|state[4] ; sld_signaltap:auto_signaltap_0|sld_signaltap_impl:sld_signaltap_body|sld_signaltap_implb:sld_signaltap_body|sld_offload_buffer_mgr:\stp_non_zero_depth_offload_gen:stp_offload_buff_mgr_inst|lpm_counter:read_pointer_counter|cntr_i6j:auto_generated|counter_reg_bit[0]                                             ; altera_reserved_tck ; altera_reserved_tck ; 100.000      ; -0.046     ; 3.238      ;
; 96.730 ; sld_hub:auto_hub|alt_sld_fab_with_jtag_input:\instrumentation_fabric_with_node_gen:fabric_gen_new_way:with_jtag_input_gen:instrumentation_fabric|alt_sld_fab:instrumentation_fabric|alt_sld_fab_alt_sld_fab:alt_sld_fab|alt_sld_fab_alt_sld_fab_sldfabric:sldfabric|sld_jtag_hub:\jtag_hub_gen:real_sld_jtag_hub|irf_reg[1][4]                      ; sld_signaltap:auto_signaltap_0|sld_signaltap_impl:sld_signaltap_body|sld_signaltap_implb:sld_signaltap_body|sld_offload_buffer_mgr:\stp_non_zero_depth_offload_gen:stp_offload_buff_mgr_inst|lpm_shiftreg:ram_data_shift_out|dffs[13]                                                                                ; altera_reserved_tck ; altera_reserved_tck ; 100.000      ; -0.043     ; 3.234      ;
; 96.734 ; sld_hub:auto_hub|alt_sld_fab_with_jtag_input:\instrumentation_fabric_with_node_gen:fabric_gen_new_way:with_jtag_input_gen:instrumentation_fabric|alt_sld_fab:instrumentation_fabric|alt_sld_fab_alt_sld_fab:alt_sld_fab|alt_sld_fab_alt_sld_fab_sldfabric:sldfabric|sld_jtag_hub:\jtag_hub_gen:real_sld_jtag_hub|irf_reg[1][4]                      ; sld_signaltap:auto_signaltap_0|sld_signaltap_impl:sld_signaltap_body|sld_signaltap_implb:sld_signaltap_body|sld_offload_buffer_mgr:\stp_non_zero_depth_offload_gen:stp_offload_buff_mgr_inst|lpm_shiftreg:ram_data_shift_out|dffs[0]                                                                                 ; altera_reserved_tck ; altera_reserved_tck ; 100.000      ; -0.043     ; 3.230      ;
; 96.735 ; sld_hub:auto_hub|alt_sld_fab_with_jtag_input:\instrumentation_fabric_with_node_gen:fabric_gen_new_way:with_jtag_input_gen:instrumentation_fabric|alt_sld_fab:instrumentation_fabric|alt_sld_fab_alt_sld_fab:alt_sld_fab|alt_sld_fab_alt_sld_fab_sldfabric:sldfabric|sld_jtag_hub:\jtag_hub_gen:real_sld_jtag_hub|irf_reg[1][4]                      ; sld_signaltap:auto_signaltap_0|sld_signaltap_impl:sld_signaltap_body|sld_signaltap_implb:sld_signaltap_body|sld_offload_buffer_mgr:\stp_non_zero_depth_offload_gen:stp_offload_buff_mgr_inst|lpm_shiftreg:ram_data_shift_out|dffs[5]                                                                                 ; altera_reserved_tck ; altera_reserved_tck ; 100.000      ; -0.043     ; 3.229      ;
; 96.738 ; sld_hub:auto_hub|alt_sld_fab_with_jtag_input:\instrumentation_fabric_with_node_gen:fabric_gen_new_way:with_jtag_input_gen:instrumentation_fabric|alt_sld_fab:instrumentation_fabric|alt_sld_fab_alt_sld_fab:alt_sld_fab|alt_sld_fab_alt_sld_fab_sldfabric:sldfabric|sld_jtag_hub:\jtag_hub_gen:real_sld_jtag_hub|irf_reg[1][4]                      ; sld_signaltap:auto_signaltap_0|sld_signaltap_impl:sld_signaltap_body|sld_signaltap_implb:sld_signaltap_body|sld_offload_buffer_mgr:\stp_non_zero_depth_offload_gen:stp_offload_buff_mgr_inst|lpm_shiftreg:ram_data_shift_out|dffs[3]                                                                                 ; altera_reserved_tck ; altera_reserved_tck ; 100.000      ; -0.043     ; 3.226      ;
; 96.738 ; sld_hub:auto_hub|alt_sld_fab_with_jtag_input:\instrumentation_fabric_with_node_gen:fabric_gen_new_way:with_jtag_input_gen:instrumentation_fabric|alt_sld_fab:instrumentation_fabric|alt_sld_fab_alt_sld_fab:alt_sld_fab|alt_sld_fab_alt_sld_fab_sldfabric:sldfabric|sld_jtag_hub:\jtag_hub_gen:real_sld_jtag_hub|irf_reg[1][4]                      ; sld_signaltap:auto_signaltap_0|sld_signaltap_impl:sld_signaltap_body|sld_signaltap_implb:sld_signaltap_body|sld_offload_buffer_mgr:\stp_non_zero_depth_offload_gen:stp_offload_buff_mgr_inst|lpm_shiftreg:ram_data_shift_out|dffs[7]                                                                                 ; altera_reserved_tck ; altera_reserved_tck ; 100.000      ; -0.043     ; 3.226      ;
; 96.742 ; sld_hub:auto_hub|alt_sld_fab_with_jtag_input:\instrumentation_fabric_with_node_gen:fabric_gen_new_way:with_jtag_input_gen:instrumentation_fabric|alt_sld_fab:instrumentation_fabric|alt_sld_fab_alt_sld_fab:alt_sld_fab|alt_sld_fab_alt_sld_fab_sldfabric:sldfabric|sld_jtag_hub:\jtag_hub_gen:real_sld_jtag_hub|irf_reg[1][4]                      ; sld_signaltap:auto_signaltap_0|sld_signaltap_impl:sld_signaltap_body|sld_signaltap_implb:sld_signaltap_body|sld_offload_buffer_mgr:\stp_non_zero_depth_offload_gen:stp_offload_buff_mgr_inst|lpm_shiftreg:ram_data_shift_out|dffs[6]                                                                                 ; altera_reserved_tck ; altera_reserved_tck ; 100.000      ; -0.043     ; 3.222      ;
; 96.743 ; sld_hub:auto_hub|alt_sld_fab_with_jtag_input:\instrumentation_fabric_with_node_gen:fabric_gen_new_way:with_jtag_input_gen:instrumentation_fabric|alt_sld_fab:instrumentation_fabric|alt_sld_fab_alt_sld_fab:alt_sld_fab|alt_sld_fab_alt_sld_fab_sldfabric:sldfabric|sld_jtag_hub:\jtag_hub_gen:real_sld_jtag_hub|irf_reg[1][4]                      ; sld_signaltap:auto_signaltap_0|sld_signaltap_impl:sld_signaltap_body|sld_signaltap_implb:sld_signaltap_body|sld_offload_buffer_mgr:\stp_non_zero_depth_offload_gen:stp_offload_buff_mgr_inst|lpm_shiftreg:ram_data_shift_out|dffs[9]                                                                                 ; altera_reserved_tck ; altera_reserved_tck ; 100.000      ; -0.043     ; 3.221      ;
; 96.743 ; sld_hub:auto_hub|alt_sld_fab_with_jtag_input:\instrumentation_fabric_with_node_gen:fabric_gen_new_way:with_jtag_input_gen:instrumentation_fabric|alt_sld_fab:instrumentation_fabric|alt_sld_fab_alt_sld_fab:alt_sld_fab|alt_sld_fab_alt_sld_fab_sldfabric:sldfabric|sld_jtag_hub:\jtag_hub_gen:real_sld_jtag_hub|irf_reg[1][4]                      ; sld_signaltap:auto_signaltap_0|sld_signaltap_impl:sld_signaltap_body|sld_signaltap_implb:sld_signaltap_body|sld_offload_buffer_mgr:\stp_non_zero_depth_offload_gen:stp_offload_buff_mgr_inst|lpm_shiftreg:ram_data_shift_out|dffs[11]                                                                                ; altera_reserved_tck ; altera_reserved_tck ; 100.000      ; -0.043     ; 3.221      ;
; 96.745 ; sld_hub:auto_hub|alt_sld_fab_with_jtag_input:\instrumentation_fabric_with_node_gen:fabric_gen_new_way:with_jtag_input_gen:instrumentation_fabric|alt_sld_fab:instrumentation_fabric|alt_sld_fab_alt_sld_fab:alt_sld_fab|alt_sld_fab_alt_sld_fab_sldfabric:sldfabric|sld_jtag_hub:\jtag_hub_gen:real_sld_jtag_hub|irf_reg[1][4]                      ; sld_signaltap:auto_signaltap_0|sld_signaltap_impl:sld_signaltap_body|sld_signaltap_implb:sld_signaltap_body|sld_offload_buffer_mgr:\stp_non_zero_depth_offload_gen:stp_offload_buff_mgr_inst|lpm_shiftreg:ram_data_shift_out|dffs[15]                                                                                ; altera_reserved_tck ; altera_reserved_tck ; 100.000      ; -0.043     ; 3.219      ;
; 96.747 ; sld_hub:auto_hub|alt_sld_fab_with_jtag_input:\instrumentation_fabric_with_node_gen:fabric_gen_new_way:with_jtag_input_gen:instrumentation_fabric|alt_sld_fab:instrumentation_fabric|alt_sld_fab_alt_sld_fab:alt_sld_fab|alt_sld_fab_alt_sld_fab_sldfabric:sldfabric|sld_jtag_hub:\jtag_hub_gen:real_sld_jtag_hub|irf_reg[1][4]                      ; sld_signaltap:auto_signaltap_0|sld_signaltap_impl:sld_signaltap_body|sld_signaltap_implb:sld_signaltap_body|sld_offload_buffer_mgr:\stp_non_zero_depth_offload_gen:stp_offload_buff_mgr_inst|lpm_shiftreg:ram_data_shift_out|dffs[8]                                                                                 ; altera_reserved_tck ; altera_reserved_tck ; 100.000      ; -0.043     ; 3.217      ;
; 96.753 ; sld_hub:auto_hub|alt_sld_fab_with_jtag_input:\instrumentation_fabric_with_node_gen:fabric_gen_new_way:with_jtag_input_gen:instrumentation_fabric|alt_sld_fab:instrumentation_fabric|alt_sld_fab_alt_sld_fab:alt_sld_fab|alt_sld_fab_alt_sld_fab_sldfabric:sldfabric|sld_jtag_hub:\jtag_hub_gen:real_sld_jtag_hub|irf_reg[1][4]                      ; sld_signaltap:auto_signaltap_0|sld_signaltap_impl:sld_signaltap_body|sld_signaltap_implb:sld_signaltap_body|sld_offload_buffer_mgr:\stp_non_zero_depth_offload_gen:stp_offload_buff_mgr_inst|lpm_shiftreg:ram_data_shift_out|dffs[1]                                                                                 ; altera_reserved_tck ; altera_reserved_tck ; 100.000      ; -0.043     ; 3.211      ;
; 96.755 ; sld_hub:auto_hub|alt_sld_fab_with_jtag_input:\instrumentation_fabric_with_node_gen:fabric_gen_new_way:with_jtag_input_gen:instrumentation_fabric|alt_sld_fab:instrumentation_fabric|alt_sld_fab_alt_sld_fab:alt_sld_fab|alt_sld_fab_alt_sld_fab_sldfabric:sldfabric|sld_jtag_hub:\jtag_hub_gen:real_sld_jtag_hub|irf_reg[1][4]                      ; sld_signaltap:auto_signaltap_0|sld_signaltap_impl:sld_signaltap_body|sld_signaltap_implb:sld_signaltap_body|sld_offload_buffer_mgr:\stp_non_zero_depth_offload_gen:stp_offload_buff_mgr_inst|lpm_shiftreg:ram_data_shift_out|dffs[14]                                                                                ; altera_reserved_tck ; altera_reserved_tck ; 100.000      ; -0.043     ; 3.209      ;
; 96.770 ; sld_hub:auto_hub|alt_sld_fab_with_jtag_input:\instrumentation_fabric_with_node_gen:fabric_gen_new_way:with_jtag_input_gen:instrumentation_fabric|alt_sld_fab:instrumentation_fabric|alt_sld_fab_alt_sld_fab:alt_sld_fab|alt_sld_fab_alt_sld_fab_sldfabric:sldfabric|sld_jtag_hub:\jtag_hub_gen:real_sld_jtag_hub|irf_reg[1][4]                      ; sld_signaltap:auto_signaltap_0|sld_signaltap_impl:sld_signaltap_body|sld_signaltap_implb:sld_signaltap_body|sld_offload_buffer_mgr:\stp_non_zero_depth_offload_gen:stp_offload_buff_mgr_inst|lpm_shiftreg:ram_data_shift_out|dffs[35]                                                                                ; altera_reserved_tck ; altera_reserved_tck ; 100.000      ; -0.041     ; 3.196      ;
; 96.780 ; sld_hub:auto_hub|alt_sld_fab_with_jtag_input:\instrumentation_fabric_with_node_gen:fabric_gen_new_way:with_jtag_input_gen:instrumentation_fabric|alt_sld_fab:instrumentation_fabric|alt_sld_fab_alt_sld_fab:alt_sld_fab|alt_sld_fab_alt_sld_fab_sldfabric:sldfabric|sld_jtag_hub:\jtag_hub_gen:real_sld_jtag_hub|irf_reg[1][4]                      ; sld_signaltap:auto_signaltap_0|sld_signaltap_impl:sld_signaltap_body|sld_signaltap_implb:sld_signaltap_body|sld_offload_buffer_mgr:\stp_non_zero_depth_offload_gen:stp_offload_buff_mgr_inst|lpm_shiftreg:ram_data_shift_out|dffs[33]                                                                                ; altera_reserved_tck ; altera_reserved_tck ; 100.000      ; -0.041     ; 3.186      ;
; 96.780 ; sld_hub:auto_hub|alt_sld_fab_with_jtag_input:\instrumentation_fabric_with_node_gen:fabric_gen_new_way:with_jtag_input_gen:instrumentation_fabric|alt_sld_fab:instrumentation_fabric|alt_sld_fab_alt_sld_fab:alt_sld_fab|alt_sld_fab_alt_sld_fab_sldfabric:sldfabric|sld_jtag_hub:\jtag_hub_gen:real_sld_jtag_hub|irf_reg[1][4]                      ; sld_signaltap:auto_signaltap_0|sld_signaltap_impl:sld_signaltap_body|sld_signaltap_implb:sld_signaltap_body|sld_offload_buffer_mgr:\stp_non_zero_depth_offload_gen:stp_offload_buff_mgr_inst|lpm_shiftreg:ram_data_shift_out|dffs[34]                                                                                ; altera_reserved_tck ; altera_reserved_tck ; 100.000      ; -0.041     ; 3.186      ;
; 96.784 ; sld_hub:auto_hub|alt_sld_fab_with_jtag_input:\instrumentation_fabric_with_node_gen:fabric_gen_new_way:with_jtag_input_gen:instrumentation_fabric|alt_sld_fab:instrumentation_fabric|alt_sld_fab_alt_sld_fab:alt_sld_fab|alt_sld_fab_alt_sld_fab_sldfabric:sldfabric|sld_jtag_hub:\jtag_hub_gen:real_sld_jtag_hub|irf_reg[1][4]                      ; sld_signaltap:auto_signaltap_0|sld_signaltap_impl:sld_signaltap_body|sld_signaltap_implb:sld_signaltap_body|sld_offload_buffer_mgr:\stp_non_zero_depth_offload_gen:stp_offload_buff_mgr_inst|lpm_shiftreg:ram_data_shift_out|dffs[32]                                                                                ; altera_reserved_tck ; altera_reserved_tck ; 100.000      ; -0.041     ; 3.182      ;
; 96.836 ; sld_hub:auto_hub|alt_sld_fab_with_jtag_input:\instrumentation_fabric_with_node_gen:fabric_gen_new_way:with_jtag_input_gen:instrumentation_fabric|alt_sld_fab:instrumentation_fabric|alt_sld_fab_alt_sld_fab:alt_sld_fab|alt_sld_fab_alt_sld_fab_sldfabric:sldfabric|sld_jtag_hub:\jtag_hub_gen:real_sld_jtag_hub|irf_reg[1][4]                      ; sld_signaltap:auto_signaltap_0|sld_signaltap_impl:sld_signaltap_body|sld_signaltap_implb:sld_signaltap_body|sld_offload_buffer_mgr:\stp_non_zero_depth_offload_gen:stp_offload_buff_mgr_inst|lpm_shiftreg:ram_data_shift_out|dffs[20]                                                                                ; altera_reserved_tck ; altera_reserved_tck ; 100.000      ; -0.039     ; 3.132      ;
; 96.838 ; sld_hub:auto_hub|alt_sld_fab_with_jtag_input:\instrumentation_fabric_with_node_gen:fabric_gen_new_way:with_jtag_input_gen:instrumentation_fabric|alt_sld_fab:instrumentation_fabric|alt_sld_fab_alt_sld_fab:alt_sld_fab|alt_sld_fab_alt_sld_fab_sldfabric:sldfabric|sld_jtag_hub:\jtag_hub_gen:real_sld_jtag_hub|irf_reg[1][4]                      ; sld_signaltap:auto_signaltap_0|sld_signaltap_impl:sld_signaltap_body|sld_signaltap_implb:sld_signaltap_body|sld_offload_buffer_mgr:\stp_non_zero_depth_offload_gen:stp_offload_buff_mgr_inst|lpm_shiftreg:ram_data_shift_out|dffs[25]                                                                                ; altera_reserved_tck ; altera_reserved_tck ; 100.000      ; -0.039     ; 3.130      ;
; 96.839 ; sld_hub:auto_hub|alt_sld_fab_with_jtag_input:\instrumentation_fabric_with_node_gen:fabric_gen_new_way:with_jtag_input_gen:instrumentation_fabric|alt_sld_fab:instrumentation_fabric|alt_sld_fab_alt_sld_fab:alt_sld_fab|alt_sld_fab_alt_sld_fab_sldfabric:sldfabric|sld_jtag_hub:\jtag_hub_gen:real_sld_jtag_hub|irf_reg[1][4]                      ; sld_signaltap:auto_signaltap_0|sld_signaltap_impl:sld_signaltap_body|sld_signaltap_implb:sld_signaltap_body|sld_offload_buffer_mgr:\stp_non_zero_depth_offload_gen:stp_offload_buff_mgr_inst|lpm_shiftreg:ram_data_shift_out|dffs[26]                                                                                ; altera_reserved_tck ; altera_reserved_tck ; 100.000      ; -0.039     ; 3.129      ;
; 96.844 ; sld_hub:auto_hub|alt_sld_fab_with_jtag_input:\instrumentation_fabric_with_node_gen:fabric_gen_new_way:with_jtag_input_gen:instrumentation_fabric|alt_sld_fab:instrumentation_fabric|alt_sld_fab_alt_sld_fab:alt_sld_fab|alt_sld_fab_alt_sld_fab_sldfabric:sldfabric|sld_jtag_hub:\jtag_hub_gen:real_sld_jtag_hub|irf_reg[1][4]                      ; sld_signaltap:auto_signaltap_0|sld_signaltap_impl:sld_signaltap_body|sld_signaltap_implb:sld_signaltap_body|sld_offload_buffer_mgr:\stp_non_zero_depth_offload_gen:stp_offload_buff_mgr_inst|lpm_shiftreg:ram_data_shift_out|dffs[18]                                                                                ; altera_reserved_tck ; altera_reserved_tck ; 100.000      ; -0.039     ; 3.124      ;
; 96.855 ; sld_signaltap:auto_signaltap_0|sld_signaltap_impl:sld_signaltap_body|sld_signaltap_implb:sld_signaltap_body|tdo_crc_len_reg[6]                                                                                                                                                                                                                      ; sld_signaltap:auto_signaltap_0|sld_signaltap_impl:sld_signaltap_body|sld_signaltap_implb:sld_signaltap_body|tdo_crc_len_reg[31]                                                                                                                                                                                      ; altera_reserved_tck ; altera_reserved_tck ; 100.000      ; -0.039     ; 3.113      ;
; 96.855 ; sld_signaltap:auto_signaltap_0|sld_signaltap_impl:sld_signaltap_body|sld_signaltap_implb:sld_signaltap_body|tdo_crc_len_reg[6]                                                                                                                                                                                                                      ; sld_signaltap:auto_signaltap_0|sld_signaltap_impl:sld_signaltap_body|sld_signaltap_implb:sld_signaltap_body|tdo_crc_len_reg[30]                                                                                                                                                                                      ; altera_reserved_tck ; altera_reserved_tck ; 100.000      ; -0.039     ; 3.113      ;
; 96.855 ; sld_signaltap:auto_signaltap_0|sld_signaltap_impl:sld_signaltap_body|sld_signaltap_implb:sld_signaltap_body|tdo_crc_len_reg[6]                                                                                                                                                                                                                      ; sld_signaltap:auto_signaltap_0|sld_signaltap_impl:sld_signaltap_body|sld_signaltap_implb:sld_signaltap_body|tdo_crc_len_reg[29]                                                                                                                                                                                      ; altera_reserved_tck ; altera_reserved_tck ; 100.000      ; -0.039     ; 3.113      ;
; 96.855 ; sld_signaltap:auto_signaltap_0|sld_signaltap_impl:sld_signaltap_body|sld_signaltap_implb:sld_signaltap_body|tdo_crc_len_reg[6]                                                                                                                                                                                                                      ; sld_signaltap:auto_signaltap_0|sld_signaltap_impl:sld_signaltap_body|sld_signaltap_implb:sld_signaltap_body|tdo_crc_len_reg[28]                                                                                                                                                                                      ; altera_reserved_tck ; altera_reserved_tck ; 100.000      ; -0.039     ; 3.113      ;
; 96.855 ; sld_signaltap:auto_signaltap_0|sld_signaltap_impl:sld_signaltap_body|sld_signaltap_implb:sld_signaltap_body|tdo_crc_len_reg[6]                                                                                                                                                                                                                      ; sld_signaltap:auto_signaltap_0|sld_signaltap_impl:sld_signaltap_body|sld_signaltap_implb:sld_signaltap_body|tdo_crc_len_reg[27]                                                                                                                                                                                      ; altera_reserved_tck ; altera_reserved_tck ; 100.000      ; -0.039     ; 3.113      ;
; 96.855 ; sld_signaltap:auto_signaltap_0|sld_signaltap_impl:sld_signaltap_body|sld_signaltap_implb:sld_signaltap_body|tdo_crc_len_reg[6]                                                                                                                                                                                                                      ; sld_signaltap:auto_signaltap_0|sld_signaltap_impl:sld_signaltap_body|sld_signaltap_implb:sld_signaltap_body|tdo_crc_len_reg[26]                                                                                                                                                                                      ; altera_reserved_tck ; altera_reserved_tck ; 100.000      ; -0.039     ; 3.113      ;
; 96.855 ; sld_signaltap:auto_signaltap_0|sld_signaltap_impl:sld_signaltap_body|sld_signaltap_implb:sld_signaltap_body|tdo_crc_len_reg[6]                                                                                                                                                                                                                      ; sld_signaltap:auto_signaltap_0|sld_signaltap_impl:sld_signaltap_body|sld_signaltap_implb:sld_signaltap_body|tdo_crc_len_reg[25]                                                                                                                                                                                      ; altera_reserved_tck ; altera_reserved_tck ; 100.000      ; -0.039     ; 3.113      ;
; 96.855 ; sld_signaltap:auto_signaltap_0|sld_signaltap_impl:sld_signaltap_body|sld_signaltap_implb:sld_signaltap_body|tdo_crc_len_reg[6]                                                                                                                                                                                                                      ; sld_signaltap:auto_signaltap_0|sld_signaltap_impl:sld_signaltap_body|sld_signaltap_implb:sld_signaltap_body|tdo_crc_len_reg[24]                                                                                                                                                                                      ; altera_reserved_tck ; altera_reserved_tck ; 100.000      ; -0.039     ; 3.113      ;
; 96.855 ; sld_signaltap:auto_signaltap_0|sld_signaltap_impl:sld_signaltap_body|sld_signaltap_implb:sld_signaltap_body|tdo_crc_len_reg[6]                                                                                                                                                                                                                      ; sld_signaltap:auto_signaltap_0|sld_signaltap_impl:sld_signaltap_body|sld_signaltap_implb:sld_signaltap_body|tdo_crc_len_reg[23]                                                                                                                                                                                      ; altera_reserved_tck ; altera_reserved_tck ; 100.000      ; -0.039     ; 3.113      ;
; 96.855 ; sld_signaltap:auto_signaltap_0|sld_signaltap_impl:sld_signaltap_body|sld_signaltap_implb:sld_signaltap_body|tdo_crc_len_reg[6]                                                                                                                                                                                                                      ; sld_signaltap:auto_signaltap_0|sld_signaltap_impl:sld_signaltap_body|sld_signaltap_implb:sld_signaltap_body|tdo_crc_len_reg[22]                                                                                                                                                                                      ; altera_reserved_tck ; altera_reserved_tck ; 100.000      ; -0.039     ; 3.113      ;
; 96.855 ; sld_signaltap:auto_signaltap_0|sld_signaltap_impl:sld_signaltap_body|sld_signaltap_implb:sld_signaltap_body|tdo_crc_len_reg[6]                                                                                                                                                                                                                      ; sld_signaltap:auto_signaltap_0|sld_signaltap_impl:sld_signaltap_body|sld_signaltap_implb:sld_signaltap_body|tdo_crc_len_reg[21]                                                                                                                                                                                      ; altera_reserved_tck ; altera_reserved_tck ; 100.000      ; -0.039     ; 3.113      ;
; 96.855 ; sld_signaltap:auto_signaltap_0|sld_signaltap_impl:sld_signaltap_body|sld_signaltap_implb:sld_signaltap_body|tdo_crc_len_reg[6]                                                                                                                                                                                                                      ; sld_signaltap:auto_signaltap_0|sld_signaltap_impl:sld_signaltap_body|sld_signaltap_implb:sld_signaltap_body|tdo_crc_len_reg[20]                                                                                                                                                                                      ; altera_reserved_tck ; altera_reserved_tck ; 100.000      ; -0.039     ; 3.113      ;
; 96.855 ; sld_signaltap:auto_signaltap_0|sld_signaltap_impl:sld_signaltap_body|sld_signaltap_implb:sld_signaltap_body|tdo_crc_len_reg[6]                                                                                                                                                                                                                      ; sld_signaltap:auto_signaltap_0|sld_signaltap_impl:sld_signaltap_body|sld_signaltap_implb:sld_signaltap_body|tdo_crc_len_reg[16]                                                                                                                                                                                      ; altera_reserved_tck ; altera_reserved_tck ; 100.000      ; -0.039     ; 3.113      ;
; 96.855 ; sld_signaltap:auto_signaltap_0|sld_signaltap_impl:sld_signaltap_body|sld_signaltap_implb:sld_signaltap_body|tdo_crc_len_reg[6]                                                                                                                                                                                                                      ; sld_signaltap:auto_signaltap_0|sld_signaltap_impl:sld_signaltap_body|sld_signaltap_implb:sld_signaltap_body|tdo_crc_len_reg[17]                                                                                                                                                                                      ; altera_reserved_tck ; altera_reserved_tck ; 100.000      ; -0.039     ; 3.113      ;
; 96.855 ; sld_signaltap:auto_signaltap_0|sld_signaltap_impl:sld_signaltap_body|sld_signaltap_implb:sld_signaltap_body|tdo_crc_len_reg[6]                                                                                                                                                                                                                      ; sld_signaltap:auto_signaltap_0|sld_signaltap_impl:sld_signaltap_body|sld_signaltap_implb:sld_signaltap_body|tdo_crc_len_reg[18]                                                                                                                                                                                      ; altera_reserved_tck ; altera_reserved_tck ; 100.000      ; -0.039     ; 3.113      ;
; 96.855 ; sld_signaltap:auto_signaltap_0|sld_signaltap_impl:sld_signaltap_body|sld_signaltap_implb:sld_signaltap_body|tdo_crc_len_reg[6]                                                                                                                                                                                                                      ; sld_signaltap:auto_signaltap_0|sld_signaltap_impl:sld_signaltap_body|sld_signaltap_implb:sld_signaltap_body|tdo_crc_len_reg[19]                                                                                                                                                                                      ; altera_reserved_tck ; altera_reserved_tck ; 100.000      ; -0.039     ; 3.113      ;
; 96.858 ; sld_hub:auto_hub|alt_sld_fab_with_jtag_input:\instrumentation_fabric_with_node_gen:fabric_gen_new_way:with_jtag_input_gen:instrumentation_fabric|alt_sld_fab:instrumentation_fabric|alt_sld_fab_alt_sld_fab:alt_sld_fab|alt_sld_fab_alt_sld_fab_sldfabric:sldfabric|sld_jtag_hub:\jtag_hub_gen:real_sld_jtag_hub|virtual_ir_scan_reg                ; sld_signaltap:auto_signaltap_0|sld_signaltap_impl:sld_signaltap_body|sld_signaltap_implb:sld_signaltap_body|sld_offload_buffer_mgr:\stp_non_zero_depth_offload_gen:stp_offload_buff_mgr_inst|lpm_shiftreg:status_data_shift_out|dffs[0]                                                                              ; altera_reserved_tck ; altera_reserved_tck ; 100.000      ; -0.034     ; 3.115      ;
; 96.859 ; sld_signaltap:auto_signaltap_0|sld_signaltap_impl:sld_signaltap_body|sld_signaltap_implb:sld_signaltap_body|tdo_crc_len_reg[5]                                                                                                                                                                                                                      ; sld_signaltap:auto_signaltap_0|sld_signaltap_impl:sld_signaltap_body|sld_signaltap_implb:sld_signaltap_body|tdo_crc_len_reg[31]                                                                                                                                                                                      ; altera_reserved_tck ; altera_reserved_tck ; 100.000      ; -0.039     ; 3.109      ;
; 96.859 ; sld_signaltap:auto_signaltap_0|sld_signaltap_impl:sld_signaltap_body|sld_signaltap_implb:sld_signaltap_body|tdo_crc_len_reg[5]                                                                                                                                                                                                                      ; sld_signaltap:auto_signaltap_0|sld_signaltap_impl:sld_signaltap_body|sld_signaltap_implb:sld_signaltap_body|tdo_crc_len_reg[30]                                                                                                                                                                                      ; altera_reserved_tck ; altera_reserved_tck ; 100.000      ; -0.039     ; 3.109      ;
+--------+-----------------------------------------------------------------------------------------------------------------------------------------------------------------------------------------------------------------------------------------------------------------------------------------------------------------------------------------------------+----------------------------------------------------------------------------------------------------------------------------------------------------------------------------------------------------------------------------------------------------------------------------------------------------------------------+---------------------+---------------------+--------------+------------+------------+


+------------------------------------------------------------------------------------------------------------------------------------------------------------------------------------------------------------------------------------------------------------------------------------------------------------------------------------------------------------------------------------------------------------------------------------------------------------------------------------------------------------------------------------------------------------------------------------------------------------------------------------------------------------------------------------------------------------------------------------------------------------------------------------------------------------+
; Fast 1200mV 0C Model Hold: 'altera_reserved_tck'                                                                                                                                                                                                                                                                                                                                                                                                                                                                                                                                                                                                                                                                                                                                                           ;
+-------+-------------------------------------------------------------------------------------------------------------------------------------------------------------------------------------------------------------------------------------------------------------------------------------------------------------------------------------------------------+-------------------------------------------------------------------------------------------------------------------------------------------------------------------------------------------------------------------------------------------------------------------------------------------------------------------------------------------------------+---------------------+---------------------+--------------+------------+------------+
; Slack ; From Node                                                                                                                                                                                                                                                                                                                                             ; To Node                                                                                                                                                                                                                                                                                                                                               ; Launch Clock        ; Latch Clock         ; Relationship ; Clock Skew ; Data Delay ;
+-------+-------------------------------------------------------------------------------------------------------------------------------------------------------------------------------------------------------------------------------------------------------------------------------------------------------------------------------------------------------+-------------------------------------------------------------------------------------------------------------------------------------------------------------------------------------------------------------------------------------------------------------------------------------------------------------------------------------------------------+---------------------+---------------------+--------------+------------+------------+
; 0.186 ; sld_signaltap:auto_signaltap_0|sld_signaltap_impl:sld_signaltap_body|sld_signaltap_implb:sld_signaltap_body|bypass_reg_out                                                                                                                                                                                                                            ; sld_signaltap:auto_signaltap_0|sld_signaltap_impl:sld_signaltap_body|sld_signaltap_implb:sld_signaltap_body|bypass_reg_out                                                                                                                                                                                                                            ; altera_reserved_tck ; altera_reserved_tck ; 0.000        ; 0.037      ; 0.307      ;
; 0.186 ; sld_hub:auto_hub|alt_sld_fab_with_jtag_input:\instrumentation_fabric_with_node_gen:fabric_gen_new_way:with_jtag_input_gen:instrumentation_fabric|alt_sld_fab:instrumentation_fabric|alt_sld_fab_alt_sld_fab:alt_sld_fab|alt_sld_fab_alt_sld_fab_sldfabric:sldfabric|sld_jtag_hub:\jtag_hub_gen:real_sld_jtag_hub|hub_mode_reg[1]                      ; sld_hub:auto_hub|alt_sld_fab_with_jtag_input:\instrumentation_fabric_with_node_gen:fabric_gen_new_way:with_jtag_input_gen:instrumentation_fabric|alt_sld_fab:instrumentation_fabric|alt_sld_fab_alt_sld_fab:alt_sld_fab|alt_sld_fab_alt_sld_fab_sldfabric:sldfabric|sld_jtag_hub:\jtag_hub_gen:real_sld_jtag_hub|hub_mode_reg[1]                      ; altera_reserved_tck ; altera_reserved_tck ; 0.000        ; 0.037      ; 0.307      ;
; 0.186 ; sld_hub:auto_hub|alt_sld_fab_with_jtag_input:\instrumentation_fabric_with_node_gen:fabric_gen_new_way:with_jtag_input_gen:instrumentation_fabric|alt_sld_fab:instrumentation_fabric|alt_sld_fab_alt_sld_fab:alt_sld_fab|alt_sld_fab_alt_sld_fab_sldfabric:sldfabric|sld_jtag_hub:\jtag_hub_gen:real_sld_jtag_hub|hub_mode_reg[2]                      ; sld_hub:auto_hub|alt_sld_fab_with_jtag_input:\instrumentation_fabric_with_node_gen:fabric_gen_new_way:with_jtag_input_gen:instrumentation_fabric|alt_sld_fab:instrumentation_fabric|alt_sld_fab_alt_sld_fab:alt_sld_fab|alt_sld_fab_alt_sld_fab_sldfabric:sldfabric|sld_jtag_hub:\jtag_hub_gen:real_sld_jtag_hub|hub_mode_reg[2]                      ; altera_reserved_tck ; altera_reserved_tck ; 0.000        ; 0.037      ; 0.307      ;
; 0.186 ; sld_hub:auto_hub|alt_sld_fab_with_jtag_input:\instrumentation_fabric_with_node_gen:fabric_gen_new_way:with_jtag_input_gen:instrumentation_fabric|alt_sld_fab:instrumentation_fabric|alt_sld_fab_alt_sld_fab:alt_sld_fab|alt_sld_fab_alt_sld_fab_sldfabric:sldfabric|sld_jtag_hub:\jtag_hub_gen:real_sld_jtag_hub|irsr_reg[3]                          ; sld_hub:auto_hub|alt_sld_fab_with_jtag_input:\instrumentation_fabric_with_node_gen:fabric_gen_new_way:with_jtag_input_gen:instrumentation_fabric|alt_sld_fab:instrumentation_fabric|alt_sld_fab_alt_sld_fab:alt_sld_fab|alt_sld_fab_alt_sld_fab_sldfabric:sldfabric|sld_jtag_hub:\jtag_hub_gen:real_sld_jtag_hub|irsr_reg[3]                          ; altera_reserved_tck ; altera_reserved_tck ; 0.000        ; 0.037      ; 0.307      ;
; 0.186 ; sld_hub:auto_hub|alt_sld_fab_with_jtag_input:\instrumentation_fabric_with_node_gen:fabric_gen_new_way:with_jtag_input_gen:instrumentation_fabric|alt_sld_fab:instrumentation_fabric|alt_sld_fab_alt_sld_fab:alt_sld_fab|alt_sld_fab_alt_sld_fab_sldfabric:sldfabric|sld_jtag_hub:\jtag_hub_gen:real_sld_jtag_hub|irsr_reg[10]                         ; sld_hub:auto_hub|alt_sld_fab_with_jtag_input:\instrumentation_fabric_with_node_gen:fabric_gen_new_way:with_jtag_input_gen:instrumentation_fabric|alt_sld_fab:instrumentation_fabric|alt_sld_fab_alt_sld_fab:alt_sld_fab|alt_sld_fab_alt_sld_fab_sldfabric:sldfabric|sld_jtag_hub:\jtag_hub_gen:real_sld_jtag_hub|irsr_reg[10]                         ; altera_reserved_tck ; altera_reserved_tck ; 0.000        ; 0.037      ; 0.307      ;
; 0.186 ; sld_hub:auto_hub|alt_sld_fab_with_jtag_input:\instrumentation_fabric_with_node_gen:fabric_gen_new_way:with_jtag_input_gen:instrumentation_fabric|alt_sld_fab:instrumentation_fabric|alt_sld_fab_alt_sld_fab:alt_sld_fab|alt_sld_fab_alt_sld_fab_sldfabric:sldfabric|sld_jtag_hub:\jtag_hub_gen:real_sld_jtag_hub|sld_shadow_jsm:shadow_jsm|tms_cnt[2] ; sld_hub:auto_hub|alt_sld_fab_with_jtag_input:\instrumentation_fabric_with_node_gen:fabric_gen_new_way:with_jtag_input_gen:instrumentation_fabric|alt_sld_fab:instrumentation_fabric|alt_sld_fab_alt_sld_fab:alt_sld_fab|alt_sld_fab_alt_sld_fab_sldfabric:sldfabric|sld_jtag_hub:\jtag_hub_gen:real_sld_jtag_hub|sld_shadow_jsm:shadow_jsm|tms_cnt[2] ; altera_reserved_tck ; altera_reserved_tck ; 0.000        ; 0.037      ; 0.307      ;
; 0.186 ; sld_hub:auto_hub|alt_sld_fab_with_jtag_input:\instrumentation_fabric_with_node_gen:fabric_gen_new_way:with_jtag_input_gen:instrumentation_fabric|alt_sld_fab:instrumentation_fabric|alt_sld_fab_alt_sld_fab:alt_sld_fab|alt_sld_fab_alt_sld_fab_sldfabric:sldfabric|sld_jtag_hub:\jtag_hub_gen:real_sld_jtag_hub|sld_shadow_jsm:shadow_jsm|tms_cnt[1] ; sld_hub:auto_hub|alt_sld_fab_with_jtag_input:\instrumentation_fabric_with_node_gen:fabric_gen_new_way:with_jtag_input_gen:instrumentation_fabric|alt_sld_fab:instrumentation_fabric|alt_sld_fab_alt_sld_fab:alt_sld_fab|alt_sld_fab_alt_sld_fab_sldfabric:sldfabric|sld_jtag_hub:\jtag_hub_gen:real_sld_jtag_hub|sld_shadow_jsm:shadow_jsm|tms_cnt[1] ; altera_reserved_tck ; altera_reserved_tck ; 0.000        ; 0.037      ; 0.307      ;
; 0.186 ; sld_hub:auto_hub|alt_sld_fab_with_jtag_input:\instrumentation_fabric_with_node_gen:fabric_gen_new_way:with_jtag_input_gen:instrumentation_fabric|alt_sld_fab:instrumentation_fabric|alt_sld_fab_alt_sld_fab:alt_sld_fab|alt_sld_fab_alt_sld_fab_sldfabric:sldfabric|sld_jtag_hub:\jtag_hub_gen:real_sld_jtag_hub|sld_shadow_jsm:shadow_jsm|state[4]   ; sld_hub:auto_hub|alt_sld_fab_with_jtag_input:\instrumentation_fabric_with_node_gen:fabric_gen_new_way:with_jtag_input_gen:instrumentation_fabric|alt_sld_fab:instrumentation_fabric|alt_sld_fab_alt_sld_fab:alt_sld_fab|alt_sld_fab_alt_sld_fab_sldfabric:sldfabric|sld_jtag_hub:\jtag_hub_gen:real_sld_jtag_hub|sld_shadow_jsm:shadow_jsm|state[4]   ; altera_reserved_tck ; altera_reserved_tck ; 0.000        ; 0.037      ; 0.307      ;
; 0.186 ; sld_hub:auto_hub|alt_sld_fab_with_jtag_input:\instrumentation_fabric_with_node_gen:fabric_gen_new_way:with_jtag_input_gen:instrumentation_fabric|alt_sld_fab:instrumentation_fabric|alt_sld_fab_alt_sld_fab:alt_sld_fab|alt_sld_fab_alt_sld_fab_sldfabric:sldfabric|sld_jtag_hub:\jtag_hub_gen:real_sld_jtag_hub|sld_shadow_jsm:shadow_jsm|state[6]   ; sld_hub:auto_hub|alt_sld_fab_with_jtag_input:\instrumentation_fabric_with_node_gen:fabric_gen_new_way:with_jtag_input_gen:instrumentation_fabric|alt_sld_fab:instrumentation_fabric|alt_sld_fab_alt_sld_fab:alt_sld_fab|alt_sld_fab_alt_sld_fab_sldfabric:sldfabric|sld_jtag_hub:\jtag_hub_gen:real_sld_jtag_hub|sld_shadow_jsm:shadow_jsm|state[6]   ; altera_reserved_tck ; altera_reserved_tck ; 0.000        ; 0.037      ; 0.307      ;
; 0.187 ; sld_signaltap:auto_signaltap_0|sld_signaltap_impl:sld_signaltap_body|sld_signaltap_implb:sld_signaltap_body|serial_crc_16:\tdo_crc_gen:tdo_crc_calc|lfsr[0]                                                                                                                                                                                           ; sld_signaltap:auto_signaltap_0|sld_signaltap_impl:sld_signaltap_body|sld_signaltap_implb:sld_signaltap_body|serial_crc_16:\tdo_crc_gen:tdo_crc_calc|lfsr[0]                                                                                                                                                                                           ; altera_reserved_tck ; altera_reserved_tck ; 0.000        ; 0.036      ; 0.307      ;
; 0.187 ; sld_signaltap:auto_signaltap_0|sld_signaltap_impl:sld_signaltap_body|sld_signaltap_implb:sld_signaltap_body|sld_rom_sr:crc_rom_sr|word_counter[3]                                                                                                                                                                                                     ; sld_signaltap:auto_signaltap_0|sld_signaltap_impl:sld_signaltap_body|sld_signaltap_implb:sld_signaltap_body|sld_rom_sr:crc_rom_sr|word_counter[3]                                                                                                                                                                                                     ; altera_reserved_tck ; altera_reserved_tck ; 0.000        ; 0.036      ; 0.307      ;
; 0.187 ; sld_signaltap:auto_signaltap_0|sld_signaltap_impl:sld_signaltap_body|sld_signaltap_implb:sld_signaltap_body|sld_rom_sr:crc_rom_sr|word_counter[1]                                                                                                                                                                                                     ; sld_signaltap:auto_signaltap_0|sld_signaltap_impl:sld_signaltap_body|sld_signaltap_implb:sld_signaltap_body|sld_rom_sr:crc_rom_sr|word_counter[1]                                                                                                                                                                                                     ; altera_reserved_tck ; altera_reserved_tck ; 0.000        ; 0.036      ; 0.307      ;
; 0.187 ; sld_signaltap:auto_signaltap_0|sld_signaltap_impl:sld_signaltap_body|sld_signaltap_implb:sld_signaltap_body|sld_rom_sr:crc_rom_sr|word_counter[2]                                                                                                                                                                                                     ; sld_signaltap:auto_signaltap_0|sld_signaltap_impl:sld_signaltap_body|sld_signaltap_implb:sld_signaltap_body|sld_rom_sr:crc_rom_sr|word_counter[2]                                                                                                                                                                                                     ; altera_reserved_tck ; altera_reserved_tck ; 0.000        ; 0.036      ; 0.307      ;
; 0.187 ; sld_hub:auto_hub|alt_sld_fab_with_jtag_input:\instrumentation_fabric_with_node_gen:fabric_gen_new_way:with_jtag_input_gen:instrumentation_fabric|alt_sld_fab:instrumentation_fabric|alt_sld_fab_alt_sld_fab:alt_sld_fab|splitter_nodes_receive_0[3]                                                                                                   ; sld_hub:auto_hub|alt_sld_fab_with_jtag_input:\instrumentation_fabric_with_node_gen:fabric_gen_new_way:with_jtag_input_gen:instrumentation_fabric|alt_sld_fab:instrumentation_fabric|alt_sld_fab_alt_sld_fab:alt_sld_fab|splitter_nodes_receive_0[3]                                                                                                   ; altera_reserved_tck ; altera_reserved_tck ; 0.000        ; 0.036      ; 0.307      ;
; 0.187 ; sld_hub:auto_hub|alt_sld_fab_with_jtag_input:\instrumentation_fabric_with_node_gen:fabric_gen_new_way:with_jtag_input_gen:instrumentation_fabric|alt_sld_fab:instrumentation_fabric|alt_sld_fab_alt_sld_fab:alt_sld_fab|alt_sld_fab_alt_sld_fab_sldfabric:sldfabric|sld_jtag_hub:\jtag_hub_gen:real_sld_jtag_hub|tdo_bypass_reg                       ; sld_hub:auto_hub|alt_sld_fab_with_jtag_input:\instrumentation_fabric_with_node_gen:fabric_gen_new_way:with_jtag_input_gen:instrumentation_fabric|alt_sld_fab:instrumentation_fabric|alt_sld_fab_alt_sld_fab:alt_sld_fab|alt_sld_fab_alt_sld_fab_sldfabric:sldfabric|sld_jtag_hub:\jtag_hub_gen:real_sld_jtag_hub|tdo_bypass_reg                       ; altera_reserved_tck ; altera_reserved_tck ; 0.000        ; 0.036      ; 0.307      ;
; 0.187 ; sld_hub:auto_hub|alt_sld_fab_with_jtag_input:\instrumentation_fabric_with_node_gen:fabric_gen_new_way:with_jtag_input_gen:instrumentation_fabric|alt_sld_fab:instrumentation_fabric|alt_sld_fab_alt_sld_fab:alt_sld_fab|alt_sld_fab_alt_sld_fab_sldfabric:sldfabric|sld_jtag_hub:\jtag_hub_gen:real_sld_jtag_hub|sld_shadow_jsm:shadow_jsm|state[11]  ; sld_hub:auto_hub|alt_sld_fab_with_jtag_input:\instrumentation_fabric_with_node_gen:fabric_gen_new_way:with_jtag_input_gen:instrumentation_fabric|alt_sld_fab:instrumentation_fabric|alt_sld_fab_alt_sld_fab:alt_sld_fab|alt_sld_fab_alt_sld_fab_sldfabric:sldfabric|sld_jtag_hub:\jtag_hub_gen:real_sld_jtag_hub|sld_shadow_jsm:shadow_jsm|state[11]  ; altera_reserved_tck ; altera_reserved_tck ; 0.000        ; 0.036      ; 0.307      ;
; 0.187 ; sld_hub:auto_hub|alt_sld_fab_with_jtag_input:\instrumentation_fabric_with_node_gen:fabric_gen_new_way:with_jtag_input_gen:instrumentation_fabric|alt_sld_fab:instrumentation_fabric|alt_sld_fab_alt_sld_fab:alt_sld_fab|alt_sld_fab_alt_sld_fab_sldfabric:sldfabric|sld_jtag_hub:\jtag_hub_gen:real_sld_jtag_hub|sld_shadow_jsm:shadow_jsm|state[13]  ; sld_hub:auto_hub|alt_sld_fab_with_jtag_input:\instrumentation_fabric_with_node_gen:fabric_gen_new_way:with_jtag_input_gen:instrumentation_fabric|alt_sld_fab:instrumentation_fabric|alt_sld_fab_alt_sld_fab:alt_sld_fab|alt_sld_fab_alt_sld_fab_sldfabric:sldfabric|sld_jtag_hub:\jtag_hub_gen:real_sld_jtag_hub|sld_shadow_jsm:shadow_jsm|state[13]  ; altera_reserved_tck ; altera_reserved_tck ; 0.000        ; 0.036      ; 0.307      ;
; 0.187 ; sld_hub:auto_hub|alt_sld_fab_with_jtag_input:\instrumentation_fabric_with_node_gen:fabric_gen_new_way:with_jtag_input_gen:instrumentation_fabric|alt_sld_fab:instrumentation_fabric|alt_sld_fab_alt_sld_fab:alt_sld_fab|alt_sld_fab_alt_sld_fab_sldfabric:sldfabric|sld_jtag_hub:\jtag_hub_gen:real_sld_jtag_hub|sld_shadow_jsm:shadow_jsm|state[0]   ; sld_hub:auto_hub|alt_sld_fab_with_jtag_input:\instrumentation_fabric_with_node_gen:fabric_gen_new_way:with_jtag_input_gen:instrumentation_fabric|alt_sld_fab:instrumentation_fabric|alt_sld_fab_alt_sld_fab:alt_sld_fab|alt_sld_fab_alt_sld_fab_sldfabric:sldfabric|sld_jtag_hub:\jtag_hub_gen:real_sld_jtag_hub|sld_shadow_jsm:shadow_jsm|state[0]   ; altera_reserved_tck ; altera_reserved_tck ; 0.000        ; 0.036      ; 0.307      ;
; 0.187 ; sld_hub:auto_hub|alt_sld_fab_with_jtag_input:\instrumentation_fabric_with_node_gen:fabric_gen_new_way:with_jtag_input_gen:instrumentation_fabric|alt_sld_fab:instrumentation_fabric|alt_sld_fab_alt_sld_fab:alt_sld_fab|alt_sld_fab_alt_sld_fab_sldfabric:sldfabric|sld_jtag_hub:\jtag_hub_gen:real_sld_jtag_hub|sld_shadow_jsm:shadow_jsm|state[1]   ; sld_hub:auto_hub|alt_sld_fab_with_jtag_input:\instrumentation_fabric_with_node_gen:fabric_gen_new_way:with_jtag_input_gen:instrumentation_fabric|alt_sld_fab:instrumentation_fabric|alt_sld_fab_alt_sld_fab:alt_sld_fab|alt_sld_fab_alt_sld_fab_sldfabric:sldfabric|sld_jtag_hub:\jtag_hub_gen:real_sld_jtag_hub|sld_shadow_jsm:shadow_jsm|state[1]   ; altera_reserved_tck ; altera_reserved_tck ; 0.000        ; 0.036      ; 0.307      ;
; 0.192 ; sld_signaltap:auto_signaltap_0|sld_signaltap_impl:sld_signaltap_body|sld_signaltap_implb:sld_signaltap_body|sld_offload_buffer_mgr:\stp_non_zero_depth_offload_gen:stp_offload_buff_mgr_inst|lpm_shiftreg:status_data_shift_out|dffs[2]                                                                                                               ; sld_signaltap:auto_signaltap_0|sld_signaltap_impl:sld_signaltap_body|sld_signaltap_implb:sld_signaltap_body|sld_offload_buffer_mgr:\stp_non_zero_depth_offload_gen:stp_offload_buff_mgr_inst|lpm_shiftreg:status_data_shift_out|dffs[1]                                                                                                               ; altera_reserved_tck ; altera_reserved_tck ; 0.000        ; 0.037      ; 0.313      ;
; 0.192 ; sld_signaltap:auto_signaltap_0|sld_signaltap_impl:sld_signaltap_body|sld_signaltap_implb:sld_signaltap_body|sld_offload_buffer_mgr:\stp_non_zero_depth_offload_gen:stp_offload_buff_mgr_inst|lpm_shiftreg:info_data_shift_out|dffs[4]                                                                                                                 ; sld_signaltap:auto_signaltap_0|sld_signaltap_impl:sld_signaltap_body|sld_signaltap_implb:sld_signaltap_body|sld_offload_buffer_mgr:\stp_non_zero_depth_offload_gen:stp_offload_buff_mgr_inst|lpm_shiftreg:info_data_shift_out|dffs[3]                                                                                                                 ; altera_reserved_tck ; altera_reserved_tck ; 0.000        ; 0.037      ; 0.313      ;
; 0.192 ; sld_signaltap:auto_signaltap_0|sld_signaltap_impl:sld_signaltap_body|sld_signaltap_implb:sld_signaltap_body|sld_ela_control:ela_control|sld_ela_trigger_flow_mgr:\builtin:ela_trigger_flow_mgr_entity|lpm_shiftreg:trigger_config_deserialize|dffs[2]                                                                                                 ; sld_signaltap:auto_signaltap_0|sld_signaltap_impl:sld_signaltap_body|sld_signaltap_implb:sld_signaltap_body|sld_ela_control:ela_control|sld_ela_trigger_flow_mgr:\builtin:ela_trigger_flow_mgr_entity|lpm_shiftreg:trigger_config_deserialize|dffs[1]                                                                                                 ; altera_reserved_tck ; altera_reserved_tck ; 0.000        ; 0.037      ; 0.313      ;
; 0.193 ; sld_signaltap:auto_signaltap_0|sld_signaltap_impl:sld_signaltap_body|sld_signaltap_implb:sld_signaltap_body|lpm_shiftreg:status_register|dffs[2]                                                                                                                                                                                                      ; sld_signaltap:auto_signaltap_0|sld_signaltap_impl:sld_signaltap_body|sld_signaltap_implb:sld_signaltap_body|lpm_shiftreg:status_register|dffs[1]                                                                                                                                                                                                      ; altera_reserved_tck ; altera_reserved_tck ; 0.000        ; 0.037      ; 0.314      ;
; 0.193 ; sld_signaltap:auto_signaltap_0|sld_signaltap_impl:sld_signaltap_body|sld_signaltap_implb:sld_signaltap_body|lpm_shiftreg:status_register|dffs[14]                                                                                                                                                                                                     ; sld_signaltap:auto_signaltap_0|sld_signaltap_impl:sld_signaltap_body|sld_signaltap_implb:sld_signaltap_body|lpm_shiftreg:status_register|dffs[13]                                                                                                                                                                                                     ; altera_reserved_tck ; altera_reserved_tck ; 0.000        ; 0.037      ; 0.314      ;
; 0.193 ; sld_signaltap:auto_signaltap_0|sld_signaltap_impl:sld_signaltap_body|sld_signaltap_implb:sld_signaltap_body|altdpram:\stp_non_zero_ram_gen:attribute_mem_gen:attribute_mem|xq[3]                                                                                                                                                                      ; sld_signaltap:auto_signaltap_0|sld_signaltap_impl:sld_signaltap_body|sld_signaltap_implb:sld_signaltap_body|sld_offload_buffer_mgr:\stp_non_zero_depth_offload_gen:stp_offload_buff_mgr_inst|lpm_shiftreg:status_data_shift_out|dffs[3]                                                                                                               ; altera_reserved_tck ; altera_reserved_tck ; 0.000        ; 0.037      ; 0.314      ;
; 0.193 ; sld_signaltap:auto_signaltap_0|sld_signaltap_impl:sld_signaltap_body|sld_signaltap_implb:sld_signaltap_body|sld_offload_buffer_mgr:\stp_non_zero_depth_offload_gen:stp_offload_buff_mgr_inst|lpm_shiftreg:status_data_shift_out|dffs[7]                                                                                                               ; sld_signaltap:auto_signaltap_0|sld_signaltap_impl:sld_signaltap_body|sld_signaltap_implb:sld_signaltap_body|sld_offload_buffer_mgr:\stp_non_zero_depth_offload_gen:stp_offload_buff_mgr_inst|lpm_shiftreg:status_data_shift_out|dffs[6]                                                                                                               ; altera_reserved_tck ; altera_reserved_tck ; 0.000        ; 0.037      ; 0.314      ;
; 0.193 ; sld_signaltap:auto_signaltap_0|sld_signaltap_impl:sld_signaltap_body|sld_signaltap_implb:sld_signaltap_body|sld_offload_buffer_mgr:\stp_non_zero_depth_offload_gen:stp_offload_buff_mgr_inst|lpm_shiftreg:ram_data_shift_out|dffs[6]                                                                                                                  ; sld_signaltap:auto_signaltap_0|sld_signaltap_impl:sld_signaltap_body|sld_signaltap_implb:sld_signaltap_body|sld_offload_buffer_mgr:\stp_non_zero_depth_offload_gen:stp_offload_buff_mgr_inst|lpm_shiftreg:ram_data_shift_out|dffs[5]                                                                                                                  ; altera_reserved_tck ; altera_reserved_tck ; 0.000        ; 0.037      ; 0.314      ;
; 0.193 ; sld_signaltap:auto_signaltap_0|sld_signaltap_impl:sld_signaltap_body|sld_signaltap_implb:sld_signaltap_body|sld_offload_buffer_mgr:\stp_non_zero_depth_offload_gen:stp_offload_buff_mgr_inst|lpm_shiftreg:ram_data_shift_out|dffs[9]                                                                                                                  ; sld_signaltap:auto_signaltap_0|sld_signaltap_impl:sld_signaltap_body|sld_signaltap_implb:sld_signaltap_body|sld_offload_buffer_mgr:\stp_non_zero_depth_offload_gen:stp_offload_buff_mgr_inst|lpm_shiftreg:ram_data_shift_out|dffs[8]                                                                                                                  ; altera_reserved_tck ; altera_reserved_tck ; 0.000        ; 0.037      ; 0.314      ;
; 0.193 ; sld_signaltap:auto_signaltap_0|sld_signaltap_impl:sld_signaltap_body|sld_signaltap_implb:sld_signaltap_body|sld_offload_buffer_mgr:\stp_non_zero_depth_offload_gen:stp_offload_buff_mgr_inst|lpm_shiftreg:ram_data_shift_out|dffs[10]                                                                                                                 ; sld_signaltap:auto_signaltap_0|sld_signaltap_impl:sld_signaltap_body|sld_signaltap_implb:sld_signaltap_body|sld_offload_buffer_mgr:\stp_non_zero_depth_offload_gen:stp_offload_buff_mgr_inst|lpm_shiftreg:ram_data_shift_out|dffs[9]                                                                                                                  ; altera_reserved_tck ; altera_reserved_tck ; 0.000        ; 0.037      ; 0.314      ;
; 0.193 ; sld_signaltap:auto_signaltap_0|sld_signaltap_impl:sld_signaltap_body|sld_signaltap_implb:sld_signaltap_body|sld_offload_buffer_mgr:\stp_non_zero_depth_offload_gen:stp_offload_buff_mgr_inst|lpm_shiftreg:ram_data_shift_out|dffs[22]                                                                                                                 ; sld_signaltap:auto_signaltap_0|sld_signaltap_impl:sld_signaltap_body|sld_signaltap_implb:sld_signaltap_body|sld_offload_buffer_mgr:\stp_non_zero_depth_offload_gen:stp_offload_buff_mgr_inst|lpm_shiftreg:ram_data_shift_out|dffs[21]                                                                                                                 ; altera_reserved_tck ; altera_reserved_tck ; 0.000        ; 0.036      ; 0.313      ;
; 0.193 ; sld_signaltap:auto_signaltap_0|sld_signaltap_impl:sld_signaltap_body|sld_signaltap_implb:sld_signaltap_body|sld_offload_buffer_mgr:\stp_non_zero_depth_offload_gen:stp_offload_buff_mgr_inst|lpm_shiftreg:ram_data_shift_out|dffs[34]                                                                                                                 ; sld_signaltap:auto_signaltap_0|sld_signaltap_impl:sld_signaltap_body|sld_signaltap_implb:sld_signaltap_body|sld_offload_buffer_mgr:\stp_non_zero_depth_offload_gen:stp_offload_buff_mgr_inst|lpm_shiftreg:ram_data_shift_out|dffs[33]                                                                                                                 ; altera_reserved_tck ; altera_reserved_tck ; 0.000        ; 0.037      ; 0.314      ;
; 0.193 ; sld_signaltap:auto_signaltap_0|sld_signaltap_impl:sld_signaltap_body|sld_signaltap_implb:sld_signaltap_body|sld_offload_buffer_mgr:\stp_non_zero_depth_offload_gen:stp_offload_buff_mgr_inst|lpm_shiftreg:ram_data_shift_out|dffs[35]                                                                                                                 ; sld_signaltap:auto_signaltap_0|sld_signaltap_impl:sld_signaltap_body|sld_signaltap_implb:sld_signaltap_body|sld_offload_buffer_mgr:\stp_non_zero_depth_offload_gen:stp_offload_buff_mgr_inst|lpm_shiftreg:ram_data_shift_out|dffs[34]                                                                                                                 ; altera_reserved_tck ; altera_reserved_tck ; 0.000        ; 0.037      ; 0.314      ;
; 0.193 ; sld_signaltap:auto_signaltap_0|sld_signaltap_impl:sld_signaltap_body|sld_signaltap_implb:sld_signaltap_body|sld_ela_control:ela_control|lpm_shiftreg:trigger_config_deserialize|dffs[3]                                                                                                                                                               ; sld_signaltap:auto_signaltap_0|sld_signaltap_impl:sld_signaltap_body|sld_signaltap_implb:sld_signaltap_body|sld_ela_control:ela_control|lpm_shiftreg:trigger_config_deserialize|dffs[2]                                                                                                                                                               ; altera_reserved_tck ; altera_reserved_tck ; 0.000        ; 0.037      ; 0.314      ;
; 0.193 ; sld_signaltap:auto_signaltap_0|sld_signaltap_impl:sld_signaltap_body|sld_signaltap_implb:sld_signaltap_body|sld_ela_control:ela_control|sld_ela_trigger_flow_mgr:\builtin:ela_trigger_flow_mgr_entity|lpm_shiftreg:trigger_config_deserialize|dffs[5]                                                                                                 ; sld_signaltap:auto_signaltap_0|sld_signaltap_impl:sld_signaltap_body|sld_signaltap_implb:sld_signaltap_body|sld_ela_control:ela_control|sld_ela_trigger_flow_mgr:\builtin:ela_trigger_flow_mgr_entity|lpm_shiftreg:trigger_config_deserialize|dffs[4]                                                                                                 ; altera_reserved_tck ; altera_reserved_tck ; 0.000        ; 0.037      ; 0.314      ;
; 0.193 ; sld_signaltap:auto_signaltap_0|sld_signaltap_impl:sld_signaltap_body|sld_signaltap_implb:sld_signaltap_body|sld_ela_control:ela_control|sld_ela_trigger_flow_mgr:\builtin:ela_trigger_flow_mgr_entity|lpm_shiftreg:trigger_config_deserialize|dffs[9]                                                                                                 ; sld_signaltap:auto_signaltap_0|sld_signaltap_impl:sld_signaltap_body|sld_signaltap_implb:sld_signaltap_body|sld_ela_control:ela_control|sld_ela_trigger_flow_mgr:\builtin:ela_trigger_flow_mgr_entity|lpm_shiftreg:trigger_config_deserialize|dffs[8]                                                                                                 ; altera_reserved_tck ; altera_reserved_tck ; 0.000        ; 0.036      ; 0.313      ;
; 0.193 ; sld_hub:auto_hub|alt_sld_fab_with_jtag_input:\instrumentation_fabric_with_node_gen:fabric_gen_new_way:with_jtag_input_gen:instrumentation_fabric|alt_sld_fab:instrumentation_fabric|alt_sld_fab_alt_sld_fab:alt_sld_fab|alt_sld_fab_alt_sld_fab_sldfabric:sldfabric|sld_jtag_hub:\jtag_hub_gen:real_sld_jtag_hub|jtag_ir_reg[5]                       ; sld_hub:auto_hub|alt_sld_fab_with_jtag_input:\instrumentation_fabric_with_node_gen:fabric_gen_new_way:with_jtag_input_gen:instrumentation_fabric|alt_sld_fab:instrumentation_fabric|alt_sld_fab_alt_sld_fab:alt_sld_fab|alt_sld_fab_alt_sld_fab_sldfabric:sldfabric|sld_jtag_hub:\jtag_hub_gen:real_sld_jtag_hub|jtag_ir_reg[4]                       ; altera_reserved_tck ; altera_reserved_tck ; 0.000        ; 0.037      ; 0.314      ;
; 0.193 ; sld_hub:auto_hub|alt_sld_fab_with_jtag_input:\instrumentation_fabric_with_node_gen:fabric_gen_new_way:with_jtag_input_gen:instrumentation_fabric|alt_sld_fab:instrumentation_fabric|alt_sld_fab_alt_sld_fab:alt_sld_fab|alt_sld_fab_alt_sld_fab_sldfabric:sldfabric|sld_jtag_hub:\jtag_hub_gen:real_sld_jtag_hub|sld_shadow_jsm:shadow_jsm|tms_cnt[0] ; sld_hub:auto_hub|alt_sld_fab_with_jtag_input:\instrumentation_fabric_with_node_gen:fabric_gen_new_way:with_jtag_input_gen:instrumentation_fabric|alt_sld_fab:instrumentation_fabric|alt_sld_fab_alt_sld_fab:alt_sld_fab|alt_sld_fab_alt_sld_fab_sldfabric:sldfabric|sld_jtag_hub:\jtag_hub_gen:real_sld_jtag_hub|sld_shadow_jsm:shadow_jsm|tms_cnt[0] ; altera_reserved_tck ; altera_reserved_tck ; 0.000        ; 0.037      ; 0.314      ;
; 0.194 ; sld_signaltap:auto_signaltap_0|sld_signaltap_impl:sld_signaltap_body|sld_signaltap_implb:sld_signaltap_body|sld_offload_buffer_mgr:\stp_non_zero_depth_offload_gen:stp_offload_buff_mgr_inst|lpm_shiftreg:status_data_shift_out|dffs[11]                                                                                                              ; sld_signaltap:auto_signaltap_0|sld_signaltap_impl:sld_signaltap_body|sld_signaltap_implb:sld_signaltap_body|sld_offload_buffer_mgr:\stp_non_zero_depth_offload_gen:stp_offload_buff_mgr_inst|lpm_shiftreg:status_data_shift_out|dffs[10]                                                                                                              ; altera_reserved_tck ; altera_reserved_tck ; 0.000        ; 0.036      ; 0.314      ;
; 0.194 ; sld_signaltap:auto_signaltap_0|sld_signaltap_impl:sld_signaltap_body|sld_signaltap_implb:sld_signaltap_body|lpm_shiftreg:status_register|dffs[7]                                                                                                                                                                                                      ; sld_signaltap:auto_signaltap_0|sld_signaltap_impl:sld_signaltap_body|sld_signaltap_implb:sld_signaltap_body|lpm_shiftreg:status_register|dffs[6]                                                                                                                                                                                                      ; altera_reserved_tck ; altera_reserved_tck ; 0.000        ; 0.037      ; 0.315      ;
; 0.194 ; sld_signaltap:auto_signaltap_0|sld_signaltap_impl:sld_signaltap_body|sld_signaltap_implb:sld_signaltap_body|altdpram:\stp_non_zero_ram_gen:attribute_mem_gen:attribute_mem|xq[2]                                                                                                                                                                      ; sld_signaltap:auto_signaltap_0|sld_signaltap_impl:sld_signaltap_body|sld_signaltap_implb:sld_signaltap_body|sld_offload_buffer_mgr:\stp_non_zero_depth_offload_gen:stp_offload_buff_mgr_inst|lpm_shiftreg:status_data_shift_out|dffs[2]                                                                                                               ; altera_reserved_tck ; altera_reserved_tck ; 0.000        ; 0.037      ; 0.315      ;
; 0.194 ; sld_signaltap:auto_signaltap_0|sld_signaltap_impl:sld_signaltap_body|sld_signaltap_implb:sld_signaltap_body|sld_rom_sr:crc_rom_sr|word_counter[0]                                                                                                                                                                                                     ; sld_signaltap:auto_signaltap_0|sld_signaltap_impl:sld_signaltap_body|sld_signaltap_implb:sld_signaltap_body|sld_rom_sr:crc_rom_sr|word_counter[0]                                                                                                                                                                                                     ; altera_reserved_tck ; altera_reserved_tck ; 0.000        ; 0.036      ; 0.314      ;
; 0.194 ; sld_signaltap:auto_signaltap_0|sld_signaltap_impl:sld_signaltap_body|sld_signaltap_implb:sld_signaltap_body|sld_offload_buffer_mgr:\stp_non_zero_depth_offload_gen:stp_offload_buff_mgr_inst|lpm_shiftreg:info_data_shift_out|dffs[3]                                                                                                                 ; sld_signaltap:auto_signaltap_0|sld_signaltap_impl:sld_signaltap_body|sld_signaltap_implb:sld_signaltap_body|sld_offload_buffer_mgr:\stp_non_zero_depth_offload_gen:stp_offload_buff_mgr_inst|lpm_shiftreg:info_data_shift_out|dffs[2]                                                                                                                 ; altera_reserved_tck ; altera_reserved_tck ; 0.000        ; 0.037      ; 0.315      ;
; 0.194 ; sld_signaltap:auto_signaltap_0|sld_signaltap_impl:sld_signaltap_body|sld_signaltap_implb:sld_signaltap_body|sld_offload_buffer_mgr:\stp_non_zero_depth_offload_gen:stp_offload_buff_mgr_inst|lpm_shiftreg:ram_data_shift_out|dffs[8]                                                                                                                  ; sld_signaltap:auto_signaltap_0|sld_signaltap_impl:sld_signaltap_body|sld_signaltap_implb:sld_signaltap_body|sld_offload_buffer_mgr:\stp_non_zero_depth_offload_gen:stp_offload_buff_mgr_inst|lpm_shiftreg:ram_data_shift_out|dffs[7]                                                                                                                  ; altera_reserved_tck ; altera_reserved_tck ; 0.000        ; 0.037      ; 0.315      ;
; 0.194 ; sld_signaltap:auto_signaltap_0|sld_signaltap_impl:sld_signaltap_body|sld_signaltap_implb:sld_signaltap_body|sld_offload_buffer_mgr:\stp_non_zero_depth_offload_gen:stp_offload_buff_mgr_inst|lpm_shiftreg:ram_data_shift_out|dffs[12]                                                                                                                 ; sld_signaltap:auto_signaltap_0|sld_signaltap_impl:sld_signaltap_body|sld_signaltap_implb:sld_signaltap_body|sld_offload_buffer_mgr:\stp_non_zero_depth_offload_gen:stp_offload_buff_mgr_inst|lpm_shiftreg:ram_data_shift_out|dffs[11]                                                                                                                 ; altera_reserved_tck ; altera_reserved_tck ; 0.000        ; 0.037      ; 0.315      ;
; 0.194 ; sld_signaltap:auto_signaltap_0|sld_signaltap_impl:sld_signaltap_body|sld_signaltap_implb:sld_signaltap_body|sld_offload_buffer_mgr:\stp_non_zero_depth_offload_gen:stp_offload_buff_mgr_inst|lpm_shiftreg:ram_data_shift_out|dffs[24]                                                                                                                 ; sld_signaltap:auto_signaltap_0|sld_signaltap_impl:sld_signaltap_body|sld_signaltap_implb:sld_signaltap_body|sld_offload_buffer_mgr:\stp_non_zero_depth_offload_gen:stp_offload_buff_mgr_inst|lpm_shiftreg:ram_data_shift_out|dffs[23]                                                                                                                 ; altera_reserved_tck ; altera_reserved_tck ; 0.000        ; 0.036      ; 0.314      ;
; 0.194 ; sld_signaltap:auto_signaltap_0|sld_signaltap_impl:sld_signaltap_body|sld_signaltap_implb:sld_signaltap_body|sld_offload_buffer_mgr:\stp_non_zero_depth_offload_gen:stp_offload_buff_mgr_inst|lpm_shiftreg:ram_data_shift_out|dffs[29]                                                                                                                 ; sld_signaltap:auto_signaltap_0|sld_signaltap_impl:sld_signaltap_body|sld_signaltap_implb:sld_signaltap_body|sld_offload_buffer_mgr:\stp_non_zero_depth_offload_gen:stp_offload_buff_mgr_inst|lpm_shiftreg:ram_data_shift_out|dffs[28]                                                                                                                 ; altera_reserved_tck ; altera_reserved_tck ; 0.000        ; 0.036      ; 0.314      ;
; 0.194 ; sld_signaltap:auto_signaltap_0|sld_signaltap_impl:sld_signaltap_body|sld_signaltap_implb:sld_signaltap_body|sld_offload_buffer_mgr:\stp_non_zero_depth_offload_gen:stp_offload_buff_mgr_inst|lpm_shiftreg:ram_data_shift_out|dffs[33]                                                                                                                 ; sld_signaltap:auto_signaltap_0|sld_signaltap_impl:sld_signaltap_body|sld_signaltap_implb:sld_signaltap_body|sld_offload_buffer_mgr:\stp_non_zero_depth_offload_gen:stp_offload_buff_mgr_inst|lpm_shiftreg:ram_data_shift_out|dffs[32]                                                                                                                 ; altera_reserved_tck ; altera_reserved_tck ; 0.000        ; 0.037      ; 0.315      ;
; 0.194 ; sld_signaltap:auto_signaltap_0|sld_signaltap_impl:sld_signaltap_body|sld_signaltap_implb:sld_signaltap_body|sld_ela_control:ela_control|lpm_shiftreg:trigger_config_deserialize|dffs[2]                                                                                                                                                               ; sld_signaltap:auto_signaltap_0|sld_signaltap_impl:sld_signaltap_body|sld_signaltap_implb:sld_signaltap_body|sld_ela_control:ela_control|lpm_shiftreg:trigger_config_deserialize|dffs[1]                                                                                                                                                               ; altera_reserved_tck ; altera_reserved_tck ; 0.000        ; 0.037      ; 0.315      ;
; 0.194 ; sld_signaltap:auto_signaltap_0|sld_signaltap_impl:sld_signaltap_body|sld_signaltap_implb:sld_signaltap_body|sld_ela_control:ela_control|sld_ela_trigger_flow_mgr:\builtin:ela_trigger_flow_mgr_entity|lpm_shiftreg:trigger_config_deserialize|dffs[1]                                                                                                 ; sld_signaltap:auto_signaltap_0|sld_signaltap_impl:sld_signaltap_body|sld_signaltap_implb:sld_signaltap_body|sld_ela_control:ela_control|sld_ela_trigger_flow_mgr:\builtin:ela_trigger_flow_mgr_entity|lpm_shiftreg:trigger_config_deserialize|dffs[0]                                                                                                 ; altera_reserved_tck ; altera_reserved_tck ; 0.000        ; 0.037      ; 0.315      ;
; 0.194 ; sld_signaltap:auto_signaltap_0|sld_signaltap_impl:sld_signaltap_body|sld_signaltap_implb:sld_signaltap_body|sld_ela_control:ela_control|sld_ela_trigger_flow_mgr:\builtin:ela_trigger_flow_mgr_entity|lpm_shiftreg:trigger_config_deserialize|dffs[7]                                                                                                 ; sld_signaltap:auto_signaltap_0|sld_signaltap_impl:sld_signaltap_body|sld_signaltap_implb:sld_signaltap_body|sld_ela_control:ela_control|sld_ela_trigger_flow_mgr:\builtin:ela_trigger_flow_mgr_entity|lpm_shiftreg:trigger_config_deserialize|dffs[6]                                                                                                 ; altera_reserved_tck ; altera_reserved_tck ; 0.000        ; 0.036      ; 0.314      ;
; 0.194 ; sld_hub:auto_hub|alt_sld_fab_with_jtag_input:\instrumentation_fabric_with_node_gen:fabric_gen_new_way:with_jtag_input_gen:instrumentation_fabric|alt_sld_fab:instrumentation_fabric|alt_sld_fab_alt_sld_fab:alt_sld_fab|alt_sld_fab_alt_sld_fab_sldfabric:sldfabric|sld_jtag_hub:\jtag_hub_gen:real_sld_jtag_hub|sld_shadow_jsm:shadow_jsm|tms_cnt[1] ; sld_hub:auto_hub|alt_sld_fab_with_jtag_input:\instrumentation_fabric_with_node_gen:fabric_gen_new_way:with_jtag_input_gen:instrumentation_fabric|alt_sld_fab:instrumentation_fabric|alt_sld_fab_alt_sld_fab:alt_sld_fab|alt_sld_fab_alt_sld_fab_sldfabric:sldfabric|sld_jtag_hub:\jtag_hub_gen:real_sld_jtag_hub|sld_shadow_jsm:shadow_jsm|tms_cnt[2] ; altera_reserved_tck ; altera_reserved_tck ; 0.000        ; 0.037      ; 0.315      ;
; 0.195 ; sld_signaltap:auto_signaltap_0|sld_signaltap_impl:sld_signaltap_body|sld_signaltap_implb:sld_signaltap_body|lpm_shiftreg:status_register|dffs[16]                                                                                                                                                                                                     ; sld_signaltap:auto_signaltap_0|sld_signaltap_impl:sld_signaltap_body|sld_signaltap_implb:sld_signaltap_body|lpm_shiftreg:status_register|dffs[15]                                                                                                                                                                                                     ; altera_reserved_tck ; altera_reserved_tck ; 0.000        ; 0.037      ; 0.316      ;
; 0.195 ; sld_signaltap:auto_signaltap_0|sld_signaltap_impl:sld_signaltap_body|sld_signaltap_implb:sld_signaltap_body|sld_offload_buffer_mgr:\stp_non_zero_depth_offload_gen:stp_offload_buff_mgr_inst|lpm_shiftreg:status_data_shift_out|dffs[5]                                                                                                               ; sld_signaltap:auto_signaltap_0|sld_signaltap_impl:sld_signaltap_body|sld_signaltap_implb:sld_signaltap_body|sld_offload_buffer_mgr:\stp_non_zero_depth_offload_gen:stp_offload_buff_mgr_inst|lpm_shiftreg:status_data_shift_out|dffs[4]                                                                                                               ; altera_reserved_tck ; altera_reserved_tck ; 0.000        ; 0.037      ; 0.316      ;
; 0.195 ; sld_signaltap:auto_signaltap_0|sld_signaltap_impl:sld_signaltap_body|sld_signaltap_implb:sld_signaltap_body|altdpram:\stp_non_zero_ram_gen:attribute_mem_gen:attribute_mem|xq[5]                                                                                                                                                                      ; sld_signaltap:auto_signaltap_0|sld_signaltap_impl:sld_signaltap_body|sld_signaltap_implb:sld_signaltap_body|sld_offload_buffer_mgr:\stp_non_zero_depth_offload_gen:stp_offload_buff_mgr_inst|lpm_shiftreg:status_data_shift_out|dffs[5]                                                                                                               ; altera_reserved_tck ; altera_reserved_tck ; 0.000        ; 0.037      ; 0.316      ;
; 0.195 ; sld_signaltap:auto_signaltap_0|sld_signaltap_impl:sld_signaltap_body|sld_signaltap_implb:sld_signaltap_body|sld_offload_buffer_mgr:\stp_non_zero_depth_offload_gen:stp_offload_buff_mgr_inst|lpm_shiftreg:ram_data_shift_out|dffs[17]                                                                                                                 ; sld_signaltap:auto_signaltap_0|sld_signaltap_impl:sld_signaltap_body|sld_signaltap_implb:sld_signaltap_body|sld_offload_buffer_mgr:\stp_non_zero_depth_offload_gen:stp_offload_buff_mgr_inst|lpm_shiftreg:ram_data_shift_out|dffs[16]                                                                                                                 ; altera_reserved_tck ; altera_reserved_tck ; 0.000        ; 0.036      ; 0.315      ;
; 0.195 ; sld_signaltap:auto_signaltap_0|sld_signaltap_impl:sld_signaltap_body|sld_signaltap_implb:sld_signaltap_body|sld_offload_buffer_mgr:\stp_non_zero_depth_offload_gen:stp_offload_buff_mgr_inst|lpm_shiftreg:ram_data_shift_out|dffs[25]                                                                                                                 ; sld_signaltap:auto_signaltap_0|sld_signaltap_impl:sld_signaltap_body|sld_signaltap_implb:sld_signaltap_body|sld_offload_buffer_mgr:\stp_non_zero_depth_offload_gen:stp_offload_buff_mgr_inst|lpm_shiftreg:ram_data_shift_out|dffs[24]                                                                                                                 ; altera_reserved_tck ; altera_reserved_tck ; 0.000        ; 0.036      ; 0.315      ;
; 0.195 ; sld_signaltap:auto_signaltap_0|sld_signaltap_impl:sld_signaltap_body|sld_signaltap_implb:sld_signaltap_body|sld_ela_control:ela_control|sld_ela_trigger_flow_mgr:\builtin:ela_trigger_flow_mgr_entity|lpm_shiftreg:trigger_config_deserialize|dffs[8]                                                                                                 ; sld_signaltap:auto_signaltap_0|sld_signaltap_impl:sld_signaltap_body|sld_signaltap_implb:sld_signaltap_body|sld_ela_control:ela_control|sld_ela_trigger_flow_mgr:\builtin:ela_trigger_flow_mgr_entity|lpm_shiftreg:trigger_config_deserialize|dffs[7]                                                                                                 ; altera_reserved_tck ; altera_reserved_tck ; 0.000        ; 0.036      ; 0.315      ;
; 0.195 ; sld_signaltap:auto_signaltap_0|sld_signaltap_impl:sld_signaltap_body|sld_signaltap_implb:sld_signaltap_body|tdo_crc_val_shift_reg[3]                                                                                                                                                                                                                  ; sld_signaltap:auto_signaltap_0|sld_signaltap_impl:sld_signaltap_body|sld_signaltap_implb:sld_signaltap_body|tdo_crc_val_shift_reg[2]                                                                                                                                                                                                                  ; altera_reserved_tck ; altera_reserved_tck ; 0.000        ; 0.036      ; 0.315      ;
; 0.196 ; sld_hub:auto_hub|alt_sld_fab_with_jtag_input:\instrumentation_fabric_with_node_gen:fabric_gen_new_way:with_jtag_input_gen:instrumentation_fabric|alt_sld_fab:instrumentation_fabric|alt_sld_fab_alt_sld_fab:alt_sld_fab|alt_sld_fab_alt_sld_fab_sldfabric:sldfabric|sld_jtag_hub:\jtag_hub_gen:real_sld_jtag_hub|hub_minor_ver_reg[3]                 ; sld_hub:auto_hub|alt_sld_fab_with_jtag_input:\instrumentation_fabric_with_node_gen:fabric_gen_new_way:with_jtag_input_gen:instrumentation_fabric|alt_sld_fab:instrumentation_fabric|alt_sld_fab_alt_sld_fab:alt_sld_fab|alt_sld_fab_alt_sld_fab_sldfabric:sldfabric|sld_jtag_hub:\jtag_hub_gen:real_sld_jtag_hub|hub_minor_ver_reg[2]                 ; altera_reserved_tck ; altera_reserved_tck ; 0.000        ; 0.037      ; 0.317      ;
; 0.196 ; sld_signaltap:auto_signaltap_0|sld_signaltap_impl:sld_signaltap_body|sld_signaltap_implb:sld_signaltap_body|sld_offload_buffer_mgr:\stp_non_zero_depth_offload_gen:stp_offload_buff_mgr_inst|lpm_shiftreg:info_data_shift_out|dffs[5]                                                                                                                 ; sld_signaltap:auto_signaltap_0|sld_signaltap_impl:sld_signaltap_body|sld_signaltap_implb:sld_signaltap_body|sld_offload_buffer_mgr:\stp_non_zero_depth_offload_gen:stp_offload_buff_mgr_inst|lpm_shiftreg:info_data_shift_out|dffs[4]                                                                                                                 ; altera_reserved_tck ; altera_reserved_tck ; 0.000        ; 0.037      ; 0.317      ;
; 0.196 ; sld_signaltap:auto_signaltap_0|sld_signaltap_impl:sld_signaltap_body|sld_signaltap_implb:sld_signaltap_body|sld_offload_buffer_mgr:\stp_non_zero_depth_offload_gen:stp_offload_buff_mgr_inst|lpm_shiftreg:info_data_shift_out|dffs[14]                                                                                                                ; sld_signaltap:auto_signaltap_0|sld_signaltap_impl:sld_signaltap_body|sld_signaltap_implb:sld_signaltap_body|sld_offload_buffer_mgr:\stp_non_zero_depth_offload_gen:stp_offload_buff_mgr_inst|lpm_shiftreg:info_data_shift_out|dffs[13]                                                                                                                ; altera_reserved_tck ; altera_reserved_tck ; 0.000        ; 0.036      ; 0.316      ;
; 0.196 ; sld_signaltap:auto_signaltap_0|sld_signaltap_impl:sld_signaltap_body|sld_signaltap_implb:sld_signaltap_body|sld_offload_buffer_mgr:\stp_non_zero_depth_offload_gen:stp_offload_buff_mgr_inst|lpm_shiftreg:ram_data_shift_out|dffs[14]                                                                                                                 ; sld_signaltap:auto_signaltap_0|sld_signaltap_impl:sld_signaltap_body|sld_signaltap_implb:sld_signaltap_body|sld_offload_buffer_mgr:\stp_non_zero_depth_offload_gen:stp_offload_buff_mgr_inst|lpm_shiftreg:ram_data_shift_out|dffs[13]                                                                                                                 ; altera_reserved_tck ; altera_reserved_tck ; 0.000        ; 0.037      ; 0.317      ;
; 0.196 ; sld_signaltap:auto_signaltap_0|sld_signaltap_impl:sld_signaltap_body|sld_signaltap_implb:sld_signaltap_body|sld_offload_buffer_mgr:\stp_non_zero_depth_offload_gen:stp_offload_buff_mgr_inst|lpm_shiftreg:ram_data_shift_out|dffs[20]                                                                                                                 ; sld_signaltap:auto_signaltap_0|sld_signaltap_impl:sld_signaltap_body|sld_signaltap_implb:sld_signaltap_body|sld_offload_buffer_mgr:\stp_non_zero_depth_offload_gen:stp_offload_buff_mgr_inst|lpm_shiftreg:ram_data_shift_out|dffs[19]                                                                                                                 ; altera_reserved_tck ; altera_reserved_tck ; 0.000        ; 0.036      ; 0.316      ;
; 0.196 ; sld_signaltap:auto_signaltap_0|sld_signaltap_impl:sld_signaltap_body|sld_signaltap_implb:sld_signaltap_body|sld_offload_buffer_mgr:\stp_non_zero_depth_offload_gen:stp_offload_buff_mgr_inst|lpm_shiftreg:ram_data_shift_out|dffs[23]                                                                                                                 ; sld_signaltap:auto_signaltap_0|sld_signaltap_impl:sld_signaltap_body|sld_signaltap_implb:sld_signaltap_body|sld_offload_buffer_mgr:\stp_non_zero_depth_offload_gen:stp_offload_buff_mgr_inst|lpm_shiftreg:ram_data_shift_out|dffs[22]                                                                                                                 ; altera_reserved_tck ; altera_reserved_tck ; 0.000        ; 0.036      ; 0.316      ;
; 0.196 ; sld_hub:auto_hub|alt_sld_fab_with_jtag_input:\instrumentation_fabric_with_node_gen:fabric_gen_new_way:with_jtag_input_gen:instrumentation_fabric|alt_sld_fab:instrumentation_fabric|alt_sld_fab_alt_sld_fab:alt_sld_fab|alt_sld_fab_alt_sld_fab_sldfabric:sldfabric|sld_jtag_hub:\jtag_hub_gen:real_sld_jtag_hub|sld_shadow_jsm:shadow_jsm|state[10]  ; sld_hub:auto_hub|alt_sld_fab_with_jtag_input:\instrumentation_fabric_with_node_gen:fabric_gen_new_way:with_jtag_input_gen:instrumentation_fabric|alt_sld_fab:instrumentation_fabric|alt_sld_fab_alt_sld_fab:alt_sld_fab|alt_sld_fab_alt_sld_fab_sldfabric:sldfabric|sld_jtag_hub:\jtag_hub_gen:real_sld_jtag_hub|sld_shadow_jsm:shadow_jsm|state[12]  ; altera_reserved_tck ; altera_reserved_tck ; 0.000        ; 0.036      ; 0.316      ;
; 0.197 ; sld_signaltap:auto_signaltap_0|sld_signaltap_impl:sld_signaltap_body|sld_signaltap_implb:sld_signaltap_body|sld_ela_control:ela_control|sld_ela_basic_multi_level_trigger:\basic_multi_level_mbpm_trigger_gen:multi_level_mbpm|lpm_shiftreg:trigger_condition_deserialize|dffs[9]                                                                     ; sld_signaltap:auto_signaltap_0|sld_signaltap_impl:sld_signaltap_body|sld_signaltap_implb:sld_signaltap_body|sld_ela_control:ela_control|sld_ela_basic_multi_level_trigger:\basic_multi_level_mbpm_trigger_gen:multi_level_mbpm|lpm_shiftreg:trigger_condition_deserialize|dffs[8]                                                                     ; altera_reserved_tck ; altera_reserved_tck ; 0.000        ; 0.036      ; 0.317      ;
; 0.197 ; sld_signaltap:auto_signaltap_0|sld_signaltap_impl:sld_signaltap_body|sld_signaltap_implb:sld_signaltap_body|sld_ela_control:ela_control|sld_ela_basic_multi_level_trigger:\basic_multi_level_mbpm_trigger_gen:multi_level_mbpm|lpm_shiftreg:trigger_condition_deserialize|dffs[22]                                                                    ; sld_signaltap:auto_signaltap_0|sld_signaltap_impl:sld_signaltap_body|sld_signaltap_implb:sld_signaltap_body|sld_ela_control:ela_control|sld_ela_basic_multi_level_trigger:\basic_multi_level_mbpm_trigger_gen:multi_level_mbpm|lpm_shiftreg:trigger_condition_deserialize|dffs[21]                                                                    ; altera_reserved_tck ; altera_reserved_tck ; 0.000        ; 0.036      ; 0.317      ;
; 0.197 ; sld_signaltap:auto_signaltap_0|sld_signaltap_impl:sld_signaltap_body|sld_signaltap_implb:sld_signaltap_body|sld_ela_control:ela_control|sld_ela_basic_multi_level_trigger:\basic_multi_level_mbpm_trigger_gen:multi_level_mbpm|lpm_shiftreg:trigger_condition_deserialize|dffs[78]                                                                    ; sld_signaltap:auto_signaltap_0|sld_signaltap_impl:sld_signaltap_body|sld_signaltap_implb:sld_signaltap_body|sld_ela_control:ela_control|sld_ela_basic_multi_level_trigger:\basic_multi_level_mbpm_trigger_gen:multi_level_mbpm|lpm_shiftreg:trigger_condition_deserialize|dffs[77]                                                                    ; altera_reserved_tck ; altera_reserved_tck ; 0.000        ; 0.036      ; 0.317      ;
; 0.197 ; sld_signaltap:auto_signaltap_0|sld_signaltap_impl:sld_signaltap_body|sld_signaltap_implb:sld_signaltap_body|sld_ela_control:ela_control|sld_ela_basic_multi_level_trigger:\basic_multi_level_mbpm_trigger_gen:multi_level_mbpm|lpm_shiftreg:trigger_condition_deserialize|dffs[91]                                                                    ; sld_signaltap:auto_signaltap_0|sld_signaltap_impl:sld_signaltap_body|sld_signaltap_implb:sld_signaltap_body|sld_ela_control:ela_control|sld_ela_basic_multi_level_trigger:\basic_multi_level_mbpm_trigger_gen:multi_level_mbpm|lpm_shiftreg:trigger_condition_deserialize|dffs[90]                                                                    ; altera_reserved_tck ; altera_reserved_tck ; 0.000        ; 0.036      ; 0.317      ;
; 0.197 ; sld_hub:auto_hub|alt_sld_fab_with_jtag_input:\instrumentation_fabric_with_node_gen:fabric_gen_new_way:with_jtag_input_gen:instrumentation_fabric|alt_sld_fab:instrumentation_fabric|alt_sld_fab_alt_sld_fab:alt_sld_fab|alt_sld_fab_alt_sld_fab_sldfabric:sldfabric|sld_jtag_hub:\jtag_hub_gen:real_sld_jtag_hub|jtag_ir_reg[4]                       ; sld_hub:auto_hub|alt_sld_fab_with_jtag_input:\instrumentation_fabric_with_node_gen:fabric_gen_new_way:with_jtag_input_gen:instrumentation_fabric|alt_sld_fab:instrumentation_fabric|alt_sld_fab_alt_sld_fab:alt_sld_fab|alt_sld_fab_alt_sld_fab_sldfabric:sldfabric|sld_jtag_hub:\jtag_hub_gen:real_sld_jtag_hub|jtag_ir_reg[3]                       ; altera_reserved_tck ; altera_reserved_tck ; 0.000        ; 0.037      ; 0.318      ;
; 0.197 ; sld_hub:auto_hub|alt_sld_fab_with_jtag_input:\instrumentation_fabric_with_node_gen:fabric_gen_new_way:with_jtag_input_gen:instrumentation_fabric|alt_sld_fab:instrumentation_fabric|alt_sld_fab_alt_sld_fab:alt_sld_fab|alt_sld_fab_alt_sld_fab_sldfabric:sldfabric|sld_jtag_hub:\jtag_hub_gen:real_sld_jtag_hub|jtag_ir_reg[7]                       ; sld_hub:auto_hub|alt_sld_fab_with_jtag_input:\instrumentation_fabric_with_node_gen:fabric_gen_new_way:with_jtag_input_gen:instrumentation_fabric|alt_sld_fab:instrumentation_fabric|alt_sld_fab_alt_sld_fab:alt_sld_fab|alt_sld_fab_alt_sld_fab_sldfabric:sldfabric|sld_jtag_hub:\jtag_hub_gen:real_sld_jtag_hub|jtag_ir_reg[6]                       ; altera_reserved_tck ; altera_reserved_tck ; 0.000        ; 0.037      ; 0.318      ;
; 0.197 ; sld_hub:auto_hub|alt_sld_fab_with_jtag_input:\instrumentation_fabric_with_node_gen:fabric_gen_new_way:with_jtag_input_gen:instrumentation_fabric|alt_sld_fab:instrumentation_fabric|alt_sld_fab_alt_sld_fab:alt_sld_fab|alt_sld_fab_alt_sld_fab_sldfabric:sldfabric|sld_jtag_hub:\jtag_hub_gen:real_sld_jtag_hub|sld_shadow_jsm:shadow_jsm|tms_cnt[0] ; sld_hub:auto_hub|alt_sld_fab_with_jtag_input:\instrumentation_fabric_with_node_gen:fabric_gen_new_way:with_jtag_input_gen:instrumentation_fabric|alt_sld_fab:instrumentation_fabric|alt_sld_fab_alt_sld_fab:alt_sld_fab|alt_sld_fab_alt_sld_fab_sldfabric:sldfabric|sld_jtag_hub:\jtag_hub_gen:real_sld_jtag_hub|sld_shadow_jsm:shadow_jsm|tms_cnt[1] ; altera_reserved_tck ; altera_reserved_tck ; 0.000        ; 0.037      ; 0.318      ;
; 0.198 ; sld_signaltap:auto_signaltap_0|sld_signaltap_impl:sld_signaltap_body|sld_signaltap_implb:sld_signaltap_body|sld_ela_control:ela_control|sld_ela_basic_multi_level_trigger:\basic_multi_level_mbpm_trigger_gen:multi_level_mbpm|lpm_shiftreg:trigger_condition_deserialize|dffs[4]                                                                     ; sld_signaltap:auto_signaltap_0|sld_signaltap_impl:sld_signaltap_body|sld_signaltap_implb:sld_signaltap_body|sld_ela_control:ela_control|sld_ela_basic_multi_level_trigger:\basic_multi_level_mbpm_trigger_gen:multi_level_mbpm|lpm_shiftreg:trigger_condition_deserialize|dffs[3]                                                                     ; altera_reserved_tck ; altera_reserved_tck ; 0.000        ; 0.036      ; 0.318      ;
; 0.198 ; sld_signaltap:auto_signaltap_0|sld_signaltap_impl:sld_signaltap_body|sld_signaltap_implb:sld_signaltap_body|sld_ela_control:ela_control|sld_ela_basic_multi_level_trigger:\basic_multi_level_mbpm_trigger_gen:multi_level_mbpm|lpm_shiftreg:trigger_condition_deserialize|dffs[6]                                                                     ; sld_signaltap:auto_signaltap_0|sld_signaltap_impl:sld_signaltap_body|sld_signaltap_implb:sld_signaltap_body|sld_ela_control:ela_control|sld_ela_basic_multi_level_trigger:\basic_multi_level_mbpm_trigger_gen:multi_level_mbpm|lpm_shiftreg:trigger_condition_deserialize|dffs[5]                                                                     ; altera_reserved_tck ; altera_reserved_tck ; 0.000        ; 0.036      ; 0.318      ;
; 0.198 ; sld_signaltap:auto_signaltap_0|sld_signaltap_impl:sld_signaltap_body|sld_signaltap_implb:sld_signaltap_body|sld_ela_control:ela_control|sld_ela_basic_multi_level_trigger:\basic_multi_level_mbpm_trigger_gen:multi_level_mbpm|lpm_shiftreg:trigger_condition_deserialize|dffs[15]                                                                    ; sld_signaltap:auto_signaltap_0|sld_signaltap_impl:sld_signaltap_body|sld_signaltap_implb:sld_signaltap_body|sld_ela_control:ela_control|sld_ela_basic_multi_level_trigger:\basic_multi_level_mbpm_trigger_gen:multi_level_mbpm|lpm_shiftreg:trigger_condition_deserialize|dffs[14]                                                                    ; altera_reserved_tck ; altera_reserved_tck ; 0.000        ; 0.037      ; 0.319      ;
; 0.198 ; sld_signaltap:auto_signaltap_0|sld_signaltap_impl:sld_signaltap_body|sld_signaltap_implb:sld_signaltap_body|sld_ela_control:ela_control|sld_ela_basic_multi_level_trigger:\basic_multi_level_mbpm_trigger_gen:multi_level_mbpm|lpm_shiftreg:trigger_condition_deserialize|dffs[24]                                                                    ; sld_signaltap:auto_signaltap_0|sld_signaltap_impl:sld_signaltap_body|sld_signaltap_implb:sld_signaltap_body|sld_ela_control:ela_control|sld_ela_basic_multi_level_trigger:\basic_multi_level_mbpm_trigger_gen:multi_level_mbpm|lpm_shiftreg:trigger_condition_deserialize|dffs[23]                                                                    ; altera_reserved_tck ; altera_reserved_tck ; 0.000        ; 0.036      ; 0.318      ;
; 0.198 ; sld_signaltap:auto_signaltap_0|sld_signaltap_impl:sld_signaltap_body|sld_signaltap_implb:sld_signaltap_body|sld_ela_control:ela_control|sld_ela_basic_multi_level_trigger:\basic_multi_level_mbpm_trigger_gen:multi_level_mbpm|lpm_shiftreg:trigger_condition_deserialize|dffs[37]                                                                    ; sld_signaltap:auto_signaltap_0|sld_signaltap_impl:sld_signaltap_body|sld_signaltap_implb:sld_signaltap_body|sld_ela_control:ela_control|sld_ela_basic_multi_level_trigger:\basic_multi_level_mbpm_trigger_gen:multi_level_mbpm|lpm_shiftreg:trigger_condition_deserialize|dffs[36]                                                                    ; altera_reserved_tck ; altera_reserved_tck ; 0.000        ; 0.036      ; 0.318      ;
; 0.198 ; sld_signaltap:auto_signaltap_0|sld_signaltap_impl:sld_signaltap_body|sld_signaltap_implb:sld_signaltap_body|sld_ela_control:ela_control|sld_ela_basic_multi_level_trigger:\basic_multi_level_mbpm_trigger_gen:multi_level_mbpm|lpm_shiftreg:trigger_condition_deserialize|dffs[40]                                                                    ; sld_signaltap:auto_signaltap_0|sld_signaltap_impl:sld_signaltap_body|sld_signaltap_implb:sld_signaltap_body|sld_ela_control:ela_control|sld_ela_basic_multi_level_trigger:\basic_multi_level_mbpm_trigger_gen:multi_level_mbpm|lpm_shiftreg:trigger_condition_deserialize|dffs[39]                                                                    ; altera_reserved_tck ; altera_reserved_tck ; 0.000        ; 0.036      ; 0.318      ;
; 0.198 ; sld_signaltap:auto_signaltap_0|sld_signaltap_impl:sld_signaltap_body|sld_signaltap_implb:sld_signaltap_body|sld_ela_control:ela_control|sld_ela_basic_multi_level_trigger:\basic_multi_level_mbpm_trigger_gen:multi_level_mbpm|lpm_shiftreg:trigger_condition_deserialize|dffs[67]                                                                    ; sld_signaltap:auto_signaltap_0|sld_signaltap_impl:sld_signaltap_body|sld_signaltap_implb:sld_signaltap_body|sld_ela_control:ela_control|sld_ela_basic_multi_level_trigger:\basic_multi_level_mbpm_trigger_gen:multi_level_mbpm|lpm_shiftreg:trigger_condition_deserialize|dffs[66]                                                                    ; altera_reserved_tck ; altera_reserved_tck ; 0.000        ; 0.036      ; 0.318      ;
; 0.198 ; sld_signaltap:auto_signaltap_0|sld_signaltap_impl:sld_signaltap_body|sld_signaltap_implb:sld_signaltap_body|sld_ela_control:ela_control|sld_ela_basic_multi_level_trigger:\basic_multi_level_mbpm_trigger_gen:multi_level_mbpm|lpm_shiftreg:trigger_condition_deserialize|dffs[72]                                                                    ; sld_signaltap:auto_signaltap_0|sld_signaltap_impl:sld_signaltap_body|sld_signaltap_implb:sld_signaltap_body|sld_ela_control:ela_control|sld_ela_basic_multi_level_trigger:\basic_multi_level_mbpm_trigger_gen:multi_level_mbpm|lpm_shiftreg:trigger_condition_deserialize|dffs[71]                                                                    ; altera_reserved_tck ; altera_reserved_tck ; 0.000        ; 0.036      ; 0.318      ;
; 0.198 ; sld_signaltap:auto_signaltap_0|sld_signaltap_impl:sld_signaltap_body|sld_signaltap_implb:sld_signaltap_body|sld_ela_control:ela_control|sld_ela_basic_multi_level_trigger:\basic_multi_level_mbpm_trigger_gen:multi_level_mbpm|lpm_shiftreg:trigger_condition_deserialize|dffs[94]                                                                    ; sld_signaltap:auto_signaltap_0|sld_signaltap_impl:sld_signaltap_body|sld_signaltap_implb:sld_signaltap_body|sld_ela_control:ela_control|sld_ela_basic_multi_level_trigger:\basic_multi_level_mbpm_trigger_gen:multi_level_mbpm|lpm_shiftreg:trigger_condition_deserialize|dffs[93]                                                                    ; altera_reserved_tck ; altera_reserved_tck ; 0.000        ; 0.036      ; 0.318      ;
; 0.198 ; sld_signaltap:auto_signaltap_0|sld_signaltap_impl:sld_signaltap_body|sld_signaltap_implb:sld_signaltap_body|sld_ela_control:ela_control|sld_ela_basic_multi_level_trigger:\basic_multi_level_mbpm_trigger_gen:multi_level_mbpm|lpm_shiftreg:trigger_condition_deserialize|dffs[97]                                                                    ; sld_signaltap:auto_signaltap_0|sld_signaltap_impl:sld_signaltap_body|sld_signaltap_implb:sld_signaltap_body|sld_ela_control:ela_control|sld_ela_basic_multi_level_trigger:\basic_multi_level_mbpm_trigger_gen:multi_level_mbpm|lpm_shiftreg:trigger_condition_deserialize|dffs[96]                                                                    ; altera_reserved_tck ; altera_reserved_tck ; 0.000        ; 0.036      ; 0.318      ;
; 0.198 ; sld_signaltap:auto_signaltap_0|sld_signaltap_impl:sld_signaltap_body|sld_signaltap_implb:sld_signaltap_body|sld_ela_control:ela_control|sld_ela_basic_multi_level_trigger:\basic_multi_level_mbpm_trigger_gen:multi_level_mbpm|lpm_shiftreg:trigger_condition_deserialize|dffs[102]                                                                   ; sld_signaltap:auto_signaltap_0|sld_signaltap_impl:sld_signaltap_body|sld_signaltap_implb:sld_signaltap_body|sld_ela_control:ela_control|sld_ela_basic_multi_level_trigger:\basic_multi_level_mbpm_trigger_gen:multi_level_mbpm|lpm_shiftreg:trigger_condition_deserialize|dffs[101]                                                                   ; altera_reserved_tck ; altera_reserved_tck ; 0.000        ; 0.037      ; 0.319      ;
; 0.198 ; sld_hub:auto_hub|alt_sld_fab_with_jtag_input:\instrumentation_fabric_with_node_gen:fabric_gen_new_way:with_jtag_input_gen:instrumentation_fabric|alt_sld_fab:instrumentation_fabric|alt_sld_fab_alt_sld_fab:alt_sld_fab|alt_sld_fab_alt_sld_fab_sldfabric:sldfabric|sld_jtag_hub:\jtag_hub_gen:real_sld_jtag_hub|irsr_reg[6]                          ; sld_hub:auto_hub|alt_sld_fab_with_jtag_input:\instrumentation_fabric_with_node_gen:fabric_gen_new_way:with_jtag_input_gen:instrumentation_fabric|alt_sld_fab:instrumentation_fabric|alt_sld_fab_alt_sld_fab:alt_sld_fab|alt_sld_fab_alt_sld_fab_sldfabric:sldfabric|sld_jtag_hub:\jtag_hub_gen:real_sld_jtag_hub|irf_reg[1][6]                        ; altera_reserved_tck ; altera_reserved_tck ; 0.000        ; 0.036      ; 0.318      ;
; 0.198 ; sld_hub:auto_hub|alt_sld_fab_with_jtag_input:\instrumentation_fabric_with_node_gen:fabric_gen_new_way:with_jtag_input_gen:instrumentation_fabric|alt_sld_fab:instrumentation_fabric|alt_sld_fab_alt_sld_fab:alt_sld_fab|alt_sld_fab_alt_sld_fab_sldfabric:sldfabric|sld_jtag_hub:\jtag_hub_gen:real_sld_jtag_hub|jtag_ir_reg[8]                       ; sld_hub:auto_hub|alt_sld_fab_with_jtag_input:\instrumentation_fabric_with_node_gen:fabric_gen_new_way:with_jtag_input_gen:instrumentation_fabric|alt_sld_fab:instrumentation_fabric|alt_sld_fab_alt_sld_fab:alt_sld_fab|alt_sld_fab_alt_sld_fab_sldfabric:sldfabric|sld_jtag_hub:\jtag_hub_gen:real_sld_jtag_hub|jtag_ir_reg[7]                       ; altera_reserved_tck ; altera_reserved_tck ; 0.000        ; 0.037      ; 0.319      ;
; 0.199 ; sld_signaltap:auto_signaltap_0|sld_signaltap_impl:sld_signaltap_body|sld_signaltap_implb:sld_signaltap_body|sld_offload_buffer_mgr:\stp_non_zero_depth_offload_gen:stp_offload_buff_mgr_inst|lpm_counter:read_pointer_counter|cntr_i6j:auto_generated|counter_reg_bit[2]                                                                              ; sld_signaltap:auto_signaltap_0|sld_signaltap_impl:sld_signaltap_body|sld_signaltap_implb:sld_signaltap_body|altsyncram:\stp_non_zero_ram_gen:stp_buffer_ram|altsyncram_8524:auto_generated|ram_block1a0~portb_address_reg0                                                                                                                            ; altera_reserved_tck ; altera_reserved_tck ; 0.000        ; 0.182      ; 0.485      ;
; 0.199 ; sld_signaltap:auto_signaltap_0|sld_signaltap_impl:sld_signaltap_body|sld_signaltap_implb:sld_signaltap_body|lpm_shiftreg:segment_offset_config_deserialize|dffs[1]                                                                                                                                                                                    ; sld_signaltap:auto_signaltap_0|sld_signaltap_impl:sld_signaltap_body|sld_signaltap_implb:sld_signaltap_body|lpm_shiftreg:segment_offset_config_deserialize|dffs[0]                                                                                                                                                                                    ; altera_reserved_tck ; altera_reserved_tck ; 0.000        ; 0.037      ; 0.320      ;
; 0.199 ; sld_signaltap:auto_signaltap_0|sld_signaltap_impl:sld_signaltap_body|sld_signaltap_implb:sld_signaltap_body|sld_ela_control:ela_control|sld_ela_basic_multi_level_trigger:\basic_multi_level_mbpm_trigger_gen:multi_level_mbpm|lpm_shiftreg:trigger_condition_deserialize|dffs[12]                                                                    ; sld_signaltap:auto_signaltap_0|sld_signaltap_impl:sld_signaltap_body|sld_signaltap_implb:sld_signaltap_body|sld_ela_control:ela_control|sld_ela_basic_multi_level_trigger:\basic_multi_level_mbpm_trigger_gen:multi_level_mbpm|lpm_shiftreg:trigger_condition_deserialize|dffs[11]                                                                    ; altera_reserved_tck ; altera_reserved_tck ; 0.000        ; 0.037      ; 0.320      ;
; 0.199 ; sld_signaltap:auto_signaltap_0|sld_signaltap_impl:sld_signaltap_body|sld_signaltap_implb:sld_signaltap_body|sld_ela_control:ela_control|sld_ela_basic_multi_level_trigger:\basic_multi_level_mbpm_trigger_gen:multi_level_mbpm|lpm_shiftreg:trigger_condition_deserialize|dffs[13]                                                                    ; sld_signaltap:auto_signaltap_0|sld_signaltap_impl:sld_signaltap_body|sld_signaltap_implb:sld_signaltap_body|sld_ela_control:ela_control|sld_ela_basic_multi_level_trigger:\basic_multi_level_mbpm_trigger_gen:multi_level_mbpm|lpm_shiftreg:trigger_condition_deserialize|dffs[12]                                                                    ; altera_reserved_tck ; altera_reserved_tck ; 0.000        ; 0.037      ; 0.320      ;
; 0.199 ; sld_signaltap:auto_signaltap_0|sld_signaltap_impl:sld_signaltap_body|sld_signaltap_implb:sld_signaltap_body|sld_ela_control:ela_control|sld_ela_basic_multi_level_trigger:\basic_multi_level_mbpm_trigger_gen:multi_level_mbpm|lpm_shiftreg:trigger_condition_deserialize|dffs[16]                                                                    ; sld_signaltap:auto_signaltap_0|sld_signaltap_impl:sld_signaltap_body|sld_signaltap_implb:sld_signaltap_body|sld_ela_control:ela_control|sld_ela_basic_multi_level_trigger:\basic_multi_level_mbpm_trigger_gen:multi_level_mbpm|lpm_shiftreg:trigger_condition_deserialize|dffs[15]                                                                    ; altera_reserved_tck ; altera_reserved_tck ; 0.000        ; 0.037      ; 0.320      ;
; 0.199 ; sld_signaltap:auto_signaltap_0|sld_signaltap_impl:sld_signaltap_body|sld_signaltap_implb:sld_signaltap_body|sld_ela_control:ela_control|sld_ela_basic_multi_level_trigger:\basic_multi_level_mbpm_trigger_gen:multi_level_mbpm|lpm_shiftreg:trigger_condition_deserialize|dffs[28]                                                                    ; sld_signaltap:auto_signaltap_0|sld_signaltap_impl:sld_signaltap_body|sld_signaltap_implb:sld_signaltap_body|sld_ela_control:ela_control|sld_ela_basic_multi_level_trigger:\basic_multi_level_mbpm_trigger_gen:multi_level_mbpm|lpm_shiftreg:trigger_condition_deserialize|dffs[27]                                                                    ; altera_reserved_tck ; altera_reserved_tck ; 0.000        ; 0.036      ; 0.319      ;
; 0.199 ; sld_signaltap:auto_signaltap_0|sld_signaltap_impl:sld_signaltap_body|sld_signaltap_implb:sld_signaltap_body|sld_ela_control:ela_control|sld_ela_basic_multi_level_trigger:\basic_multi_level_mbpm_trigger_gen:multi_level_mbpm|lpm_shiftreg:trigger_condition_deserialize|dffs[30]                                                                    ; sld_signaltap:auto_signaltap_0|sld_signaltap_impl:sld_signaltap_body|sld_signaltap_implb:sld_signaltap_body|sld_ela_control:ela_control|sld_ela_basic_multi_level_trigger:\basic_multi_level_mbpm_trigger_gen:multi_level_mbpm|lpm_shiftreg:trigger_condition_deserialize|dffs[29]                                                                    ; altera_reserved_tck ; altera_reserved_tck ; 0.000        ; 0.036      ; 0.319      ;
; 0.199 ; sld_signaltap:auto_signaltap_0|sld_signaltap_impl:sld_signaltap_body|sld_signaltap_implb:sld_signaltap_body|sld_ela_control:ela_control|sld_ela_basic_multi_level_trigger:\basic_multi_level_mbpm_trigger_gen:multi_level_mbpm|lpm_shiftreg:trigger_condition_deserialize|dffs[42]                                                                    ; sld_signaltap:auto_signaltap_0|sld_signaltap_impl:sld_signaltap_body|sld_signaltap_implb:sld_signaltap_body|sld_ela_control:ela_control|sld_ela_basic_multi_level_trigger:\basic_multi_level_mbpm_trigger_gen:multi_level_mbpm|lpm_shiftreg:trigger_condition_deserialize|dffs[41]                                                                    ; altera_reserved_tck ; altera_reserved_tck ; 0.000        ; 0.036      ; 0.319      ;
; 0.199 ; sld_signaltap:auto_signaltap_0|sld_signaltap_impl:sld_signaltap_body|sld_signaltap_implb:sld_signaltap_body|sld_ela_control:ela_control|sld_ela_basic_multi_level_trigger:\basic_multi_level_mbpm_trigger_gen:multi_level_mbpm|lpm_shiftreg:trigger_condition_deserialize|dffs[43]                                                                    ; sld_signaltap:auto_signaltap_0|sld_signaltap_impl:sld_signaltap_body|sld_signaltap_implb:sld_signaltap_body|sld_ela_control:ela_control|sld_ela_basic_multi_level_trigger:\basic_multi_level_mbpm_trigger_gen:multi_level_mbpm|lpm_shiftreg:trigger_condition_deserialize|dffs[42]                                                                    ; altera_reserved_tck ; altera_reserved_tck ; 0.000        ; 0.036      ; 0.319      ;
; 0.199 ; sld_signaltap:auto_signaltap_0|sld_signaltap_impl:sld_signaltap_body|sld_signaltap_implb:sld_signaltap_body|sld_ela_control:ela_control|sld_ela_basic_multi_level_trigger:\basic_multi_level_mbpm_trigger_gen:multi_level_mbpm|lpm_shiftreg:trigger_condition_deserialize|dffs[55]                                                                    ; sld_signaltap:auto_signaltap_0|sld_signaltap_impl:sld_signaltap_body|sld_signaltap_implb:sld_signaltap_body|sld_ela_control:ela_control|sld_ela_basic_multi_level_trigger:\basic_multi_level_mbpm_trigger_gen:multi_level_mbpm|lpm_shiftreg:trigger_condition_deserialize|dffs[54]                                                                    ; altera_reserved_tck ; altera_reserved_tck ; 0.000        ; 0.036      ; 0.319      ;
; 0.199 ; sld_signaltap:auto_signaltap_0|sld_signaltap_impl:sld_signaltap_body|sld_signaltap_implb:sld_signaltap_body|sld_ela_control:ela_control|sld_ela_basic_multi_level_trigger:\basic_multi_level_mbpm_trigger_gen:multi_level_mbpm|lpm_shiftreg:trigger_condition_deserialize|dffs[70]                                                                    ; sld_signaltap:auto_signaltap_0|sld_signaltap_impl:sld_signaltap_body|sld_signaltap_implb:sld_signaltap_body|sld_ela_control:ela_control|sld_ela_basic_multi_level_trigger:\basic_multi_level_mbpm_trigger_gen:multi_level_mbpm|lpm_shiftreg:trigger_condition_deserialize|dffs[69]                                                                    ; altera_reserved_tck ; altera_reserved_tck ; 0.000        ; 0.036      ; 0.319      ;
; 0.199 ; sld_signaltap:auto_signaltap_0|sld_signaltap_impl:sld_signaltap_body|sld_signaltap_implb:sld_signaltap_body|sld_ela_control:ela_control|sld_ela_basic_multi_level_trigger:\basic_multi_level_mbpm_trigger_gen:multi_level_mbpm|lpm_shiftreg:trigger_condition_deserialize|dffs[81]                                                                    ; sld_signaltap:auto_signaltap_0|sld_signaltap_impl:sld_signaltap_body|sld_signaltap_implb:sld_signaltap_body|sld_ela_control:ela_control|sld_ela_basic_multi_level_trigger:\basic_multi_level_mbpm_trigger_gen:multi_level_mbpm|lpm_shiftreg:trigger_condition_deserialize|dffs[80]                                                                    ; altera_reserved_tck ; altera_reserved_tck ; 0.000        ; 0.036      ; 0.319      ;
; 0.199 ; sld_signaltap:auto_signaltap_0|sld_signaltap_impl:sld_signaltap_body|sld_signaltap_implb:sld_signaltap_body|sld_ela_control:ela_control|sld_ela_basic_multi_level_trigger:\basic_multi_level_mbpm_trigger_gen:multi_level_mbpm|lpm_shiftreg:trigger_condition_deserialize|dffs[100]                                                                   ; sld_signaltap:auto_signaltap_0|sld_signaltap_impl:sld_signaltap_body|sld_signaltap_implb:sld_signaltap_body|sld_ela_control:ela_control|sld_ela_basic_multi_level_trigger:\basic_multi_level_mbpm_trigger_gen:multi_level_mbpm|lpm_shiftreg:trigger_condition_deserialize|dffs[99]                                                                    ; altera_reserved_tck ; altera_reserved_tck ; 0.000        ; 0.037      ; 0.320      ;
; 0.199 ; sld_hub:auto_hub|alt_sld_fab_with_jtag_input:\instrumentation_fabric_with_node_gen:fabric_gen_new_way:with_jtag_input_gen:instrumentation_fabric|alt_sld_fab:instrumentation_fabric|alt_sld_fab_alt_sld_fab:alt_sld_fab|alt_sld_fab_alt_sld_fab_sldfabric:sldfabric|sld_jtag_hub:\jtag_hub_gen:real_sld_jtag_hub|irsr_reg[8]                          ; sld_hub:auto_hub|alt_sld_fab_with_jtag_input:\instrumentation_fabric_with_node_gen:fabric_gen_new_way:with_jtag_input_gen:instrumentation_fabric|alt_sld_fab:instrumentation_fabric|alt_sld_fab_alt_sld_fab:alt_sld_fab|alt_sld_fab_alt_sld_fab_sldfabric:sldfabric|sld_jtag_hub:\jtag_hub_gen:real_sld_jtag_hub|irsr_reg[7]                          ; altera_reserved_tck ; altera_reserved_tck ; 0.000        ; 0.036      ; 0.319      ;
; 0.200 ; sld_signaltap:auto_signaltap_0|sld_signaltap_impl:sld_signaltap_body|sld_signaltap_implb:sld_signaltap_body|sld_ela_control:ela_control|sld_ela_basic_multi_level_trigger:\basic_multi_level_mbpm_trigger_gen:multi_level_mbpm|lpm_shiftreg:trigger_condition_deserialize|dffs[27]                                                                    ; sld_signaltap:auto_signaltap_0|sld_signaltap_impl:sld_signaltap_body|sld_signaltap_implb:sld_signaltap_body|sld_ela_control:ela_control|sld_ela_basic_multi_level_trigger:\basic_multi_level_mbpm_trigger_gen:multi_level_mbpm|lpm_shiftreg:trigger_condition_deserialize|dffs[26]                                                                    ; altera_reserved_tck ; altera_reserved_tck ; 0.000        ; 0.036      ; 0.320      ;
+-------+-------------------------------------------------------------------------------------------------------------------------------------------------------------------------------------------------------------------------------------------------------------------------------------------------------------------------------------------------------+-------------------------------------------------------------------------------------------------------------------------------------------------------------------------------------------------------------------------------------------------------------------------------------------------------------------------------------------------------+---------------------+---------------------+--------------+------------+------------+


+----------------------------------------------------------------------------------------------------------------------------------------------------------------------------------------------------------------------------------------------------------------------------------------------------------------------------------------------------------------------------------------------------------------------------------------------------------------------------------------------------------+
; Fast 1200mV 0C Model Recovery: 'altera_reserved_tck'                                                                                                                                                                                                                                                                                                                                                                                                                                                     ;
+--------+-----------------------------------------------------------------------------------------------------------------------+------------------------------------------------------------------------------------------------------------------------------------------------------------------------------------------------------------------------------------------------------------------------------------+---------------------+---------------------+--------------+------------+------------+
; Slack  ; From Node                                                                                                             ; To Node                                                                                                                                                                                                                                                                            ; Launch Clock        ; Latch Clock         ; Relationship ; Clock Skew ; Data Delay ;
+--------+-----------------------------------------------------------------------------------------------------------------------+------------------------------------------------------------------------------------------------------------------------------------------------------------------------------------------------------------------------------------------------------------------------------------+---------------------+---------------------+--------------+------------+------------+
; 98.020 ; sld_signaltap:auto_signaltap_0|sld_signaltap_impl:sld_signaltap_body|sld_signaltap_implb:sld_signaltap_body|reset_all ; sld_signaltap:auto_signaltap_0|sld_signaltap_impl:sld_signaltap_body|sld_signaltap_implb:sld_signaltap_body|sld_offload_buffer_mgr:\stp_non_zero_depth_offload_gen:stp_offload_buff_mgr_inst|lpm_shiftreg:status_data_shift_out|dffs[8]                                            ; altera_reserved_tck ; altera_reserved_tck ; 100.000      ; -0.054     ; 1.933      ;
; 98.020 ; sld_signaltap:auto_signaltap_0|sld_signaltap_impl:sld_signaltap_body|sld_signaltap_implb:sld_signaltap_body|reset_all ; sld_signaltap:auto_signaltap_0|sld_signaltap_impl:sld_signaltap_body|sld_signaltap_implb:sld_signaltap_body|sld_offload_buffer_mgr:\stp_non_zero_depth_offload_gen:stp_offload_buff_mgr_inst|lpm_shiftreg:status_data_shift_out|dffs[9]                                            ; altera_reserved_tck ; altera_reserved_tck ; 100.000      ; -0.054     ; 1.933      ;
; 98.020 ; sld_signaltap:auto_signaltap_0|sld_signaltap_impl:sld_signaltap_body|sld_signaltap_implb:sld_signaltap_body|reset_all ; sld_signaltap:auto_signaltap_0|sld_signaltap_impl:sld_signaltap_body|sld_signaltap_implb:sld_signaltap_body|sld_offload_buffer_mgr:\stp_non_zero_depth_offload_gen:stp_offload_buff_mgr_inst|lpm_shiftreg:status_data_shift_out|dffs[11]                                           ; altera_reserved_tck ; altera_reserved_tck ; 100.000      ; -0.054     ; 1.933      ;
; 98.020 ; sld_signaltap:auto_signaltap_0|sld_signaltap_impl:sld_signaltap_body|sld_signaltap_implb:sld_signaltap_body|reset_all ; sld_signaltap:auto_signaltap_0|sld_signaltap_impl:sld_signaltap_body|sld_signaltap_implb:sld_signaltap_body|sld_offload_buffer_mgr:\stp_non_zero_depth_offload_gen:stp_offload_buff_mgr_inst|lpm_shiftreg:status_data_shift_out|dffs[12]                                           ; altera_reserved_tck ; altera_reserved_tck ; 100.000      ; -0.054     ; 1.933      ;
; 98.020 ; sld_signaltap:auto_signaltap_0|sld_signaltap_impl:sld_signaltap_body|sld_signaltap_implb:sld_signaltap_body|reset_all ; sld_signaltap:auto_signaltap_0|sld_signaltap_impl:sld_signaltap_body|sld_signaltap_implb:sld_signaltap_body|sld_offload_buffer_mgr:\stp_non_zero_depth_offload_gen:stp_offload_buff_mgr_inst|lpm_shiftreg:status_data_shift_out|dffs[13]                                           ; altera_reserved_tck ; altera_reserved_tck ; 100.000      ; -0.054     ; 1.933      ;
; 98.020 ; sld_signaltap:auto_signaltap_0|sld_signaltap_impl:sld_signaltap_body|sld_signaltap_implb:sld_signaltap_body|reset_all ; sld_signaltap:auto_signaltap_0|sld_signaltap_impl:sld_signaltap_body|sld_signaltap_implb:sld_signaltap_body|sld_offload_buffer_mgr:\stp_non_zero_depth_offload_gen:stp_offload_buff_mgr_inst|lpm_shiftreg:status_data_shift_out|dffs[10]                                           ; altera_reserved_tck ; altera_reserved_tck ; 100.000      ; -0.054     ; 1.933      ;
; 98.020 ; sld_signaltap:auto_signaltap_0|sld_signaltap_impl:sld_signaltap_body|sld_signaltap_implb:sld_signaltap_body|reset_all ; sld_signaltap:auto_signaltap_0|sld_signaltap_impl:sld_signaltap_body|sld_signaltap_implb:sld_signaltap_body|sld_offload_buffer_mgr:\stp_non_zero_depth_offload_gen:stp_offload_buff_mgr_inst|lpm_shiftreg:status_data_shift_out|dffs[14]                                           ; altera_reserved_tck ; altera_reserved_tck ; 100.000      ; -0.054     ; 1.933      ;
; 98.022 ; sld_signaltap:auto_signaltap_0|sld_signaltap_impl:sld_signaltap_body|sld_signaltap_implb:sld_signaltap_body|reset_all ; sld_signaltap:auto_signaltap_0|sld_signaltap_impl:sld_signaltap_body|sld_signaltap_implb:sld_signaltap_body|sld_offload_buffer_mgr:\stp_non_zero_depth_offload_gen:stp_offload_buff_mgr_inst|lpm_shiftreg:ram_data_shift_out|dffs[32]                                              ; altera_reserved_tck ; altera_reserved_tck ; 100.000      ; -0.043     ; 1.942      ;
; 98.022 ; sld_signaltap:auto_signaltap_0|sld_signaltap_impl:sld_signaltap_body|sld_signaltap_implb:sld_signaltap_body|reset_all ; sld_signaltap:auto_signaltap_0|sld_signaltap_impl:sld_signaltap_body|sld_signaltap_implb:sld_signaltap_body|sld_offload_buffer_mgr:\stp_non_zero_depth_offload_gen:stp_offload_buff_mgr_inst|lpm_shiftreg:ram_data_shift_out|dffs[33]                                              ; altera_reserved_tck ; altera_reserved_tck ; 100.000      ; -0.043     ; 1.942      ;
; 98.022 ; sld_signaltap:auto_signaltap_0|sld_signaltap_impl:sld_signaltap_body|sld_signaltap_implb:sld_signaltap_body|reset_all ; sld_signaltap:auto_signaltap_0|sld_signaltap_impl:sld_signaltap_body|sld_signaltap_implb:sld_signaltap_body|sld_offload_buffer_mgr:\stp_non_zero_depth_offload_gen:stp_offload_buff_mgr_inst|lpm_shiftreg:ram_data_shift_out|dffs[34]                                              ; altera_reserved_tck ; altera_reserved_tck ; 100.000      ; -0.043     ; 1.942      ;
; 98.022 ; sld_signaltap:auto_signaltap_0|sld_signaltap_impl:sld_signaltap_body|sld_signaltap_implb:sld_signaltap_body|reset_all ; sld_signaltap:auto_signaltap_0|sld_signaltap_impl:sld_signaltap_body|sld_signaltap_implb:sld_signaltap_body|sld_offload_buffer_mgr:\stp_non_zero_depth_offload_gen:stp_offload_buff_mgr_inst|lpm_shiftreg:ram_data_shift_out|dffs[35]                                              ; altera_reserved_tck ; altera_reserved_tck ; 100.000      ; -0.043     ; 1.942      ;
; 98.023 ; sld_signaltap:auto_signaltap_0|sld_signaltap_impl:sld_signaltap_body|sld_signaltap_implb:sld_signaltap_body|reset_all ; sld_signaltap:auto_signaltap_0|sld_signaltap_impl:sld_signaltap_body|sld_signaltap_implb:sld_signaltap_body|bypass_reg_out                                                                                                                                                         ; altera_reserved_tck ; altera_reserved_tck ; 100.000      ; -0.036     ; 1.948      ;
; 98.023 ; sld_signaltap:auto_signaltap_0|sld_signaltap_impl:sld_signaltap_body|sld_signaltap_implb:sld_signaltap_body|reset_all ; sld_signaltap:auto_signaltap_0|sld_signaltap_impl:sld_signaltap_body|sld_signaltap_implb:sld_signaltap_body|sld_offload_buffer_mgr:\stp_non_zero_depth_offload_gen:stp_offload_buff_mgr_inst|lpm_shiftreg:status_data_shift_out|dffs[0]                                            ; altera_reserved_tck ; altera_reserved_tck ; 100.000      ; -0.036     ; 1.948      ;
; 98.023 ; sld_signaltap:auto_signaltap_0|sld_signaltap_impl:sld_signaltap_body|sld_signaltap_implb:sld_signaltap_body|reset_all ; sld_signaltap:auto_signaltap_0|sld_signaltap_impl:sld_signaltap_body|sld_signaltap_implb:sld_signaltap_body|sld_offload_buffer_mgr:\stp_non_zero_depth_offload_gen:stp_offload_buff_mgr_inst|lpm_shiftreg:status_data_shift_out|dffs[1]                                            ; altera_reserved_tck ; altera_reserved_tck ; 100.000      ; -0.050     ; 1.934      ;
; 98.023 ; sld_signaltap:auto_signaltap_0|sld_signaltap_impl:sld_signaltap_body|sld_signaltap_implb:sld_signaltap_body|reset_all ; sld_signaltap:auto_signaltap_0|sld_signaltap_impl:sld_signaltap_body|sld_signaltap_implb:sld_signaltap_body|sld_offload_buffer_mgr:\stp_non_zero_depth_offload_gen:stp_offload_buff_mgr_inst|lpm_shiftreg:status_data_shift_out|dffs[2]                                            ; altera_reserved_tck ; altera_reserved_tck ; 100.000      ; -0.050     ; 1.934      ;
; 98.023 ; sld_signaltap:auto_signaltap_0|sld_signaltap_impl:sld_signaltap_body|sld_signaltap_implb:sld_signaltap_body|reset_all ; sld_signaltap:auto_signaltap_0|sld_signaltap_impl:sld_signaltap_body|sld_signaltap_implb:sld_signaltap_body|sld_offload_buffer_mgr:\stp_non_zero_depth_offload_gen:stp_offload_buff_mgr_inst|lpm_shiftreg:status_data_shift_out|dffs[3]                                            ; altera_reserved_tck ; altera_reserved_tck ; 100.000      ; -0.050     ; 1.934      ;
; 98.023 ; sld_signaltap:auto_signaltap_0|sld_signaltap_impl:sld_signaltap_body|sld_signaltap_implb:sld_signaltap_body|reset_all ; sld_signaltap:auto_signaltap_0|sld_signaltap_impl:sld_signaltap_body|sld_signaltap_implb:sld_signaltap_body|sld_offload_buffer_mgr:\stp_non_zero_depth_offload_gen:stp_offload_buff_mgr_inst|lpm_shiftreg:status_data_shift_out|dffs[4]                                            ; altera_reserved_tck ; altera_reserved_tck ; 100.000      ; -0.050     ; 1.934      ;
; 98.023 ; sld_signaltap:auto_signaltap_0|sld_signaltap_impl:sld_signaltap_body|sld_signaltap_implb:sld_signaltap_body|reset_all ; sld_signaltap:auto_signaltap_0|sld_signaltap_impl:sld_signaltap_body|sld_signaltap_implb:sld_signaltap_body|sld_offload_buffer_mgr:\stp_non_zero_depth_offload_gen:stp_offload_buff_mgr_inst|lpm_shiftreg:status_data_shift_out|dffs[5]                                            ; altera_reserved_tck ; altera_reserved_tck ; 100.000      ; -0.050     ; 1.934      ;
; 98.023 ; sld_signaltap:auto_signaltap_0|sld_signaltap_impl:sld_signaltap_body|sld_signaltap_implb:sld_signaltap_body|reset_all ; sld_signaltap:auto_signaltap_0|sld_signaltap_impl:sld_signaltap_body|sld_signaltap_implb:sld_signaltap_body|sld_offload_buffer_mgr:\stp_non_zero_depth_offload_gen:stp_offload_buff_mgr_inst|lpm_shiftreg:status_data_shift_out|dffs[6]                                            ; altera_reserved_tck ; altera_reserved_tck ; 100.000      ; -0.050     ; 1.934      ;
; 98.023 ; sld_signaltap:auto_signaltap_0|sld_signaltap_impl:sld_signaltap_body|sld_signaltap_implb:sld_signaltap_body|reset_all ; sld_signaltap:auto_signaltap_0|sld_signaltap_impl:sld_signaltap_body|sld_signaltap_implb:sld_signaltap_body|sld_offload_buffer_mgr:\stp_non_zero_depth_offload_gen:stp_offload_buff_mgr_inst|lpm_shiftreg:status_data_shift_out|dffs[7]                                            ; altera_reserved_tck ; altera_reserved_tck ; 100.000      ; -0.050     ; 1.934      ;
; 98.023 ; sld_signaltap:auto_signaltap_0|sld_signaltap_impl:sld_signaltap_body|sld_signaltap_implb:sld_signaltap_body|reset_all ; sld_signaltap:auto_signaltap_0|sld_signaltap_impl:sld_signaltap_body|sld_signaltap_implb:sld_signaltap_body|sld_offload_buffer_mgr:\stp_non_zero_depth_offload_gen:stp_offload_buff_mgr_inst|lpm_shiftreg:info_data_shift_out|dffs[0]                                              ; altera_reserved_tck ; altera_reserved_tck ; 100.000      ; -0.036     ; 1.948      ;
; 98.023 ; sld_signaltap:auto_signaltap_0|sld_signaltap_impl:sld_signaltap_body|sld_signaltap_implb:sld_signaltap_body|reset_all ; sld_signaltap:auto_signaltap_0|sld_signaltap_impl:sld_signaltap_body|sld_signaltap_implb:sld_signaltap_body|sld_offload_buffer_mgr:\stp_non_zero_depth_offload_gen:stp_offload_buff_mgr_inst|lpm_shiftreg:info_data_shift_out|dffs[1]                                              ; altera_reserved_tck ; altera_reserved_tck ; 100.000      ; -0.042     ; 1.942      ;
; 98.023 ; sld_signaltap:auto_signaltap_0|sld_signaltap_impl:sld_signaltap_body|sld_signaltap_implb:sld_signaltap_body|reset_all ; sld_signaltap:auto_signaltap_0|sld_signaltap_impl:sld_signaltap_body|sld_signaltap_implb:sld_signaltap_body|sld_offload_buffer_mgr:\stp_non_zero_depth_offload_gen:stp_offload_buff_mgr_inst|lpm_shiftreg:info_data_shift_out|dffs[2]                                              ; altera_reserved_tck ; altera_reserved_tck ; 100.000      ; -0.042     ; 1.942      ;
; 98.023 ; sld_signaltap:auto_signaltap_0|sld_signaltap_impl:sld_signaltap_body|sld_signaltap_implb:sld_signaltap_body|reset_all ; sld_signaltap:auto_signaltap_0|sld_signaltap_impl:sld_signaltap_body|sld_signaltap_implb:sld_signaltap_body|sld_offload_buffer_mgr:\stp_non_zero_depth_offload_gen:stp_offload_buff_mgr_inst|lpm_shiftreg:info_data_shift_out|dffs[3]                                              ; altera_reserved_tck ; altera_reserved_tck ; 100.000      ; -0.042     ; 1.942      ;
; 98.023 ; sld_signaltap:auto_signaltap_0|sld_signaltap_impl:sld_signaltap_body|sld_signaltap_implb:sld_signaltap_body|reset_all ; sld_signaltap:auto_signaltap_0|sld_signaltap_impl:sld_signaltap_body|sld_signaltap_implb:sld_signaltap_body|sld_offload_buffer_mgr:\stp_non_zero_depth_offload_gen:stp_offload_buff_mgr_inst|lpm_shiftreg:info_data_shift_out|dffs[4]                                              ; altera_reserved_tck ; altera_reserved_tck ; 100.000      ; -0.042     ; 1.942      ;
; 98.023 ; sld_signaltap:auto_signaltap_0|sld_signaltap_impl:sld_signaltap_body|sld_signaltap_implb:sld_signaltap_body|reset_all ; sld_signaltap:auto_signaltap_0|sld_signaltap_impl:sld_signaltap_body|sld_signaltap_implb:sld_signaltap_body|sld_offload_buffer_mgr:\stp_non_zero_depth_offload_gen:stp_offload_buff_mgr_inst|lpm_shiftreg:info_data_shift_out|dffs[5]                                              ; altera_reserved_tck ; altera_reserved_tck ; 100.000      ; -0.042     ; 1.942      ;
; 98.023 ; sld_signaltap:auto_signaltap_0|sld_signaltap_impl:sld_signaltap_body|sld_signaltap_implb:sld_signaltap_body|reset_all ; sld_signaltap:auto_signaltap_0|sld_signaltap_impl:sld_signaltap_body|sld_signaltap_implb:sld_signaltap_body|sld_offload_buffer_mgr:\stp_non_zero_depth_offload_gen:stp_offload_buff_mgr_inst|lpm_shiftreg:info_data_shift_out|dffs[6]                                              ; altera_reserved_tck ; altera_reserved_tck ; 100.000      ; -0.042     ; 1.942      ;
; 98.023 ; sld_signaltap:auto_signaltap_0|sld_signaltap_impl:sld_signaltap_body|sld_signaltap_implb:sld_signaltap_body|reset_all ; sld_signaltap:auto_signaltap_0|sld_signaltap_impl:sld_signaltap_body|sld_signaltap_implb:sld_signaltap_body|sld_offload_buffer_mgr:\stp_non_zero_depth_offload_gen:stp_offload_buff_mgr_inst|lpm_shiftreg:info_data_shift_out|dffs[7]                                              ; altera_reserved_tck ; altera_reserved_tck ; 100.000      ; -0.042     ; 1.942      ;
; 98.023 ; sld_signaltap:auto_signaltap_0|sld_signaltap_impl:sld_signaltap_body|sld_signaltap_implb:sld_signaltap_body|reset_all ; sld_signaltap:auto_signaltap_0|sld_signaltap_impl:sld_signaltap_body|sld_signaltap_implb:sld_signaltap_body|sld_offload_buffer_mgr:\stp_non_zero_depth_offload_gen:stp_offload_buff_mgr_inst|lpm_shiftreg:ram_data_shift_out|dffs[0]                                               ; altera_reserved_tck ; altera_reserved_tck ; 100.000      ; -0.045     ; 1.939      ;
; 98.023 ; sld_signaltap:auto_signaltap_0|sld_signaltap_impl:sld_signaltap_body|sld_signaltap_implb:sld_signaltap_body|reset_all ; sld_signaltap:auto_signaltap_0|sld_signaltap_impl:sld_signaltap_body|sld_signaltap_implb:sld_signaltap_body|sld_offload_buffer_mgr:\stp_non_zero_depth_offload_gen:stp_offload_buff_mgr_inst|lpm_shiftreg:ram_data_shift_out|dffs[1]                                               ; altera_reserved_tck ; altera_reserved_tck ; 100.000      ; -0.045     ; 1.939      ;
; 98.023 ; sld_signaltap:auto_signaltap_0|sld_signaltap_impl:sld_signaltap_body|sld_signaltap_implb:sld_signaltap_body|reset_all ; sld_signaltap:auto_signaltap_0|sld_signaltap_impl:sld_signaltap_body|sld_signaltap_implb:sld_signaltap_body|sld_offload_buffer_mgr:\stp_non_zero_depth_offload_gen:stp_offload_buff_mgr_inst|lpm_shiftreg:ram_data_shift_out|dffs[2]                                               ; altera_reserved_tck ; altera_reserved_tck ; 100.000      ; -0.045     ; 1.939      ;
; 98.023 ; sld_signaltap:auto_signaltap_0|sld_signaltap_impl:sld_signaltap_body|sld_signaltap_implb:sld_signaltap_body|reset_all ; sld_signaltap:auto_signaltap_0|sld_signaltap_impl:sld_signaltap_body|sld_signaltap_implb:sld_signaltap_body|sld_offload_buffer_mgr:\stp_non_zero_depth_offload_gen:stp_offload_buff_mgr_inst|lpm_shiftreg:ram_data_shift_out|dffs[3]                                               ; altera_reserved_tck ; altera_reserved_tck ; 100.000      ; -0.045     ; 1.939      ;
; 98.023 ; sld_signaltap:auto_signaltap_0|sld_signaltap_impl:sld_signaltap_body|sld_signaltap_implb:sld_signaltap_body|reset_all ; sld_signaltap:auto_signaltap_0|sld_signaltap_impl:sld_signaltap_body|sld_signaltap_implb:sld_signaltap_body|sld_offload_buffer_mgr:\stp_non_zero_depth_offload_gen:stp_offload_buff_mgr_inst|lpm_shiftreg:ram_data_shift_out|dffs[4]                                               ; altera_reserved_tck ; altera_reserved_tck ; 100.000      ; -0.045     ; 1.939      ;
; 98.023 ; sld_signaltap:auto_signaltap_0|sld_signaltap_impl:sld_signaltap_body|sld_signaltap_implb:sld_signaltap_body|reset_all ; sld_signaltap:auto_signaltap_0|sld_signaltap_impl:sld_signaltap_body|sld_signaltap_implb:sld_signaltap_body|sld_offload_buffer_mgr:\stp_non_zero_depth_offload_gen:stp_offload_buff_mgr_inst|lpm_shiftreg:ram_data_shift_out|dffs[5]                                               ; altera_reserved_tck ; altera_reserved_tck ; 100.000      ; -0.045     ; 1.939      ;
; 98.023 ; sld_signaltap:auto_signaltap_0|sld_signaltap_impl:sld_signaltap_body|sld_signaltap_implb:sld_signaltap_body|reset_all ; sld_signaltap:auto_signaltap_0|sld_signaltap_impl:sld_signaltap_body|sld_signaltap_implb:sld_signaltap_body|sld_offload_buffer_mgr:\stp_non_zero_depth_offload_gen:stp_offload_buff_mgr_inst|lpm_shiftreg:ram_data_shift_out|dffs[6]                                               ; altera_reserved_tck ; altera_reserved_tck ; 100.000      ; -0.045     ; 1.939      ;
; 98.023 ; sld_signaltap:auto_signaltap_0|sld_signaltap_impl:sld_signaltap_body|sld_signaltap_implb:sld_signaltap_body|reset_all ; sld_signaltap:auto_signaltap_0|sld_signaltap_impl:sld_signaltap_body|sld_signaltap_implb:sld_signaltap_body|sld_offload_buffer_mgr:\stp_non_zero_depth_offload_gen:stp_offload_buff_mgr_inst|lpm_shiftreg:ram_data_shift_out|dffs[7]                                               ; altera_reserved_tck ; altera_reserved_tck ; 100.000      ; -0.045     ; 1.939      ;
; 98.023 ; sld_signaltap:auto_signaltap_0|sld_signaltap_impl:sld_signaltap_body|sld_signaltap_implb:sld_signaltap_body|reset_all ; sld_signaltap:auto_signaltap_0|sld_signaltap_impl:sld_signaltap_body|sld_signaltap_implb:sld_signaltap_body|sld_offload_buffer_mgr:\stp_non_zero_depth_offload_gen:stp_offload_buff_mgr_inst|lpm_shiftreg:ram_data_shift_out|dffs[8]                                               ; altera_reserved_tck ; altera_reserved_tck ; 100.000      ; -0.045     ; 1.939      ;
; 98.023 ; sld_signaltap:auto_signaltap_0|sld_signaltap_impl:sld_signaltap_body|sld_signaltap_implb:sld_signaltap_body|reset_all ; sld_signaltap:auto_signaltap_0|sld_signaltap_impl:sld_signaltap_body|sld_signaltap_implb:sld_signaltap_body|sld_offload_buffer_mgr:\stp_non_zero_depth_offload_gen:stp_offload_buff_mgr_inst|lpm_shiftreg:ram_data_shift_out|dffs[9]                                               ; altera_reserved_tck ; altera_reserved_tck ; 100.000      ; -0.045     ; 1.939      ;
; 98.023 ; sld_signaltap:auto_signaltap_0|sld_signaltap_impl:sld_signaltap_body|sld_signaltap_implb:sld_signaltap_body|reset_all ; sld_signaltap:auto_signaltap_0|sld_signaltap_impl:sld_signaltap_body|sld_signaltap_implb:sld_signaltap_body|sld_offload_buffer_mgr:\stp_non_zero_depth_offload_gen:stp_offload_buff_mgr_inst|lpm_shiftreg:ram_data_shift_out|dffs[10]                                              ; altera_reserved_tck ; altera_reserved_tck ; 100.000      ; -0.045     ; 1.939      ;
; 98.023 ; sld_signaltap:auto_signaltap_0|sld_signaltap_impl:sld_signaltap_body|sld_signaltap_implb:sld_signaltap_body|reset_all ; sld_signaltap:auto_signaltap_0|sld_signaltap_impl:sld_signaltap_body|sld_signaltap_implb:sld_signaltap_body|sld_offload_buffer_mgr:\stp_non_zero_depth_offload_gen:stp_offload_buff_mgr_inst|lpm_shiftreg:ram_data_shift_out|dffs[11]                                              ; altera_reserved_tck ; altera_reserved_tck ; 100.000      ; -0.045     ; 1.939      ;
; 98.023 ; sld_signaltap:auto_signaltap_0|sld_signaltap_impl:sld_signaltap_body|sld_signaltap_implb:sld_signaltap_body|reset_all ; sld_signaltap:auto_signaltap_0|sld_signaltap_impl:sld_signaltap_body|sld_signaltap_implb:sld_signaltap_body|sld_offload_buffer_mgr:\stp_non_zero_depth_offload_gen:stp_offload_buff_mgr_inst|lpm_shiftreg:ram_data_shift_out|dffs[12]                                              ; altera_reserved_tck ; altera_reserved_tck ; 100.000      ; -0.045     ; 1.939      ;
; 98.023 ; sld_signaltap:auto_signaltap_0|sld_signaltap_impl:sld_signaltap_body|sld_signaltap_implb:sld_signaltap_body|reset_all ; sld_signaltap:auto_signaltap_0|sld_signaltap_impl:sld_signaltap_body|sld_signaltap_implb:sld_signaltap_body|sld_offload_buffer_mgr:\stp_non_zero_depth_offload_gen:stp_offload_buff_mgr_inst|lpm_shiftreg:ram_data_shift_out|dffs[13]                                              ; altera_reserved_tck ; altera_reserved_tck ; 100.000      ; -0.045     ; 1.939      ;
; 98.023 ; sld_signaltap:auto_signaltap_0|sld_signaltap_impl:sld_signaltap_body|sld_signaltap_implb:sld_signaltap_body|reset_all ; sld_signaltap:auto_signaltap_0|sld_signaltap_impl:sld_signaltap_body|sld_signaltap_implb:sld_signaltap_body|sld_offload_buffer_mgr:\stp_non_zero_depth_offload_gen:stp_offload_buff_mgr_inst|lpm_shiftreg:ram_data_shift_out|dffs[14]                                              ; altera_reserved_tck ; altera_reserved_tck ; 100.000      ; -0.045     ; 1.939      ;
; 98.023 ; sld_signaltap:auto_signaltap_0|sld_signaltap_impl:sld_signaltap_body|sld_signaltap_implb:sld_signaltap_body|reset_all ; sld_signaltap:auto_signaltap_0|sld_signaltap_impl:sld_signaltap_body|sld_signaltap_implb:sld_signaltap_body|sld_offload_buffer_mgr:\stp_non_zero_depth_offload_gen:stp_offload_buff_mgr_inst|lpm_shiftreg:ram_data_shift_out|dffs[15]                                              ; altera_reserved_tck ; altera_reserved_tck ; 100.000      ; -0.045     ; 1.939      ;
; 98.023 ; sld_signaltap:auto_signaltap_0|sld_signaltap_impl:sld_signaltap_body|sld_signaltap_implb:sld_signaltap_body|reset_all ; sld_signaltap:auto_signaltap_0|sld_signaltap_impl:sld_signaltap_body|sld_signaltap_implb:sld_signaltap_body|sld_offload_buffer_mgr:\stp_non_zero_depth_offload_gen:stp_offload_buff_mgr_inst|lpm_shiftreg:ram_data_shift_out|dffs[16]                                              ; altera_reserved_tck ; altera_reserved_tck ; 100.000      ; -0.041     ; 1.943      ;
; 98.023 ; sld_signaltap:auto_signaltap_0|sld_signaltap_impl:sld_signaltap_body|sld_signaltap_implb:sld_signaltap_body|reset_all ; sld_signaltap:auto_signaltap_0|sld_signaltap_impl:sld_signaltap_body|sld_signaltap_implb:sld_signaltap_body|sld_offload_buffer_mgr:\stp_non_zero_depth_offload_gen:stp_offload_buff_mgr_inst|lpm_shiftreg:ram_data_shift_out|dffs[17]                                              ; altera_reserved_tck ; altera_reserved_tck ; 100.000      ; -0.041     ; 1.943      ;
; 98.023 ; sld_signaltap:auto_signaltap_0|sld_signaltap_impl:sld_signaltap_body|sld_signaltap_implb:sld_signaltap_body|reset_all ; sld_signaltap:auto_signaltap_0|sld_signaltap_impl:sld_signaltap_body|sld_signaltap_implb:sld_signaltap_body|sld_offload_buffer_mgr:\stp_non_zero_depth_offload_gen:stp_offload_buff_mgr_inst|lpm_shiftreg:ram_data_shift_out|dffs[18]                                              ; altera_reserved_tck ; altera_reserved_tck ; 100.000      ; -0.041     ; 1.943      ;
; 98.023 ; sld_signaltap:auto_signaltap_0|sld_signaltap_impl:sld_signaltap_body|sld_signaltap_implb:sld_signaltap_body|reset_all ; sld_signaltap:auto_signaltap_0|sld_signaltap_impl:sld_signaltap_body|sld_signaltap_implb:sld_signaltap_body|sld_offload_buffer_mgr:\stp_non_zero_depth_offload_gen:stp_offload_buff_mgr_inst|lpm_shiftreg:ram_data_shift_out|dffs[19]                                              ; altera_reserved_tck ; altera_reserved_tck ; 100.000      ; -0.041     ; 1.943      ;
; 98.023 ; sld_signaltap:auto_signaltap_0|sld_signaltap_impl:sld_signaltap_body|sld_signaltap_implb:sld_signaltap_body|reset_all ; sld_signaltap:auto_signaltap_0|sld_signaltap_impl:sld_signaltap_body|sld_signaltap_implb:sld_signaltap_body|sld_offload_buffer_mgr:\stp_non_zero_depth_offload_gen:stp_offload_buff_mgr_inst|lpm_shiftreg:ram_data_shift_out|dffs[20]                                              ; altera_reserved_tck ; altera_reserved_tck ; 100.000      ; -0.041     ; 1.943      ;
; 98.023 ; sld_signaltap:auto_signaltap_0|sld_signaltap_impl:sld_signaltap_body|sld_signaltap_implb:sld_signaltap_body|reset_all ; sld_signaltap:auto_signaltap_0|sld_signaltap_impl:sld_signaltap_body|sld_signaltap_implb:sld_signaltap_body|sld_offload_buffer_mgr:\stp_non_zero_depth_offload_gen:stp_offload_buff_mgr_inst|lpm_shiftreg:ram_data_shift_out|dffs[21]                                              ; altera_reserved_tck ; altera_reserved_tck ; 100.000      ; -0.041     ; 1.943      ;
; 98.023 ; sld_signaltap:auto_signaltap_0|sld_signaltap_impl:sld_signaltap_body|sld_signaltap_implb:sld_signaltap_body|reset_all ; sld_signaltap:auto_signaltap_0|sld_signaltap_impl:sld_signaltap_body|sld_signaltap_implb:sld_signaltap_body|sld_offload_buffer_mgr:\stp_non_zero_depth_offload_gen:stp_offload_buff_mgr_inst|lpm_shiftreg:ram_data_shift_out|dffs[22]                                              ; altera_reserved_tck ; altera_reserved_tck ; 100.000      ; -0.041     ; 1.943      ;
; 98.023 ; sld_signaltap:auto_signaltap_0|sld_signaltap_impl:sld_signaltap_body|sld_signaltap_implb:sld_signaltap_body|reset_all ; sld_signaltap:auto_signaltap_0|sld_signaltap_impl:sld_signaltap_body|sld_signaltap_implb:sld_signaltap_body|sld_offload_buffer_mgr:\stp_non_zero_depth_offload_gen:stp_offload_buff_mgr_inst|lpm_shiftreg:ram_data_shift_out|dffs[23]                                              ; altera_reserved_tck ; altera_reserved_tck ; 100.000      ; -0.041     ; 1.943      ;
; 98.023 ; sld_signaltap:auto_signaltap_0|sld_signaltap_impl:sld_signaltap_body|sld_signaltap_implb:sld_signaltap_body|reset_all ; sld_signaltap:auto_signaltap_0|sld_signaltap_impl:sld_signaltap_body|sld_signaltap_implb:sld_signaltap_body|sld_offload_buffer_mgr:\stp_non_zero_depth_offload_gen:stp_offload_buff_mgr_inst|lpm_shiftreg:ram_data_shift_out|dffs[24]                                              ; altera_reserved_tck ; altera_reserved_tck ; 100.000      ; -0.041     ; 1.943      ;
; 98.023 ; sld_signaltap:auto_signaltap_0|sld_signaltap_impl:sld_signaltap_body|sld_signaltap_implb:sld_signaltap_body|reset_all ; sld_signaltap:auto_signaltap_0|sld_signaltap_impl:sld_signaltap_body|sld_signaltap_implb:sld_signaltap_body|sld_offload_buffer_mgr:\stp_non_zero_depth_offload_gen:stp_offload_buff_mgr_inst|lpm_shiftreg:ram_data_shift_out|dffs[25]                                              ; altera_reserved_tck ; altera_reserved_tck ; 100.000      ; -0.041     ; 1.943      ;
; 98.023 ; sld_signaltap:auto_signaltap_0|sld_signaltap_impl:sld_signaltap_body|sld_signaltap_implb:sld_signaltap_body|reset_all ; sld_signaltap:auto_signaltap_0|sld_signaltap_impl:sld_signaltap_body|sld_signaltap_implb:sld_signaltap_body|sld_offload_buffer_mgr:\stp_non_zero_depth_offload_gen:stp_offload_buff_mgr_inst|lpm_shiftreg:ram_data_shift_out|dffs[26]                                              ; altera_reserved_tck ; altera_reserved_tck ; 100.000      ; -0.041     ; 1.943      ;
; 98.023 ; sld_signaltap:auto_signaltap_0|sld_signaltap_impl:sld_signaltap_body|sld_signaltap_implb:sld_signaltap_body|reset_all ; sld_signaltap:auto_signaltap_0|sld_signaltap_impl:sld_signaltap_body|sld_signaltap_implb:sld_signaltap_body|sld_offload_buffer_mgr:\stp_non_zero_depth_offload_gen:stp_offload_buff_mgr_inst|lpm_shiftreg:ram_data_shift_out|dffs[27]                                              ; altera_reserved_tck ; altera_reserved_tck ; 100.000      ; -0.041     ; 1.943      ;
; 98.023 ; sld_signaltap:auto_signaltap_0|sld_signaltap_impl:sld_signaltap_body|sld_signaltap_implb:sld_signaltap_body|reset_all ; sld_signaltap:auto_signaltap_0|sld_signaltap_impl:sld_signaltap_body|sld_signaltap_implb:sld_signaltap_body|sld_offload_buffer_mgr:\stp_non_zero_depth_offload_gen:stp_offload_buff_mgr_inst|lpm_shiftreg:ram_data_shift_out|dffs[28]                                              ; altera_reserved_tck ; altera_reserved_tck ; 100.000      ; -0.041     ; 1.943      ;
; 98.023 ; sld_signaltap:auto_signaltap_0|sld_signaltap_impl:sld_signaltap_body|sld_signaltap_implb:sld_signaltap_body|reset_all ; sld_signaltap:auto_signaltap_0|sld_signaltap_impl:sld_signaltap_body|sld_signaltap_implb:sld_signaltap_body|sld_offload_buffer_mgr:\stp_non_zero_depth_offload_gen:stp_offload_buff_mgr_inst|lpm_shiftreg:ram_data_shift_out|dffs[29]                                              ; altera_reserved_tck ; altera_reserved_tck ; 100.000      ; -0.041     ; 1.943      ;
; 98.023 ; sld_signaltap:auto_signaltap_0|sld_signaltap_impl:sld_signaltap_body|sld_signaltap_implb:sld_signaltap_body|reset_all ; sld_signaltap:auto_signaltap_0|sld_signaltap_impl:sld_signaltap_body|sld_signaltap_implb:sld_signaltap_body|sld_offload_buffer_mgr:\stp_non_zero_depth_offload_gen:stp_offload_buff_mgr_inst|lpm_shiftreg:ram_data_shift_out|dffs[30]                                              ; altera_reserved_tck ; altera_reserved_tck ; 100.000      ; -0.041     ; 1.943      ;
; 98.023 ; sld_signaltap:auto_signaltap_0|sld_signaltap_impl:sld_signaltap_body|sld_signaltap_implb:sld_signaltap_body|reset_all ; sld_signaltap:auto_signaltap_0|sld_signaltap_impl:sld_signaltap_body|sld_signaltap_implb:sld_signaltap_body|sld_offload_buffer_mgr:\stp_non_zero_depth_offload_gen:stp_offload_buff_mgr_inst|lpm_shiftreg:ram_data_shift_out|dffs[31]                                              ; altera_reserved_tck ; altera_reserved_tck ; 100.000      ; -0.041     ; 1.943      ;
; 98.023 ; sld_signaltap:auto_signaltap_0|sld_signaltap_impl:sld_signaltap_body|sld_signaltap_implb:sld_signaltap_body|reset_all ; sld_signaltap:auto_signaltap_0|sld_signaltap_impl:sld_signaltap_body|sld_signaltap_implb:sld_signaltap_body|lpm_shiftreg:segment_offset_config_deserialize|dffs[0]                                                                                                                 ; altera_reserved_tck ; altera_reserved_tck ; 100.000      ; -0.035     ; 1.949      ;
; 98.023 ; sld_signaltap:auto_signaltap_0|sld_signaltap_impl:sld_signaltap_body|sld_signaltap_implb:sld_signaltap_body|reset_all ; sld_signaltap:auto_signaltap_0|sld_signaltap_impl:sld_signaltap_body|sld_signaltap_implb:sld_signaltap_body|lpm_shiftreg:segment_offset_config_deserialize|dffs[1]                                                                                                                 ; altera_reserved_tck ; altera_reserved_tck ; 100.000      ; -0.035     ; 1.949      ;
; 98.023 ; sld_signaltap:auto_signaltap_0|sld_signaltap_impl:sld_signaltap_body|sld_signaltap_implb:sld_signaltap_body|reset_all ; sld_signaltap:auto_signaltap_0|sld_signaltap_impl:sld_signaltap_body|sld_signaltap_implb:sld_signaltap_body|lpm_shiftreg:segment_offset_config_deserialize|dffs[2]                                                                                                                 ; altera_reserved_tck ; altera_reserved_tck ; 100.000      ; -0.035     ; 1.949      ;
; 98.023 ; sld_signaltap:auto_signaltap_0|sld_signaltap_impl:sld_signaltap_body|sld_signaltap_implb:sld_signaltap_body|reset_all ; sld_signaltap:auto_signaltap_0|sld_signaltap_impl:sld_signaltap_body|sld_signaltap_implb:sld_signaltap_body|lpm_shiftreg:segment_offset_config_deserialize|dffs[3]                                                                                                                 ; altera_reserved_tck ; altera_reserved_tck ; 100.000      ; -0.043     ; 1.941      ;
; 98.023 ; sld_signaltap:auto_signaltap_0|sld_signaltap_impl:sld_signaltap_body|sld_signaltap_implb:sld_signaltap_body|reset_all ; sld_signaltap:auto_signaltap_0|sld_signaltap_impl:sld_signaltap_body|sld_signaltap_implb:sld_signaltap_body|lpm_shiftreg:segment_offset_config_deserialize|dffs[4]                                                                                                                 ; altera_reserved_tck ; altera_reserved_tck ; 100.000      ; -0.043     ; 1.941      ;
; 98.023 ; sld_signaltap:auto_signaltap_0|sld_signaltap_impl:sld_signaltap_body|sld_signaltap_implb:sld_signaltap_body|reset_all ; sld_signaltap:auto_signaltap_0|sld_signaltap_impl:sld_signaltap_body|sld_signaltap_implb:sld_signaltap_body|lpm_shiftreg:segment_offset_config_deserialize|dffs[5]                                                                                                                 ; altera_reserved_tck ; altera_reserved_tck ; 100.000      ; -0.043     ; 1.941      ;
; 98.023 ; sld_signaltap:auto_signaltap_0|sld_signaltap_impl:sld_signaltap_body|sld_signaltap_implb:sld_signaltap_body|reset_all ; sld_signaltap:auto_signaltap_0|sld_signaltap_impl:sld_signaltap_body|sld_signaltap_implb:sld_signaltap_body|lpm_shiftreg:segment_offset_config_deserialize|dffs[6]                                                                                                                 ; altera_reserved_tck ; altera_reserved_tck ; 100.000      ; -0.043     ; 1.941      ;
; 98.023 ; sld_signaltap:auto_signaltap_0|sld_signaltap_impl:sld_signaltap_body|sld_signaltap_implb:sld_signaltap_body|reset_all ; sld_signaltap:auto_signaltap_0|sld_signaltap_impl:sld_signaltap_body|sld_signaltap_implb:sld_signaltap_body|sld_ela_control:ela_control|lpm_shiftreg:trigger_config_deserialize|dffs[0]                                                                                            ; altera_reserved_tck ; altera_reserved_tck ; 100.000      ; -0.043     ; 1.941      ;
; 98.023 ; sld_signaltap:auto_signaltap_0|sld_signaltap_impl:sld_signaltap_body|sld_signaltap_implb:sld_signaltap_body|reset_all ; sld_signaltap:auto_signaltap_0|sld_signaltap_impl:sld_signaltap_body|sld_signaltap_implb:sld_signaltap_body|sld_ela_control:ela_control|lpm_shiftreg:trigger_config_deserialize|dffs[1]                                                                                            ; altera_reserved_tck ; altera_reserved_tck ; 100.000      ; -0.043     ; 1.941      ;
; 98.023 ; sld_signaltap:auto_signaltap_0|sld_signaltap_impl:sld_signaltap_body|sld_signaltap_implb:sld_signaltap_body|reset_all ; sld_signaltap:auto_signaltap_0|sld_signaltap_impl:sld_signaltap_body|sld_signaltap_implb:sld_signaltap_body|sld_ela_control:ela_control|lpm_shiftreg:trigger_config_deserialize|dffs[2]                                                                                            ; altera_reserved_tck ; altera_reserved_tck ; 100.000      ; -0.043     ; 1.941      ;
; 98.023 ; sld_signaltap:auto_signaltap_0|sld_signaltap_impl:sld_signaltap_body|sld_signaltap_implb:sld_signaltap_body|reset_all ; sld_signaltap:auto_signaltap_0|sld_signaltap_impl:sld_signaltap_body|sld_signaltap_implb:sld_signaltap_body|sld_ela_control:ela_control|lpm_shiftreg:trigger_config_deserialize|dffs[3]                                                                                            ; altera_reserved_tck ; altera_reserved_tck ; 100.000      ; -0.043     ; 1.941      ;
; 98.023 ; sld_signaltap:auto_signaltap_0|sld_signaltap_impl:sld_signaltap_body|sld_signaltap_implb:sld_signaltap_body|reset_all ; sld_signaltap:auto_signaltap_0|sld_signaltap_impl:sld_signaltap_body|sld_signaltap_implb:sld_signaltap_body|sld_ela_control:ela_control|sld_ela_trigger_flow_mgr:\builtin:ela_trigger_flow_mgr_entity|lpm_shiftreg:trigger_config_deserialize|dffs[0]                              ; altera_reserved_tck ; altera_reserved_tck ; 100.000      ; -0.043     ; 1.941      ;
; 98.023 ; sld_signaltap:auto_signaltap_0|sld_signaltap_impl:sld_signaltap_body|sld_signaltap_implb:sld_signaltap_body|reset_all ; sld_signaltap:auto_signaltap_0|sld_signaltap_impl:sld_signaltap_body|sld_signaltap_implb:sld_signaltap_body|sld_ela_control:ela_control|sld_ela_trigger_flow_mgr:\builtin:ela_trigger_flow_mgr_entity|lpm_shiftreg:trigger_config_deserialize|dffs[1]                              ; altera_reserved_tck ; altera_reserved_tck ; 100.000      ; -0.043     ; 1.941      ;
; 98.023 ; sld_signaltap:auto_signaltap_0|sld_signaltap_impl:sld_signaltap_body|sld_signaltap_implb:sld_signaltap_body|reset_all ; sld_signaltap:auto_signaltap_0|sld_signaltap_impl:sld_signaltap_body|sld_signaltap_implb:sld_signaltap_body|sld_ela_control:ela_control|sld_ela_trigger_flow_mgr:\builtin:ela_trigger_flow_mgr_entity|lpm_shiftreg:trigger_config_deserialize|dffs[2]                              ; altera_reserved_tck ; altera_reserved_tck ; 100.000      ; -0.043     ; 1.941      ;
; 98.023 ; sld_signaltap:auto_signaltap_0|sld_signaltap_impl:sld_signaltap_body|sld_signaltap_implb:sld_signaltap_body|reset_all ; sld_signaltap:auto_signaltap_0|sld_signaltap_impl:sld_signaltap_body|sld_signaltap_implb:sld_signaltap_body|sld_ela_control:ela_control|sld_ela_trigger_flow_mgr:\builtin:ela_trigger_flow_mgr_entity|lpm_shiftreg:trigger_config_deserialize|dffs[3]                              ; altera_reserved_tck ; altera_reserved_tck ; 100.000      ; -0.043     ; 1.941      ;
; 98.023 ; sld_signaltap:auto_signaltap_0|sld_signaltap_impl:sld_signaltap_body|sld_signaltap_implb:sld_signaltap_body|reset_all ; sld_signaltap:auto_signaltap_0|sld_signaltap_impl:sld_signaltap_body|sld_signaltap_implb:sld_signaltap_body|sld_ela_control:ela_control|sld_ela_trigger_flow_mgr:\builtin:ela_trigger_flow_mgr_entity|lpm_shiftreg:trigger_config_deserialize|dffs[4]                              ; altera_reserved_tck ; altera_reserved_tck ; 100.000      ; -0.043     ; 1.941      ;
; 98.023 ; sld_signaltap:auto_signaltap_0|sld_signaltap_impl:sld_signaltap_body|sld_signaltap_implb:sld_signaltap_body|reset_all ; sld_signaltap:auto_signaltap_0|sld_signaltap_impl:sld_signaltap_body|sld_signaltap_implb:sld_signaltap_body|sld_ela_control:ela_control|sld_ela_trigger_flow_mgr:\builtin:ela_trigger_flow_mgr_entity|lpm_shiftreg:trigger_config_deserialize|dffs[5]                              ; altera_reserved_tck ; altera_reserved_tck ; 100.000      ; -0.043     ; 1.941      ;
; 98.023 ; sld_signaltap:auto_signaltap_0|sld_signaltap_impl:sld_signaltap_body|sld_signaltap_implb:sld_signaltap_body|reset_all ; sld_signaltap:auto_signaltap_0|sld_signaltap_impl:sld_signaltap_body|sld_signaltap_implb:sld_signaltap_body|sld_ela_control:ela_control|sld_ela_basic_multi_level_trigger:\basic_multi_level_mbpm_trigger_gen:multi_level_mbpm|lpm_shiftreg:trigger_condition_deserialize|dffs[33] ; altera_reserved_tck ; altera_reserved_tck ; 100.000      ; -0.058     ; 1.926      ;
; 98.023 ; sld_signaltap:auto_signaltap_0|sld_signaltap_impl:sld_signaltap_body|sld_signaltap_implb:sld_signaltap_body|reset_all ; sld_signaltap:auto_signaltap_0|sld_signaltap_impl:sld_signaltap_body|sld_signaltap_implb:sld_signaltap_body|sld_ela_control:ela_control|sld_ela_basic_multi_level_trigger:\basic_multi_level_mbpm_trigger_gen:multi_level_mbpm|lpm_shiftreg:trigger_condition_deserialize|dffs[34] ; altera_reserved_tck ; altera_reserved_tck ; 100.000      ; -0.058     ; 1.926      ;
; 98.023 ; sld_signaltap:auto_signaltap_0|sld_signaltap_impl:sld_signaltap_body|sld_signaltap_implb:sld_signaltap_body|reset_all ; sld_signaltap:auto_signaltap_0|sld_signaltap_impl:sld_signaltap_body|sld_signaltap_implb:sld_signaltap_body|sld_ela_control:ela_control|sld_ela_basic_multi_level_trigger:\basic_multi_level_mbpm_trigger_gen:multi_level_mbpm|lpm_shiftreg:trigger_condition_deserialize|dffs[35] ; altera_reserved_tck ; altera_reserved_tck ; 100.000      ; -0.058     ; 1.926      ;
; 98.023 ; sld_signaltap:auto_signaltap_0|sld_signaltap_impl:sld_signaltap_body|sld_signaltap_implb:sld_signaltap_body|reset_all ; sld_signaltap:auto_signaltap_0|sld_signaltap_impl:sld_signaltap_body|sld_signaltap_implb:sld_signaltap_body|sld_ela_control:ela_control|sld_ela_basic_multi_level_trigger:\basic_multi_level_mbpm_trigger_gen:multi_level_mbpm|lpm_shiftreg:trigger_condition_deserialize|dffs[36] ; altera_reserved_tck ; altera_reserved_tck ; 100.000      ; -0.058     ; 1.926      ;
; 98.023 ; sld_signaltap:auto_signaltap_0|sld_signaltap_impl:sld_signaltap_body|sld_signaltap_implb:sld_signaltap_body|reset_all ; sld_signaltap:auto_signaltap_0|sld_signaltap_impl:sld_signaltap_body|sld_signaltap_implb:sld_signaltap_body|sld_ela_control:ela_control|sld_ela_basic_multi_level_trigger:\basic_multi_level_mbpm_trigger_gen:multi_level_mbpm|lpm_shiftreg:trigger_condition_deserialize|dffs[37] ; altera_reserved_tck ; altera_reserved_tck ; 100.000      ; -0.058     ; 1.926      ;
; 98.023 ; sld_signaltap:auto_signaltap_0|sld_signaltap_impl:sld_signaltap_body|sld_signaltap_implb:sld_signaltap_body|reset_all ; sld_signaltap:auto_signaltap_0|sld_signaltap_impl:sld_signaltap_body|sld_signaltap_implb:sld_signaltap_body|sld_ela_control:ela_control|sld_ela_basic_multi_level_trigger:\basic_multi_level_mbpm_trigger_gen:multi_level_mbpm|lpm_shiftreg:trigger_condition_deserialize|dffs[45] ; altera_reserved_tck ; altera_reserved_tck ; 100.000      ; -0.046     ; 1.938      ;
; 98.023 ; sld_signaltap:auto_signaltap_0|sld_signaltap_impl:sld_signaltap_body|sld_signaltap_implb:sld_signaltap_body|reset_all ; sld_signaltap:auto_signaltap_0|sld_signaltap_impl:sld_signaltap_body|sld_signaltap_implb:sld_signaltap_body|sld_ela_control:ela_control|sld_ela_basic_multi_level_trigger:\basic_multi_level_mbpm_trigger_gen:multi_level_mbpm|lpm_shiftreg:trigger_condition_deserialize|dffs[46] ; altera_reserved_tck ; altera_reserved_tck ; 100.000      ; -0.046     ; 1.938      ;
; 98.023 ; sld_signaltap:auto_signaltap_0|sld_signaltap_impl:sld_signaltap_body|sld_signaltap_implb:sld_signaltap_body|reset_all ; sld_signaltap:auto_signaltap_0|sld_signaltap_impl:sld_signaltap_body|sld_signaltap_implb:sld_signaltap_body|sld_ela_control:ela_control|sld_ela_basic_multi_level_trigger:\basic_multi_level_mbpm_trigger_gen:multi_level_mbpm|lpm_shiftreg:trigger_condition_deserialize|dffs[47] ; altera_reserved_tck ; altera_reserved_tck ; 100.000      ; -0.046     ; 1.938      ;
; 98.023 ; sld_signaltap:auto_signaltap_0|sld_signaltap_impl:sld_signaltap_body|sld_signaltap_implb:sld_signaltap_body|reset_all ; sld_signaltap:auto_signaltap_0|sld_signaltap_impl:sld_signaltap_body|sld_signaltap_implb:sld_signaltap_body|sld_ela_control:ela_control|sld_ela_basic_multi_level_trigger:\basic_multi_level_mbpm_trigger_gen:multi_level_mbpm|lpm_shiftreg:trigger_condition_deserialize|dffs[48] ; altera_reserved_tck ; altera_reserved_tck ; 100.000      ; -0.046     ; 1.938      ;
; 98.023 ; sld_signaltap:auto_signaltap_0|sld_signaltap_impl:sld_signaltap_body|sld_signaltap_implb:sld_signaltap_body|reset_all ; sld_signaltap:auto_signaltap_0|sld_signaltap_impl:sld_signaltap_body|sld_signaltap_implb:sld_signaltap_body|sld_ela_control:ela_control|sld_ela_basic_multi_level_trigger:\basic_multi_level_mbpm_trigger_gen:multi_level_mbpm|lpm_shiftreg:trigger_condition_deserialize|dffs[49] ; altera_reserved_tck ; altera_reserved_tck ; 100.000      ; -0.046     ; 1.938      ;
; 98.023 ; sld_signaltap:auto_signaltap_0|sld_signaltap_impl:sld_signaltap_body|sld_signaltap_implb:sld_signaltap_body|reset_all ; sld_signaltap:auto_signaltap_0|sld_signaltap_impl:sld_signaltap_body|sld_signaltap_implb:sld_signaltap_body|sld_ela_control:ela_control|sld_ela_basic_multi_level_trigger:\basic_multi_level_mbpm_trigger_gen:multi_level_mbpm|lpm_shiftreg:trigger_condition_deserialize|dffs[50] ; altera_reserved_tck ; altera_reserved_tck ; 100.000      ; -0.046     ; 1.938      ;
; 98.023 ; sld_signaltap:auto_signaltap_0|sld_signaltap_impl:sld_signaltap_body|sld_signaltap_implb:sld_signaltap_body|reset_all ; sld_signaltap:auto_signaltap_0|sld_signaltap_impl:sld_signaltap_body|sld_signaltap_implb:sld_signaltap_body|sld_ela_control:ela_control|sld_ela_basic_multi_level_trigger:\basic_multi_level_mbpm_trigger_gen:multi_level_mbpm|lpm_shiftreg:trigger_condition_deserialize|dffs[51] ; altera_reserved_tck ; altera_reserved_tck ; 100.000      ; -0.046     ; 1.938      ;
; 98.023 ; sld_signaltap:auto_signaltap_0|sld_signaltap_impl:sld_signaltap_body|sld_signaltap_implb:sld_signaltap_body|reset_all ; sld_signaltap:auto_signaltap_0|sld_signaltap_impl:sld_signaltap_body|sld_signaltap_implb:sld_signaltap_body|sld_ela_control:ela_control|sld_ela_basic_multi_level_trigger:\basic_multi_level_mbpm_trigger_gen:multi_level_mbpm|lpm_shiftreg:trigger_condition_deserialize|dffs[52] ; altera_reserved_tck ; altera_reserved_tck ; 100.000      ; -0.046     ; 1.938      ;
; 98.023 ; sld_signaltap:auto_signaltap_0|sld_signaltap_impl:sld_signaltap_body|sld_signaltap_implb:sld_signaltap_body|reset_all ; sld_signaltap:auto_signaltap_0|sld_signaltap_impl:sld_signaltap_body|sld_signaltap_implb:sld_signaltap_body|sld_ela_control:ela_control|sld_ela_basic_multi_level_trigger:\basic_multi_level_mbpm_trigger_gen:multi_level_mbpm|lpm_shiftreg:trigger_condition_deserialize|dffs[53] ; altera_reserved_tck ; altera_reserved_tck ; 100.000      ; -0.057     ; 1.927      ;
; 98.023 ; sld_signaltap:auto_signaltap_0|sld_signaltap_impl:sld_signaltap_body|sld_signaltap_implb:sld_signaltap_body|reset_all ; sld_signaltap:auto_signaltap_0|sld_signaltap_impl:sld_signaltap_body|sld_signaltap_implb:sld_signaltap_body|sld_ela_control:ela_control|sld_ela_basic_multi_level_trigger:\basic_multi_level_mbpm_trigger_gen:multi_level_mbpm|lpm_shiftreg:trigger_condition_deserialize|dffs[54] ; altera_reserved_tck ; altera_reserved_tck ; 100.000      ; -0.057     ; 1.927      ;
; 98.023 ; sld_signaltap:auto_signaltap_0|sld_signaltap_impl:sld_signaltap_body|sld_signaltap_implb:sld_signaltap_body|reset_all ; sld_signaltap:auto_signaltap_0|sld_signaltap_impl:sld_signaltap_body|sld_signaltap_implb:sld_signaltap_body|sld_ela_control:ela_control|sld_ela_basic_multi_level_trigger:\basic_multi_level_mbpm_trigger_gen:multi_level_mbpm|lpm_shiftreg:trigger_condition_deserialize|dffs[55] ; altera_reserved_tck ; altera_reserved_tck ; 100.000      ; -0.057     ; 1.927      ;
; 98.023 ; sld_signaltap:auto_signaltap_0|sld_signaltap_impl:sld_signaltap_body|sld_signaltap_implb:sld_signaltap_body|reset_all ; sld_signaltap:auto_signaltap_0|sld_signaltap_impl:sld_signaltap_body|sld_signaltap_implb:sld_signaltap_body|sld_ela_control:ela_control|sld_ela_basic_multi_level_trigger:\basic_multi_level_mbpm_trigger_gen:multi_level_mbpm|lpm_shiftreg:trigger_condition_deserialize|dffs[56] ; altera_reserved_tck ; altera_reserved_tck ; 100.000      ; -0.057     ; 1.927      ;
; 98.023 ; sld_signaltap:auto_signaltap_0|sld_signaltap_impl:sld_signaltap_body|sld_signaltap_implb:sld_signaltap_body|reset_all ; sld_signaltap:auto_signaltap_0|sld_signaltap_impl:sld_signaltap_body|sld_signaltap_implb:sld_signaltap_body|sld_ela_control:ela_control|sld_ela_basic_multi_level_trigger:\basic_multi_level_mbpm_trigger_gen:multi_level_mbpm|lpm_shiftreg:trigger_condition_deserialize|dffs[57] ; altera_reserved_tck ; altera_reserved_tck ; 100.000      ; -0.057     ; 1.927      ;
; 98.023 ; sld_signaltap:auto_signaltap_0|sld_signaltap_impl:sld_signaltap_body|sld_signaltap_implb:sld_signaltap_body|reset_all ; sld_signaltap:auto_signaltap_0|sld_signaltap_impl:sld_signaltap_body|sld_signaltap_implb:sld_signaltap_body|sld_ela_control:ela_control|sld_ela_basic_multi_level_trigger:\basic_multi_level_mbpm_trigger_gen:multi_level_mbpm|lpm_shiftreg:trigger_condition_deserialize|dffs[58] ; altera_reserved_tck ; altera_reserved_tck ; 100.000      ; -0.057     ; 1.927      ;
; 98.023 ; sld_signaltap:auto_signaltap_0|sld_signaltap_impl:sld_signaltap_body|sld_signaltap_implb:sld_signaltap_body|reset_all ; sld_signaltap:auto_signaltap_0|sld_signaltap_impl:sld_signaltap_body|sld_signaltap_implb:sld_signaltap_body|sld_ela_control:ela_control|sld_ela_basic_multi_level_trigger:\basic_multi_level_mbpm_trigger_gen:multi_level_mbpm|lpm_shiftreg:trigger_condition_deserialize|dffs[59] ; altera_reserved_tck ; altera_reserved_tck ; 100.000      ; -0.057     ; 1.927      ;
; 98.023 ; sld_signaltap:auto_signaltap_0|sld_signaltap_impl:sld_signaltap_body|sld_signaltap_implb:sld_signaltap_body|reset_all ; sld_signaltap:auto_signaltap_0|sld_signaltap_impl:sld_signaltap_body|sld_signaltap_implb:sld_signaltap_body|sld_ela_control:ela_control|sld_ela_basic_multi_level_trigger:\basic_multi_level_mbpm_trigger_gen:multi_level_mbpm|lpm_shiftreg:trigger_condition_deserialize|dffs[60] ; altera_reserved_tck ; altera_reserved_tck ; 100.000      ; -0.057     ; 1.927      ;
; 98.023 ; sld_signaltap:auto_signaltap_0|sld_signaltap_impl:sld_signaltap_body|sld_signaltap_implb:sld_signaltap_body|reset_all ; sld_signaltap:auto_signaltap_0|sld_signaltap_impl:sld_signaltap_body|sld_signaltap_implb:sld_signaltap_body|sld_ela_control:ela_control|sld_ela_basic_multi_level_trigger:\basic_multi_level_mbpm_trigger_gen:multi_level_mbpm|lpm_shiftreg:trigger_condition_deserialize|dffs[61] ; altera_reserved_tck ; altera_reserved_tck ; 100.000      ; -0.057     ; 1.927      ;
; 98.023 ; sld_signaltap:auto_signaltap_0|sld_signaltap_impl:sld_signaltap_body|sld_signaltap_implb:sld_signaltap_body|reset_all ; sld_signaltap:auto_signaltap_0|sld_signaltap_impl:sld_signaltap_body|sld_signaltap_implb:sld_signaltap_body|sld_ela_control:ela_control|sld_ela_basic_multi_level_trigger:\basic_multi_level_mbpm_trigger_gen:multi_level_mbpm|lpm_shiftreg:trigger_condition_deserialize|dffs[69] ; altera_reserved_tck ; altera_reserved_tck ; 100.000      ; -0.045     ; 1.939      ;
+--------+-----------------------------------------------------------------------------------------------------------------------+------------------------------------------------------------------------------------------------------------------------------------------------------------------------------------------------------------------------------------------------------------------------------------+---------------------+---------------------+--------------+------------+------------+


+-----------------------------------------------------------------------------------------------------------------------------------------------------------------------------------------------------------------------------------------------------------------------------------------------------------------------------------------------------------------------------------------------------------------------------------------------------------------------------------------------------------------------------------------------------------------------------------------------------------------------------------------------------------------------------------------------------------------------------------------------------------------------------------------------+
; Fast 1200mV 0C Model Removal: 'altera_reserved_tck'                                                                                                                                                                                                                                                                                                                                                                                                                                                                                                                                                                                                                                                                                                                                           ;
+-------+-----------------------------------------------------------------------------------------------------------------------------------------------------------------------------------------------------------------------------------------------------------------------------------------------------------------------------------------------------+--------------------------------------------------------------------------------------------------------------------------------------------------------------------------------------------------------------------------------------------------------------------------------------------------------------------------------------------+---------------------+---------------------+--------------+------------+------------+
; Slack ; From Node                                                                                                                                                                                                                                                                                                                                           ; To Node                                                                                                                                                                                                                                                                                                                                    ; Launch Clock        ; Latch Clock         ; Relationship ; Clock Skew ; Data Delay ;
+-------+-----------------------------------------------------------------------------------------------------------------------------------------------------------------------------------------------------------------------------------------------------------------------------------------------------------------------------------------------------+--------------------------------------------------------------------------------------------------------------------------------------------------------------------------------------------------------------------------------------------------------------------------------------------------------------------------------------------+---------------------+---------------------+--------------+------------+------------+
; 0.494 ; sld_hub:auto_hub|alt_sld_fab_with_jtag_input:\instrumentation_fabric_with_node_gen:fabric_gen_new_way:with_jtag_input_gen:instrumentation_fabric|alt_sld_fab:instrumentation_fabric|alt_sld_fab_alt_sld_fab:alt_sld_fab|alt_sld_fab_alt_sld_fab_sldfabric:sldfabric|sld_jtag_hub:\jtag_hub_gen:real_sld_jtag_hub|clr_reg                            ; sld_hub:auto_hub|alt_sld_fab_with_jtag_input:\instrumentation_fabric_with_node_gen:fabric_gen_new_way:with_jtag_input_gen:instrumentation_fabric|alt_sld_fab:instrumentation_fabric|alt_sld_fab_alt_sld_fab:alt_sld_fab|splitter_nodes_receive_0[3]                                                                                        ; altera_reserved_tck ; altera_reserved_tck ; 0.000        ; 0.036      ; 0.614      ;
; 0.711 ; sld_hub:auto_hub|alt_sld_fab_with_jtag_input:\instrumentation_fabric_with_node_gen:fabric_gen_new_way:with_jtag_input_gen:instrumentation_fabric|alt_sld_fab:instrumentation_fabric|alt_sld_fab_alt_sld_fab:alt_sld_fab|alt_sld_fab_alt_sld_fab_sldfabric:sldfabric|sld_jtag_hub:\jtag_hub_gen:real_sld_jtag_hub|sld_shadow_jsm:shadow_jsm|state[0] ; sld_hub:auto_hub|alt_sld_fab_with_jtag_input:\instrumentation_fabric_with_node_gen:fabric_gen_new_way:with_jtag_input_gen:instrumentation_fabric|alt_sld_fab:instrumentation_fabric|alt_sld_fab_alt_sld_fab:alt_sld_fab|alt_sld_fab_alt_sld_fab_sldfabric:sldfabric|sld_jtag_hub:\jtag_hub_gen:real_sld_jtag_hub|virtual_dr_scan_reg       ; altera_reserved_tck ; altera_reserved_tck ; 0.000        ; 0.043      ; 0.838      ;
; 0.711 ; sld_hub:auto_hub|alt_sld_fab_with_jtag_input:\instrumentation_fabric_with_node_gen:fabric_gen_new_way:with_jtag_input_gen:instrumentation_fabric|alt_sld_fab:instrumentation_fabric|alt_sld_fab_alt_sld_fab:alt_sld_fab|alt_sld_fab_alt_sld_fab_sldfabric:sldfabric|sld_jtag_hub:\jtag_hub_gen:real_sld_jtag_hub|sld_shadow_jsm:shadow_jsm|state[0] ; sld_hub:auto_hub|alt_sld_fab_with_jtag_input:\instrumentation_fabric_with_node_gen:fabric_gen_new_way:with_jtag_input_gen:instrumentation_fabric|alt_sld_fab:instrumentation_fabric|alt_sld_fab_alt_sld_fab:alt_sld_fab|alt_sld_fab_alt_sld_fab_sldfabric:sldfabric|sld_jtag_hub:\jtag_hub_gen:real_sld_jtag_hub|virtual_ir_scan_reg       ; altera_reserved_tck ; altera_reserved_tck ; 0.000        ; 0.043      ; 0.838      ;
; 0.718 ; sld_hub:auto_hub|alt_sld_fab_with_jtag_input:\instrumentation_fabric_with_node_gen:fabric_gen_new_way:with_jtag_input_gen:instrumentation_fabric|alt_sld_fab:instrumentation_fabric|alt_sld_fab_alt_sld_fab:alt_sld_fab|alt_sld_fab_alt_sld_fab_sldfabric:sldfabric|sld_jtag_hub:\jtag_hub_gen:real_sld_jtag_hub|sld_shadow_jsm:shadow_jsm|state[0] ; sld_hub:auto_hub|alt_sld_fab_with_jtag_input:\instrumentation_fabric_with_node_gen:fabric_gen_new_way:with_jtag_input_gen:instrumentation_fabric|alt_sld_fab:instrumentation_fabric|alt_sld_fab_alt_sld_fab:alt_sld_fab|alt_sld_fab_alt_sld_fab_sldfabric:sldfabric|sld_jtag_hub:\jtag_hub_gen:real_sld_jtag_hub|jtag_ir_reg[0]            ; altera_reserved_tck ; altera_reserved_tck ; 0.000        ; 0.044      ; 0.846      ;
; 0.718 ; sld_hub:auto_hub|alt_sld_fab_with_jtag_input:\instrumentation_fabric_with_node_gen:fabric_gen_new_way:with_jtag_input_gen:instrumentation_fabric|alt_sld_fab:instrumentation_fabric|alt_sld_fab_alt_sld_fab:alt_sld_fab|alt_sld_fab_alt_sld_fab_sldfabric:sldfabric|sld_jtag_hub:\jtag_hub_gen:real_sld_jtag_hub|sld_shadow_jsm:shadow_jsm|state[0] ; sld_hub:auto_hub|alt_sld_fab_with_jtag_input:\instrumentation_fabric_with_node_gen:fabric_gen_new_way:with_jtag_input_gen:instrumentation_fabric|alt_sld_fab:instrumentation_fabric|alt_sld_fab_alt_sld_fab:alt_sld_fab|alt_sld_fab_alt_sld_fab_sldfabric:sldfabric|sld_jtag_hub:\jtag_hub_gen:real_sld_jtag_hub|jtag_ir_reg[1]            ; altera_reserved_tck ; altera_reserved_tck ; 0.000        ; 0.044      ; 0.846      ;
; 0.718 ; sld_hub:auto_hub|alt_sld_fab_with_jtag_input:\instrumentation_fabric_with_node_gen:fabric_gen_new_way:with_jtag_input_gen:instrumentation_fabric|alt_sld_fab:instrumentation_fabric|alt_sld_fab_alt_sld_fab:alt_sld_fab|alt_sld_fab_alt_sld_fab_sldfabric:sldfabric|sld_jtag_hub:\jtag_hub_gen:real_sld_jtag_hub|sld_shadow_jsm:shadow_jsm|state[0] ; sld_hub:auto_hub|alt_sld_fab_with_jtag_input:\instrumentation_fabric_with_node_gen:fabric_gen_new_way:with_jtag_input_gen:instrumentation_fabric|alt_sld_fab:instrumentation_fabric|alt_sld_fab_alt_sld_fab:alt_sld_fab|alt_sld_fab_alt_sld_fab_sldfabric:sldfabric|sld_jtag_hub:\jtag_hub_gen:real_sld_jtag_hub|jtag_ir_reg[2]            ; altera_reserved_tck ; altera_reserved_tck ; 0.000        ; 0.044      ; 0.846      ;
; 0.718 ; sld_hub:auto_hub|alt_sld_fab_with_jtag_input:\instrumentation_fabric_with_node_gen:fabric_gen_new_way:with_jtag_input_gen:instrumentation_fabric|alt_sld_fab:instrumentation_fabric|alt_sld_fab_alt_sld_fab:alt_sld_fab|alt_sld_fab_alt_sld_fab_sldfabric:sldfabric|sld_jtag_hub:\jtag_hub_gen:real_sld_jtag_hub|sld_shadow_jsm:shadow_jsm|state[0] ; sld_hub:auto_hub|alt_sld_fab_with_jtag_input:\instrumentation_fabric_with_node_gen:fabric_gen_new_way:with_jtag_input_gen:instrumentation_fabric|alt_sld_fab:instrumentation_fabric|alt_sld_fab_alt_sld_fab:alt_sld_fab|alt_sld_fab_alt_sld_fab_sldfabric:sldfabric|sld_jtag_hub:\jtag_hub_gen:real_sld_jtag_hub|jtag_ir_reg[3]            ; altera_reserved_tck ; altera_reserved_tck ; 0.000        ; 0.044      ; 0.846      ;
; 0.718 ; sld_hub:auto_hub|alt_sld_fab_with_jtag_input:\instrumentation_fabric_with_node_gen:fabric_gen_new_way:with_jtag_input_gen:instrumentation_fabric|alt_sld_fab:instrumentation_fabric|alt_sld_fab_alt_sld_fab:alt_sld_fab|alt_sld_fab_alt_sld_fab_sldfabric:sldfabric|sld_jtag_hub:\jtag_hub_gen:real_sld_jtag_hub|sld_shadow_jsm:shadow_jsm|state[0] ; sld_hub:auto_hub|alt_sld_fab_with_jtag_input:\instrumentation_fabric_with_node_gen:fabric_gen_new_way:with_jtag_input_gen:instrumentation_fabric|alt_sld_fab:instrumentation_fabric|alt_sld_fab_alt_sld_fab:alt_sld_fab|alt_sld_fab_alt_sld_fab_sldfabric:sldfabric|sld_jtag_hub:\jtag_hub_gen:real_sld_jtag_hub|jtag_ir_reg[4]            ; altera_reserved_tck ; altera_reserved_tck ; 0.000        ; 0.044      ; 0.846      ;
; 0.718 ; sld_hub:auto_hub|alt_sld_fab_with_jtag_input:\instrumentation_fabric_with_node_gen:fabric_gen_new_way:with_jtag_input_gen:instrumentation_fabric|alt_sld_fab:instrumentation_fabric|alt_sld_fab_alt_sld_fab:alt_sld_fab|alt_sld_fab_alt_sld_fab_sldfabric:sldfabric|sld_jtag_hub:\jtag_hub_gen:real_sld_jtag_hub|sld_shadow_jsm:shadow_jsm|state[0] ; sld_hub:auto_hub|alt_sld_fab_with_jtag_input:\instrumentation_fabric_with_node_gen:fabric_gen_new_way:with_jtag_input_gen:instrumentation_fabric|alt_sld_fab:instrumentation_fabric|alt_sld_fab_alt_sld_fab:alt_sld_fab|alt_sld_fab_alt_sld_fab_sldfabric:sldfabric|sld_jtag_hub:\jtag_hub_gen:real_sld_jtag_hub|jtag_ir_reg[5]            ; altera_reserved_tck ; altera_reserved_tck ; 0.000        ; 0.044      ; 0.846      ;
; 0.718 ; sld_hub:auto_hub|alt_sld_fab_with_jtag_input:\instrumentation_fabric_with_node_gen:fabric_gen_new_way:with_jtag_input_gen:instrumentation_fabric|alt_sld_fab:instrumentation_fabric|alt_sld_fab_alt_sld_fab:alt_sld_fab|alt_sld_fab_alt_sld_fab_sldfabric:sldfabric|sld_jtag_hub:\jtag_hub_gen:real_sld_jtag_hub|sld_shadow_jsm:shadow_jsm|state[0] ; sld_hub:auto_hub|alt_sld_fab_with_jtag_input:\instrumentation_fabric_with_node_gen:fabric_gen_new_way:with_jtag_input_gen:instrumentation_fabric|alt_sld_fab:instrumentation_fabric|alt_sld_fab_alt_sld_fab:alt_sld_fab|alt_sld_fab_alt_sld_fab_sldfabric:sldfabric|sld_jtag_hub:\jtag_hub_gen:real_sld_jtag_hub|jtag_ir_reg[6]            ; altera_reserved_tck ; altera_reserved_tck ; 0.000        ; 0.044      ; 0.846      ;
; 0.718 ; sld_hub:auto_hub|alt_sld_fab_with_jtag_input:\instrumentation_fabric_with_node_gen:fabric_gen_new_way:with_jtag_input_gen:instrumentation_fabric|alt_sld_fab:instrumentation_fabric|alt_sld_fab_alt_sld_fab:alt_sld_fab|alt_sld_fab_alt_sld_fab_sldfabric:sldfabric|sld_jtag_hub:\jtag_hub_gen:real_sld_jtag_hub|sld_shadow_jsm:shadow_jsm|state[0] ; sld_hub:auto_hub|alt_sld_fab_with_jtag_input:\instrumentation_fabric_with_node_gen:fabric_gen_new_way:with_jtag_input_gen:instrumentation_fabric|alt_sld_fab:instrumentation_fabric|alt_sld_fab_alt_sld_fab:alt_sld_fab|alt_sld_fab_alt_sld_fab_sldfabric:sldfabric|sld_jtag_hub:\jtag_hub_gen:real_sld_jtag_hub|jtag_ir_reg[7]            ; altera_reserved_tck ; altera_reserved_tck ; 0.000        ; 0.044      ; 0.846      ;
; 0.718 ; sld_hub:auto_hub|alt_sld_fab_with_jtag_input:\instrumentation_fabric_with_node_gen:fabric_gen_new_way:with_jtag_input_gen:instrumentation_fabric|alt_sld_fab:instrumentation_fabric|alt_sld_fab_alt_sld_fab:alt_sld_fab|alt_sld_fab_alt_sld_fab_sldfabric:sldfabric|sld_jtag_hub:\jtag_hub_gen:real_sld_jtag_hub|sld_shadow_jsm:shadow_jsm|state[0] ; sld_hub:auto_hub|alt_sld_fab_with_jtag_input:\instrumentation_fabric_with_node_gen:fabric_gen_new_way:with_jtag_input_gen:instrumentation_fabric|alt_sld_fab:instrumentation_fabric|alt_sld_fab_alt_sld_fab:alt_sld_fab|alt_sld_fab_alt_sld_fab_sldfabric:sldfabric|sld_jtag_hub:\jtag_hub_gen:real_sld_jtag_hub|jtag_ir_reg[8]            ; altera_reserved_tck ; altera_reserved_tck ; 0.000        ; 0.044      ; 0.846      ;
; 0.718 ; sld_hub:auto_hub|alt_sld_fab_with_jtag_input:\instrumentation_fabric_with_node_gen:fabric_gen_new_way:with_jtag_input_gen:instrumentation_fabric|alt_sld_fab:instrumentation_fabric|alt_sld_fab_alt_sld_fab:alt_sld_fab|alt_sld_fab_alt_sld_fab_sldfabric:sldfabric|sld_jtag_hub:\jtag_hub_gen:real_sld_jtag_hub|sld_shadow_jsm:shadow_jsm|state[0] ; sld_hub:auto_hub|alt_sld_fab_with_jtag_input:\instrumentation_fabric_with_node_gen:fabric_gen_new_way:with_jtag_input_gen:instrumentation_fabric|alt_sld_fab:instrumentation_fabric|alt_sld_fab_alt_sld_fab:alt_sld_fab|alt_sld_fab_alt_sld_fab_sldfabric:sldfabric|sld_jtag_hub:\jtag_hub_gen:real_sld_jtag_hub|jtag_ir_reg[9]            ; altera_reserved_tck ; altera_reserved_tck ; 0.000        ; 0.044      ; 0.846      ;
; 0.836 ; sld_hub:auto_hub|alt_sld_fab_with_jtag_input:\instrumentation_fabric_with_node_gen:fabric_gen_new_way:with_jtag_input_gen:instrumentation_fabric|alt_sld_fab:instrumentation_fabric|alt_sld_fab_alt_sld_fab:alt_sld_fab|alt_sld_fab_alt_sld_fab_sldfabric:sldfabric|sld_jtag_hub:\jtag_hub_gen:real_sld_jtag_hub|virtual_ir_scan_reg                ; sld_hub:auto_hub|alt_sld_fab_with_jtag_input:\instrumentation_fabric_with_node_gen:fabric_gen_new_way:with_jtag_input_gen:instrumentation_fabric|alt_sld_fab:instrumentation_fabric|alt_sld_fab_alt_sld_fab:alt_sld_fab|alt_sld_fab_alt_sld_fab_sldfabric:sldfabric|sld_jtag_hub:\jtag_hub_gen:real_sld_jtag_hub|hub_mode_reg[2]           ; altera_reserved_tck ; altera_reserved_tck ; 0.000        ; 0.041      ; 0.961      ;
; 0.867 ; sld_hub:auto_hub|alt_sld_fab_with_jtag_input:\instrumentation_fabric_with_node_gen:fabric_gen_new_way:with_jtag_input_gen:instrumentation_fabric|alt_sld_fab:instrumentation_fabric|alt_sld_fab_alt_sld_fab:alt_sld_fab|alt_sld_fab_alt_sld_fab_sldfabric:sldfabric|sld_jtag_hub:\jtag_hub_gen:real_sld_jtag_hub|clr_reg                            ; sld_hub:auto_hub|alt_sld_fab_with_jtag_input:\instrumentation_fabric_with_node_gen:fabric_gen_new_way:with_jtag_input_gen:instrumentation_fabric|alt_sld_fab:instrumentation_fabric|alt_sld_fab_alt_sld_fab:alt_sld_fab|alt_sld_fab_alt_sld_fab_sldfabric:sldfabric|sld_jtag_hub:\jtag_hub_gen:real_sld_jtag_hub|irsr_reg[3]               ; altera_reserved_tck ; altera_reserved_tck ; 0.000        ; 0.043      ; 0.994      ;
; 0.867 ; sld_hub:auto_hub|alt_sld_fab_with_jtag_input:\instrumentation_fabric_with_node_gen:fabric_gen_new_way:with_jtag_input_gen:instrumentation_fabric|alt_sld_fab:instrumentation_fabric|alt_sld_fab_alt_sld_fab:alt_sld_fab|alt_sld_fab_alt_sld_fab_sldfabric:sldfabric|sld_jtag_hub:\jtag_hub_gen:real_sld_jtag_hub|clr_reg                            ; sld_hub:auto_hub|alt_sld_fab_with_jtag_input:\instrumentation_fabric_with_node_gen:fabric_gen_new_way:with_jtag_input_gen:instrumentation_fabric|alt_sld_fab:instrumentation_fabric|alt_sld_fab_alt_sld_fab:alt_sld_fab|alt_sld_fab_alt_sld_fab_sldfabric:sldfabric|sld_jtag_hub:\jtag_hub_gen:real_sld_jtag_hub|irf_reg[1][3]             ; altera_reserved_tck ; altera_reserved_tck ; 0.000        ; 0.043      ; 0.994      ;
; 0.867 ; sld_hub:auto_hub|alt_sld_fab_with_jtag_input:\instrumentation_fabric_with_node_gen:fabric_gen_new_way:with_jtag_input_gen:instrumentation_fabric|alt_sld_fab:instrumentation_fabric|alt_sld_fab_alt_sld_fab:alt_sld_fab|alt_sld_fab_alt_sld_fab_sldfabric:sldfabric|sld_jtag_hub:\jtag_hub_gen:real_sld_jtag_hub|clr_reg                            ; sld_hub:auto_hub|alt_sld_fab_with_jtag_input:\instrumentation_fabric_with_node_gen:fabric_gen_new_way:with_jtag_input_gen:instrumentation_fabric|alt_sld_fab:instrumentation_fabric|alt_sld_fab_alt_sld_fab:alt_sld_fab|alt_sld_fab_alt_sld_fab_sldfabric:sldfabric|sld_jtag_hub:\jtag_hub_gen:real_sld_jtag_hub|irf_reg[1][4]             ; altera_reserved_tck ; altera_reserved_tck ; 0.000        ; 0.043      ; 0.994      ;
; 0.867 ; sld_hub:auto_hub|alt_sld_fab_with_jtag_input:\instrumentation_fabric_with_node_gen:fabric_gen_new_way:with_jtag_input_gen:instrumentation_fabric|alt_sld_fab:instrumentation_fabric|alt_sld_fab_alt_sld_fab:alt_sld_fab|alt_sld_fab_alt_sld_fab_sldfabric:sldfabric|sld_jtag_hub:\jtag_hub_gen:real_sld_jtag_hub|clr_reg                            ; sld_hub:auto_hub|alt_sld_fab_with_jtag_input:\instrumentation_fabric_with_node_gen:fabric_gen_new_way:with_jtag_input_gen:instrumentation_fabric|alt_sld_fab:instrumentation_fabric|alt_sld_fab_alt_sld_fab:alt_sld_fab|alt_sld_fab_alt_sld_fab_sldfabric:sldfabric|sld_jtag_hub:\jtag_hub_gen:real_sld_jtag_hub|irf_reg[1][7]             ; altera_reserved_tck ; altera_reserved_tck ; 0.000        ; 0.043      ; 0.994      ;
; 0.874 ; sld_hub:auto_hub|alt_sld_fab_with_jtag_input:\instrumentation_fabric_with_node_gen:fabric_gen_new_way:with_jtag_input_gen:instrumentation_fabric|alt_sld_fab:instrumentation_fabric|alt_sld_fab_alt_sld_fab:alt_sld_fab|alt_sld_fab_alt_sld_fab_sldfabric:sldfabric|sld_jtag_hub:\jtag_hub_gen:real_sld_jtag_hub|clr_reg                            ; sld_hub:auto_hub|alt_sld_fab_with_jtag_input:\instrumentation_fabric_with_node_gen:fabric_gen_new_way:with_jtag_input_gen:instrumentation_fabric|alt_sld_fab:instrumentation_fabric|alt_sld_fab_alt_sld_fab:alt_sld_fab|alt_sld_fab_alt_sld_fab_sldfabric:sldfabric|sld_jtag_hub:\jtag_hub_gen:real_sld_jtag_hub|irf_reg[1][1]             ; altera_reserved_tck ; altera_reserved_tck ; 0.000        ; 0.045      ; 1.003      ;
; 0.874 ; sld_hub:auto_hub|alt_sld_fab_with_jtag_input:\instrumentation_fabric_with_node_gen:fabric_gen_new_way:with_jtag_input_gen:instrumentation_fabric|alt_sld_fab:instrumentation_fabric|alt_sld_fab_alt_sld_fab:alt_sld_fab|alt_sld_fab_alt_sld_fab_sldfabric:sldfabric|sld_jtag_hub:\jtag_hub_gen:real_sld_jtag_hub|clr_reg                            ; sld_hub:auto_hub|alt_sld_fab_with_jtag_input:\instrumentation_fabric_with_node_gen:fabric_gen_new_way:with_jtag_input_gen:instrumentation_fabric|alt_sld_fab:instrumentation_fabric|alt_sld_fab_alt_sld_fab:alt_sld_fab|alt_sld_fab_alt_sld_fab_sldfabric:sldfabric|sld_jtag_hub:\jtag_hub_gen:real_sld_jtag_hub|hub_mode_reg[0]           ; altera_reserved_tck ; altera_reserved_tck ; 0.000        ; 0.046      ; 1.004      ;
; 0.874 ; sld_hub:auto_hub|alt_sld_fab_with_jtag_input:\instrumentation_fabric_with_node_gen:fabric_gen_new_way:with_jtag_input_gen:instrumentation_fabric|alt_sld_fab:instrumentation_fabric|alt_sld_fab_alt_sld_fab:alt_sld_fab|alt_sld_fab_alt_sld_fab_sldfabric:sldfabric|sld_jtag_hub:\jtag_hub_gen:real_sld_jtag_hub|clr_reg                            ; sld_hub:auto_hub|alt_sld_fab_with_jtag_input:\instrumentation_fabric_with_node_gen:fabric_gen_new_way:with_jtag_input_gen:instrumentation_fabric|alt_sld_fab:instrumentation_fabric|alt_sld_fab_alt_sld_fab:alt_sld_fab|alt_sld_fab_alt_sld_fab_sldfabric:sldfabric|sld_jtag_hub:\jtag_hub_gen:real_sld_jtag_hub|irsr_reg[0]               ; altera_reserved_tck ; altera_reserved_tck ; 0.000        ; 0.045      ; 1.003      ;
; 0.874 ; sld_hub:auto_hub|alt_sld_fab_with_jtag_input:\instrumentation_fabric_with_node_gen:fabric_gen_new_way:with_jtag_input_gen:instrumentation_fabric|alt_sld_fab:instrumentation_fabric|alt_sld_fab_alt_sld_fab:alt_sld_fab|alt_sld_fab_alt_sld_fab_sldfabric:sldfabric|sld_jtag_hub:\jtag_hub_gen:real_sld_jtag_hub|clr_reg                            ; sld_hub:auto_hub|alt_sld_fab_with_jtag_input:\instrumentation_fabric_with_node_gen:fabric_gen_new_way:with_jtag_input_gen:instrumentation_fabric|alt_sld_fab:instrumentation_fabric|alt_sld_fab_alt_sld_fab:alt_sld_fab|alt_sld_fab_alt_sld_fab_sldfabric:sldfabric|sld_jtag_hub:\jtag_hub_gen:real_sld_jtag_hub|irsr_reg[1]               ; altera_reserved_tck ; altera_reserved_tck ; 0.000        ; 0.045      ; 1.003      ;
; 0.874 ; sld_hub:auto_hub|alt_sld_fab_with_jtag_input:\instrumentation_fabric_with_node_gen:fabric_gen_new_way:with_jtag_input_gen:instrumentation_fabric|alt_sld_fab:instrumentation_fabric|alt_sld_fab_alt_sld_fab:alt_sld_fab|alt_sld_fab_alt_sld_fab_sldfabric:sldfabric|sld_jtag_hub:\jtag_hub_gen:real_sld_jtag_hub|clr_reg                            ; sld_hub:auto_hub|alt_sld_fab_with_jtag_input:\instrumentation_fabric_with_node_gen:fabric_gen_new_way:with_jtag_input_gen:instrumentation_fabric|alt_sld_fab:instrumentation_fabric|alt_sld_fab_alt_sld_fab:alt_sld_fab|alt_sld_fab_alt_sld_fab_sldfabric:sldfabric|sld_jtag_hub:\jtag_hub_gen:real_sld_jtag_hub|irsr_reg[2]               ; altera_reserved_tck ; altera_reserved_tck ; 0.000        ; 0.045      ; 1.003      ;
; 0.874 ; sld_hub:auto_hub|alt_sld_fab_with_jtag_input:\instrumentation_fabric_with_node_gen:fabric_gen_new_way:with_jtag_input_gen:instrumentation_fabric|alt_sld_fab:instrumentation_fabric|alt_sld_fab_alt_sld_fab:alt_sld_fab|alt_sld_fab_alt_sld_fab_sldfabric:sldfabric|sld_jtag_hub:\jtag_hub_gen:real_sld_jtag_hub|clr_reg                            ; sld_hub:auto_hub|alt_sld_fab_with_jtag_input:\instrumentation_fabric_with_node_gen:fabric_gen_new_way:with_jtag_input_gen:instrumentation_fabric|alt_sld_fab:instrumentation_fabric|alt_sld_fab_alt_sld_fab:alt_sld_fab|alt_sld_fab_alt_sld_fab_sldfabric:sldfabric|sld_jtag_hub:\jtag_hub_gen:real_sld_jtag_hub|irsr_reg[4]               ; altera_reserved_tck ; altera_reserved_tck ; 0.000        ; 0.045      ; 1.003      ;
; 0.874 ; sld_hub:auto_hub|alt_sld_fab_with_jtag_input:\instrumentation_fabric_with_node_gen:fabric_gen_new_way:with_jtag_input_gen:instrumentation_fabric|alt_sld_fab:instrumentation_fabric|alt_sld_fab_alt_sld_fab:alt_sld_fab|alt_sld_fab_alt_sld_fab_sldfabric:sldfabric|sld_jtag_hub:\jtag_hub_gen:real_sld_jtag_hub|clr_reg                            ; sld_hub:auto_hub|alt_sld_fab_with_jtag_input:\instrumentation_fabric_with_node_gen:fabric_gen_new_way:with_jtag_input_gen:instrumentation_fabric|alt_sld_fab:instrumentation_fabric|alt_sld_fab_alt_sld_fab:alt_sld_fab|alt_sld_fab_alt_sld_fab_sldfabric:sldfabric|sld_jtag_hub:\jtag_hub_gen:real_sld_jtag_hub|irsr_reg[5]               ; altera_reserved_tck ; altera_reserved_tck ; 0.000        ; 0.045      ; 1.003      ;
; 0.874 ; sld_hub:auto_hub|alt_sld_fab_with_jtag_input:\instrumentation_fabric_with_node_gen:fabric_gen_new_way:with_jtag_input_gen:instrumentation_fabric|alt_sld_fab:instrumentation_fabric|alt_sld_fab_alt_sld_fab:alt_sld_fab|alt_sld_fab_alt_sld_fab_sldfabric:sldfabric|sld_jtag_hub:\jtag_hub_gen:real_sld_jtag_hub|clr_reg                            ; sld_hub:auto_hub|alt_sld_fab_with_jtag_input:\instrumentation_fabric_with_node_gen:fabric_gen_new_way:with_jtag_input_gen:instrumentation_fabric|alt_sld_fab:instrumentation_fabric|alt_sld_fab_alt_sld_fab:alt_sld_fab|alt_sld_fab_alt_sld_fab_sldfabric:sldfabric|sld_jtag_hub:\jtag_hub_gen:real_sld_jtag_hub|irsr_reg[6]               ; altera_reserved_tck ; altera_reserved_tck ; 0.000        ; 0.045      ; 1.003      ;
; 0.874 ; sld_hub:auto_hub|alt_sld_fab_with_jtag_input:\instrumentation_fabric_with_node_gen:fabric_gen_new_way:with_jtag_input_gen:instrumentation_fabric|alt_sld_fab:instrumentation_fabric|alt_sld_fab_alt_sld_fab:alt_sld_fab|alt_sld_fab_alt_sld_fab_sldfabric:sldfabric|sld_jtag_hub:\jtag_hub_gen:real_sld_jtag_hub|clr_reg                            ; sld_hub:auto_hub|alt_sld_fab_with_jtag_input:\instrumentation_fabric_with_node_gen:fabric_gen_new_way:with_jtag_input_gen:instrumentation_fabric|alt_sld_fab:instrumentation_fabric|alt_sld_fab_alt_sld_fab:alt_sld_fab|alt_sld_fab_alt_sld_fab_sldfabric:sldfabric|sld_jtag_hub:\jtag_hub_gen:real_sld_jtag_hub|irsr_reg[7]               ; altera_reserved_tck ; altera_reserved_tck ; 0.000        ; 0.045      ; 1.003      ;
; 0.874 ; sld_hub:auto_hub|alt_sld_fab_with_jtag_input:\instrumentation_fabric_with_node_gen:fabric_gen_new_way:with_jtag_input_gen:instrumentation_fabric|alt_sld_fab:instrumentation_fabric|alt_sld_fab_alt_sld_fab:alt_sld_fab|alt_sld_fab_alt_sld_fab_sldfabric:sldfabric|sld_jtag_hub:\jtag_hub_gen:real_sld_jtag_hub|clr_reg                            ; sld_hub:auto_hub|alt_sld_fab_with_jtag_input:\instrumentation_fabric_with_node_gen:fabric_gen_new_way:with_jtag_input_gen:instrumentation_fabric|alt_sld_fab:instrumentation_fabric|alt_sld_fab_alt_sld_fab:alt_sld_fab|alt_sld_fab_alt_sld_fab_sldfabric:sldfabric|sld_jtag_hub:\jtag_hub_gen:real_sld_jtag_hub|irsr_reg[8]               ; altera_reserved_tck ; altera_reserved_tck ; 0.000        ; 0.045      ; 1.003      ;
; 0.874 ; sld_hub:auto_hub|alt_sld_fab_with_jtag_input:\instrumentation_fabric_with_node_gen:fabric_gen_new_way:with_jtag_input_gen:instrumentation_fabric|alt_sld_fab:instrumentation_fabric|alt_sld_fab_alt_sld_fab:alt_sld_fab|alt_sld_fab_alt_sld_fab_sldfabric:sldfabric|sld_jtag_hub:\jtag_hub_gen:real_sld_jtag_hub|clr_reg                            ; sld_hub:auto_hub|alt_sld_fab_with_jtag_input:\instrumentation_fabric_with_node_gen:fabric_gen_new_way:with_jtag_input_gen:instrumentation_fabric|alt_sld_fab:instrumentation_fabric|alt_sld_fab_alt_sld_fab:alt_sld_fab|alt_sld_fab_alt_sld_fab_sldfabric:sldfabric|sld_jtag_hub:\jtag_hub_gen:real_sld_jtag_hub|irsr_reg[9]               ; altera_reserved_tck ; altera_reserved_tck ; 0.000        ; 0.045      ; 1.003      ;
; 0.874 ; sld_hub:auto_hub|alt_sld_fab_with_jtag_input:\instrumentation_fabric_with_node_gen:fabric_gen_new_way:with_jtag_input_gen:instrumentation_fabric|alt_sld_fab:instrumentation_fabric|alt_sld_fab_alt_sld_fab:alt_sld_fab|alt_sld_fab_alt_sld_fab_sldfabric:sldfabric|sld_jtag_hub:\jtag_hub_gen:real_sld_jtag_hub|clr_reg                            ; sld_hub:auto_hub|alt_sld_fab_with_jtag_input:\instrumentation_fabric_with_node_gen:fabric_gen_new_way:with_jtag_input_gen:instrumentation_fabric|alt_sld_fab:instrumentation_fabric|alt_sld_fab_alt_sld_fab:alt_sld_fab|alt_sld_fab_alt_sld_fab_sldfabric:sldfabric|sld_jtag_hub:\jtag_hub_gen:real_sld_jtag_hub|irf_reg[1][5]             ; altera_reserved_tck ; altera_reserved_tck ; 0.000        ; 0.045      ; 1.003      ;
; 0.874 ; sld_hub:auto_hub|alt_sld_fab_with_jtag_input:\instrumentation_fabric_with_node_gen:fabric_gen_new_way:with_jtag_input_gen:instrumentation_fabric|alt_sld_fab:instrumentation_fabric|alt_sld_fab_alt_sld_fab:alt_sld_fab|alt_sld_fab_alt_sld_fab_sldfabric:sldfabric|sld_jtag_hub:\jtag_hub_gen:real_sld_jtag_hub|clr_reg                            ; sld_hub:auto_hub|alt_sld_fab_with_jtag_input:\instrumentation_fabric_with_node_gen:fabric_gen_new_way:with_jtag_input_gen:instrumentation_fabric|alt_sld_fab:instrumentation_fabric|alt_sld_fab_alt_sld_fab:alt_sld_fab|alt_sld_fab_alt_sld_fab_sldfabric:sldfabric|sld_jtag_hub:\jtag_hub_gen:real_sld_jtag_hub|irf_reg[1][6]             ; altera_reserved_tck ; altera_reserved_tck ; 0.000        ; 0.045      ; 1.003      ;
; 0.874 ; sld_hub:auto_hub|alt_sld_fab_with_jtag_input:\instrumentation_fabric_with_node_gen:fabric_gen_new_way:with_jtag_input_gen:instrumentation_fabric|alt_sld_fab:instrumentation_fabric|alt_sld_fab_alt_sld_fab:alt_sld_fab|alt_sld_fab_alt_sld_fab_sldfabric:sldfabric|sld_jtag_hub:\jtag_hub_gen:real_sld_jtag_hub|clr_reg                            ; sld_hub:auto_hub|alt_sld_fab_with_jtag_input:\instrumentation_fabric_with_node_gen:fabric_gen_new_way:with_jtag_input_gen:instrumentation_fabric|alt_sld_fab:instrumentation_fabric|alt_sld_fab_alt_sld_fab:alt_sld_fab|alt_sld_fab_alt_sld_fab_sldfabric:sldfabric|sld_jtag_hub:\jtag_hub_gen:real_sld_jtag_hub|irf_reg[1][8]             ; altera_reserved_tck ; altera_reserved_tck ; 0.000        ; 0.045      ; 1.003      ;
; 0.874 ; sld_hub:auto_hub|alt_sld_fab_with_jtag_input:\instrumentation_fabric_with_node_gen:fabric_gen_new_way:with_jtag_input_gen:instrumentation_fabric|alt_sld_fab:instrumentation_fabric|alt_sld_fab_alt_sld_fab:alt_sld_fab|alt_sld_fab_alt_sld_fab_sldfabric:sldfabric|sld_jtag_hub:\jtag_hub_gen:real_sld_jtag_hub|clr_reg                            ; sld_hub:auto_hub|alt_sld_fab_with_jtag_input:\instrumentation_fabric_with_node_gen:fabric_gen_new_way:with_jtag_input_gen:instrumentation_fabric|alt_sld_fab:instrumentation_fabric|alt_sld_fab_alt_sld_fab:alt_sld_fab|alt_sld_fab_alt_sld_fab_sldfabric:sldfabric|sld_jtag_hub:\jtag_hub_gen:real_sld_jtag_hub|irf_reg[1][9]             ; altera_reserved_tck ; altera_reserved_tck ; 0.000        ; 0.045      ; 1.003      ;
; 0.874 ; sld_hub:auto_hub|alt_sld_fab_with_jtag_input:\instrumentation_fabric_with_node_gen:fabric_gen_new_way:with_jtag_input_gen:instrumentation_fabric|alt_sld_fab:instrumentation_fabric|alt_sld_fab_alt_sld_fab:alt_sld_fab|alt_sld_fab_alt_sld_fab_sldfabric:sldfabric|sld_jtag_hub:\jtag_hub_gen:real_sld_jtag_hub|clr_reg                            ; sld_hub:auto_hub|alt_sld_fab_with_jtag_input:\instrumentation_fabric_with_node_gen:fabric_gen_new_way:with_jtag_input_gen:instrumentation_fabric|alt_sld_fab:instrumentation_fabric|alt_sld_fab_alt_sld_fab:alt_sld_fab|alt_sld_fab_alt_sld_fab_sldfabric:sldfabric|sld_jtag_hub:\jtag_hub_gen:real_sld_jtag_hub|virtual_ir_tdo_sel_reg[0] ; altera_reserved_tck ; altera_reserved_tck ; 0.000        ; 0.046      ; 1.004      ;
; 0.874 ; sld_hub:auto_hub|alt_sld_fab_with_jtag_input:\instrumentation_fabric_with_node_gen:fabric_gen_new_way:with_jtag_input_gen:instrumentation_fabric|alt_sld_fab:instrumentation_fabric|alt_sld_fab_alt_sld_fab:alt_sld_fab|alt_sld_fab_alt_sld_fab_sldfabric:sldfabric|sld_jtag_hub:\jtag_hub_gen:real_sld_jtag_hub|clr_reg                            ; sld_hub:auto_hub|alt_sld_fab_with_jtag_input:\instrumentation_fabric_with_node_gen:fabric_gen_new_way:with_jtag_input_gen:instrumentation_fabric|alt_sld_fab:instrumentation_fabric|alt_sld_fab_alt_sld_fab:alt_sld_fab|alt_sld_fab_alt_sld_fab_sldfabric:sldfabric|sld_jtag_hub:\jtag_hub_gen:real_sld_jtag_hub|irf_reg[1][0]             ; altera_reserved_tck ; altera_reserved_tck ; 0.000        ; 0.045      ; 1.003      ;
; 0.874 ; sld_hub:auto_hub|alt_sld_fab_with_jtag_input:\instrumentation_fabric_with_node_gen:fabric_gen_new_way:with_jtag_input_gen:instrumentation_fabric|alt_sld_fab:instrumentation_fabric|alt_sld_fab_alt_sld_fab:alt_sld_fab|alt_sld_fab_alt_sld_fab_sldfabric:sldfabric|sld_jtag_hub:\jtag_hub_gen:real_sld_jtag_hub|clr_reg                            ; sld_hub:auto_hub|alt_sld_fab_with_jtag_input:\instrumentation_fabric_with_node_gen:fabric_gen_new_way:with_jtag_input_gen:instrumentation_fabric|alt_sld_fab:instrumentation_fabric|alt_sld_fab_alt_sld_fab:alt_sld_fab|alt_sld_fab_alt_sld_fab_sldfabric:sldfabric|sld_jtag_hub:\jtag_hub_gen:real_sld_jtag_hub|irf_reg[1][2]             ; altera_reserved_tck ; altera_reserved_tck ; 0.000        ; 0.045      ; 1.003      ;
; 0.886 ; sld_hub:auto_hub|alt_sld_fab_with_jtag_input:\instrumentation_fabric_with_node_gen:fabric_gen_new_way:with_jtag_input_gen:instrumentation_fabric|alt_sld_fab:instrumentation_fabric|alt_sld_fab_alt_sld_fab:alt_sld_fab|alt_sld_fab_alt_sld_fab_sldfabric:sldfabric|sld_jtag_hub:\jtag_hub_gen:real_sld_jtag_hub|clr_reg                            ; sld_hub:auto_hub|alt_sld_fab_with_jtag_input:\instrumentation_fabric_with_node_gen:fabric_gen_new_way:with_jtag_input_gen:instrumentation_fabric|alt_sld_fab:instrumentation_fabric|alt_sld_fab_alt_sld_fab:alt_sld_fab|alt_sld_fab_alt_sld_fab_sldfabric:sldfabric|sld_jtag_hub:\jtag_hub_gen:real_sld_jtag_hub|hub_mode_reg[1]           ; altera_reserved_tck ; altera_reserved_tck ; 0.000        ; 0.047      ; 1.017      ;
; 0.886 ; sld_hub:auto_hub|alt_sld_fab_with_jtag_input:\instrumentation_fabric_with_node_gen:fabric_gen_new_way:with_jtag_input_gen:instrumentation_fabric|alt_sld_fab:instrumentation_fabric|alt_sld_fab_alt_sld_fab:alt_sld_fab|alt_sld_fab_alt_sld_fab_sldfabric:sldfabric|sld_jtag_hub:\jtag_hub_gen:real_sld_jtag_hub|clr_reg                            ; sld_hub:auto_hub|alt_sld_fab_with_jtag_input:\instrumentation_fabric_with_node_gen:fabric_gen_new_way:with_jtag_input_gen:instrumentation_fabric|alt_sld_fab:instrumentation_fabric|alt_sld_fab_alt_sld_fab:alt_sld_fab|alt_sld_fab_alt_sld_fab_sldfabric:sldfabric|sld_jtag_hub:\jtag_hub_gen:real_sld_jtag_hub|irsr_reg[10]              ; altera_reserved_tck ; altera_reserved_tck ; 0.000        ; 0.047      ; 1.017      ;
; 1.620 ; sld_signaltap:auto_signaltap_0|sld_signaltap_impl:sld_signaltap_body|sld_signaltap_implb:sld_signaltap_body|reset_all                                                                                                                                                                                                                               ; sld_signaltap:auto_signaltap_0|sld_signaltap_impl:sld_signaltap_body|sld_signaltap_implb:sld_signaltap_body|sld_ela_control:ela_control|sld_ela_basic_multi_level_trigger:\basic_multi_level_mbpm_trigger_gen:multi_level_mbpm|lpm_shiftreg:trigger_condition_deserialize|dffs[77]                                                         ; altera_reserved_tck ; altera_reserved_tck ; 0.000        ; 0.019      ; 1.723      ;
; 1.620 ; sld_signaltap:auto_signaltap_0|sld_signaltap_impl:sld_signaltap_body|sld_signaltap_implb:sld_signaltap_body|reset_all                                                                                                                                                                                                                               ; sld_signaltap:auto_signaltap_0|sld_signaltap_impl:sld_signaltap_body|sld_signaltap_implb:sld_signaltap_body|sld_ela_control:ela_control|sld_ela_basic_multi_level_trigger:\basic_multi_level_mbpm_trigger_gen:multi_level_mbpm|lpm_shiftreg:trigger_condition_deserialize|dffs[78]                                                         ; altera_reserved_tck ; altera_reserved_tck ; 0.000        ; 0.019      ; 1.723      ;
; 1.620 ; sld_signaltap:auto_signaltap_0|sld_signaltap_impl:sld_signaltap_body|sld_signaltap_implb:sld_signaltap_body|reset_all                                                                                                                                                                                                                               ; sld_signaltap:auto_signaltap_0|sld_signaltap_impl:sld_signaltap_body|sld_signaltap_implb:sld_signaltap_body|sld_ela_control:ela_control|sld_ela_basic_multi_level_trigger:\basic_multi_level_mbpm_trigger_gen:multi_level_mbpm|lpm_shiftreg:trigger_condition_deserialize|dffs[79]                                                         ; altera_reserved_tck ; altera_reserved_tck ; 0.000        ; 0.019      ; 1.723      ;
; 1.620 ; sld_signaltap:auto_signaltap_0|sld_signaltap_impl:sld_signaltap_body|sld_signaltap_implb:sld_signaltap_body|reset_all                                                                                                                                                                                                                               ; sld_signaltap:auto_signaltap_0|sld_signaltap_impl:sld_signaltap_body|sld_signaltap_implb:sld_signaltap_body|sld_ela_control:ela_control|sld_ela_basic_multi_level_trigger:\basic_multi_level_mbpm_trigger_gen:multi_level_mbpm|lpm_shiftreg:trigger_condition_deserialize|dffs[80]                                                         ; altera_reserved_tck ; altera_reserved_tck ; 0.000        ; 0.019      ; 1.723      ;
; 1.620 ; sld_signaltap:auto_signaltap_0|sld_signaltap_impl:sld_signaltap_body|sld_signaltap_implb:sld_signaltap_body|reset_all                                                                                                                                                                                                                               ; sld_signaltap:auto_signaltap_0|sld_signaltap_impl:sld_signaltap_body|sld_signaltap_implb:sld_signaltap_body|sld_ela_control:ela_control|sld_ela_basic_multi_level_trigger:\basic_multi_level_mbpm_trigger_gen:multi_level_mbpm|lpm_shiftreg:trigger_condition_deserialize|dffs[81]                                                         ; altera_reserved_tck ; altera_reserved_tck ; 0.000        ; 0.019      ; 1.723      ;
; 1.620 ; sld_signaltap:auto_signaltap_0|sld_signaltap_impl:sld_signaltap_body|sld_signaltap_implb:sld_signaltap_body|reset_all                                                                                                                                                                                                                               ; sld_signaltap:auto_signaltap_0|sld_signaltap_impl:sld_signaltap_body|sld_signaltap_implb:sld_signaltap_body|sld_ela_control:ela_control|sld_ela_basic_multi_level_trigger:\basic_multi_level_mbpm_trigger_gen:multi_level_mbpm|lpm_shiftreg:trigger_condition_deserialize|dffs[82]                                                         ; altera_reserved_tck ; altera_reserved_tck ; 0.000        ; 0.019      ; 1.723      ;
; 1.620 ; sld_signaltap:auto_signaltap_0|sld_signaltap_impl:sld_signaltap_body|sld_signaltap_implb:sld_signaltap_body|reset_all                                                                                                                                                                                                                               ; sld_signaltap:auto_signaltap_0|sld_signaltap_impl:sld_signaltap_body|sld_signaltap_implb:sld_signaltap_body|sld_ela_control:ela_control|sld_ela_basic_multi_level_trigger:\basic_multi_level_mbpm_trigger_gen:multi_level_mbpm|lpm_shiftreg:trigger_condition_deserialize|dffs[83]                                                         ; altera_reserved_tck ; altera_reserved_tck ; 0.000        ; 0.019      ; 1.723      ;
; 1.620 ; sld_signaltap:auto_signaltap_0|sld_signaltap_impl:sld_signaltap_body|sld_signaltap_implb:sld_signaltap_body|reset_all                                                                                                                                                                                                                               ; sld_signaltap:auto_signaltap_0|sld_signaltap_impl:sld_signaltap_body|sld_signaltap_implb:sld_signaltap_body|sld_ela_control:ela_control|sld_ela_basic_multi_level_trigger:\basic_multi_level_mbpm_trigger_gen:multi_level_mbpm|lpm_shiftreg:trigger_condition_deserialize|dffs[84]                                                         ; altera_reserved_tck ; altera_reserved_tck ; 0.000        ; 0.022      ; 1.726      ;
; 1.620 ; sld_signaltap:auto_signaltap_0|sld_signaltap_impl:sld_signaltap_body|sld_signaltap_implb:sld_signaltap_body|reset_all                                                                                                                                                                                                                               ; sld_signaltap:auto_signaltap_0|sld_signaltap_impl:sld_signaltap_body|sld_signaltap_implb:sld_signaltap_body|sld_ela_control:ela_control|sld_ela_basic_multi_level_trigger:\basic_multi_level_mbpm_trigger_gen:multi_level_mbpm|lpm_shiftreg:trigger_condition_deserialize|dffs[85]                                                         ; altera_reserved_tck ; altera_reserved_tck ; 0.000        ; 0.022      ; 1.726      ;
; 1.620 ; sld_signaltap:auto_signaltap_0|sld_signaltap_impl:sld_signaltap_body|sld_signaltap_implb:sld_signaltap_body|reset_all                                                                                                                                                                                                                               ; sld_signaltap:auto_signaltap_0|sld_signaltap_impl:sld_signaltap_body|sld_signaltap_implb:sld_signaltap_body|sld_ela_control:ela_control|sld_ela_basic_multi_level_trigger:\basic_multi_level_mbpm_trigger_gen:multi_level_mbpm|lpm_shiftreg:trigger_condition_deserialize|dffs[86]                                                         ; altera_reserved_tck ; altera_reserved_tck ; 0.000        ; 0.022      ; 1.726      ;
; 1.620 ; sld_signaltap:auto_signaltap_0|sld_signaltap_impl:sld_signaltap_body|sld_signaltap_implb:sld_signaltap_body|reset_all                                                                                                                                                                                                                               ; sld_signaltap:auto_signaltap_0|sld_signaltap_impl:sld_signaltap_body|sld_signaltap_implb:sld_signaltap_body|sld_ela_control:ela_control|sld_ela_basic_multi_level_trigger:\basic_multi_level_mbpm_trigger_gen:multi_level_mbpm|lpm_shiftreg:trigger_condition_deserialize|dffs[87]                                                         ; altera_reserved_tck ; altera_reserved_tck ; 0.000        ; 0.022      ; 1.726      ;
; 1.620 ; sld_signaltap:auto_signaltap_0|sld_signaltap_impl:sld_signaltap_body|sld_signaltap_implb:sld_signaltap_body|reset_all                                                                                                                                                                                                                               ; sld_signaltap:auto_signaltap_0|sld_signaltap_impl:sld_signaltap_body|sld_signaltap_implb:sld_signaltap_body|sld_ela_control:ela_control|sld_ela_basic_multi_level_trigger:\basic_multi_level_mbpm_trigger_gen:multi_level_mbpm|lpm_shiftreg:trigger_condition_deserialize|dffs[88]                                                         ; altera_reserved_tck ; altera_reserved_tck ; 0.000        ; 0.022      ; 1.726      ;
; 1.620 ; sld_signaltap:auto_signaltap_0|sld_signaltap_impl:sld_signaltap_body|sld_signaltap_implb:sld_signaltap_body|reset_all                                                                                                                                                                                                                               ; sld_signaltap:auto_signaltap_0|sld_signaltap_impl:sld_signaltap_body|sld_signaltap_implb:sld_signaltap_body|sld_ela_control:ela_control|sld_ela_basic_multi_level_trigger:\basic_multi_level_mbpm_trigger_gen:multi_level_mbpm|lpm_shiftreg:trigger_condition_deserialize|dffs[89]                                                         ; altera_reserved_tck ; altera_reserved_tck ; 0.000        ; 0.022      ; 1.726      ;
; 1.620 ; sld_signaltap:auto_signaltap_0|sld_signaltap_impl:sld_signaltap_body|sld_signaltap_implb:sld_signaltap_body|reset_all                                                                                                                                                                                                                               ; sld_signaltap:auto_signaltap_0|sld_signaltap_impl:sld_signaltap_body|sld_signaltap_implb:sld_signaltap_body|sld_ela_control:ela_control|sld_ela_basic_multi_level_trigger:\basic_multi_level_mbpm_trigger_gen:multi_level_mbpm|lpm_shiftreg:trigger_condition_deserialize|dffs[90]                                                         ; altera_reserved_tck ; altera_reserved_tck ; 0.000        ; 0.022      ; 1.726      ;
; 1.620 ; sld_signaltap:auto_signaltap_0|sld_signaltap_impl:sld_signaltap_body|sld_signaltap_implb:sld_signaltap_body|reset_all                                                                                                                                                                                                                               ; sld_signaltap:auto_signaltap_0|sld_signaltap_impl:sld_signaltap_body|sld_signaltap_implb:sld_signaltap_body|sld_ela_control:ela_control|sld_ela_basic_multi_level_trigger:\basic_multi_level_mbpm_trigger_gen:multi_level_mbpm|lpm_shiftreg:trigger_condition_deserialize|dffs[91]                                                         ; altera_reserved_tck ; altera_reserved_tck ; 0.000        ; 0.022      ; 1.726      ;
; 1.620 ; sld_signaltap:auto_signaltap_0|sld_signaltap_impl:sld_signaltap_body|sld_signaltap_implb:sld_signaltap_body|reset_all                                                                                                                                                                                                                               ; sld_signaltap:auto_signaltap_0|sld_signaltap_impl:sld_signaltap_body|sld_signaltap_implb:sld_signaltap_body|sld_ela_control:ela_control|sld_ela_basic_multi_level_trigger:\basic_multi_level_mbpm_trigger_gen:multi_level_mbpm|lpm_shiftreg:trigger_condition_deserialize|dffs[92]                                                         ; altera_reserved_tck ; altera_reserved_tck ; 0.000        ; 0.022      ; 1.726      ;
; 1.621 ; sld_signaltap:auto_signaltap_0|sld_signaltap_impl:sld_signaltap_body|sld_signaltap_implb:sld_signaltap_body|reset_all                                                                                                                                                                                                                               ; sld_signaltap:auto_signaltap_0|sld_signaltap_impl:sld_signaltap_body|sld_signaltap_implb:sld_signaltap_body|sld_ela_control:ela_control|sld_ela_trigger_flow_mgr:\builtin:ela_trigger_flow_mgr_entity|lpm_shiftreg:trigger_config_deserialize|dffs[6]                                                                                      ; altera_reserved_tck ; altera_reserved_tck ; 0.000        ; 0.017      ; 1.722      ;
; 1.621 ; sld_signaltap:auto_signaltap_0|sld_signaltap_impl:sld_signaltap_body|sld_signaltap_implb:sld_signaltap_body|reset_all                                                                                                                                                                                                                               ; sld_signaltap:auto_signaltap_0|sld_signaltap_impl:sld_signaltap_body|sld_signaltap_implb:sld_signaltap_body|sld_ela_control:ela_control|sld_ela_trigger_flow_mgr:\builtin:ela_trigger_flow_mgr_entity|lpm_shiftreg:trigger_config_deserialize|dffs[7]                                                                                      ; altera_reserved_tck ; altera_reserved_tck ; 0.000        ; 0.017      ; 1.722      ;
; 1.621 ; sld_signaltap:auto_signaltap_0|sld_signaltap_impl:sld_signaltap_body|sld_signaltap_implb:sld_signaltap_body|reset_all                                                                                                                                                                                                                               ; sld_signaltap:auto_signaltap_0|sld_signaltap_impl:sld_signaltap_body|sld_signaltap_implb:sld_signaltap_body|sld_ela_control:ela_control|sld_ela_trigger_flow_mgr:\builtin:ela_trigger_flow_mgr_entity|lpm_shiftreg:trigger_config_deserialize|dffs[8]                                                                                      ; altera_reserved_tck ; altera_reserved_tck ; 0.000        ; 0.017      ; 1.722      ;
; 1.621 ; sld_signaltap:auto_signaltap_0|sld_signaltap_impl:sld_signaltap_body|sld_signaltap_implb:sld_signaltap_body|reset_all                                                                                                                                                                                                                               ; sld_signaltap:auto_signaltap_0|sld_signaltap_impl:sld_signaltap_body|sld_signaltap_implb:sld_signaltap_body|sld_ela_control:ela_control|sld_ela_trigger_flow_mgr:\builtin:ela_trigger_flow_mgr_entity|lpm_shiftreg:trigger_config_deserialize|dffs[9]                                                                                      ; altera_reserved_tck ; altera_reserved_tck ; 0.000        ; 0.017      ; 1.722      ;
; 1.621 ; sld_signaltap:auto_signaltap_0|sld_signaltap_impl:sld_signaltap_body|sld_signaltap_implb:sld_signaltap_body|reset_all                                                                                                                                                                                                                               ; sld_signaltap:auto_signaltap_0|sld_signaltap_impl:sld_signaltap_body|sld_signaltap_implb:sld_signaltap_body|sld_ela_control:ela_control|sld_ela_basic_multi_level_trigger:\basic_multi_level_mbpm_trigger_gen:multi_level_mbpm|lpm_shiftreg:trigger_condition_deserialize|dffs[0]                                                          ; altera_reserved_tck ; altera_reserved_tck ; 0.000        ; 0.017      ; 1.722      ;
; 1.621 ; sld_signaltap:auto_signaltap_0|sld_signaltap_impl:sld_signaltap_body|sld_signaltap_implb:sld_signaltap_body|reset_all                                                                                                                                                                                                                               ; sld_signaltap:auto_signaltap_0|sld_signaltap_impl:sld_signaltap_body|sld_signaltap_implb:sld_signaltap_body|sld_ela_control:ela_control|sld_ela_basic_multi_level_trigger:\basic_multi_level_mbpm_trigger_gen:multi_level_mbpm|lpm_shiftreg:trigger_condition_deserialize|dffs[1]                                                          ; altera_reserved_tck ; altera_reserved_tck ; 0.000        ; 0.017      ; 1.722      ;
; 1.621 ; sld_signaltap:auto_signaltap_0|sld_signaltap_impl:sld_signaltap_body|sld_signaltap_implb:sld_signaltap_body|reset_all                                                                                                                                                                                                                               ; sld_signaltap:auto_signaltap_0|sld_signaltap_impl:sld_signaltap_body|sld_signaltap_implb:sld_signaltap_body|sld_ela_control:ela_control|sld_ela_basic_multi_level_trigger:\basic_multi_level_mbpm_trigger_gen:multi_level_mbpm|lpm_shiftreg:trigger_condition_deserialize|dffs[2]                                                          ; altera_reserved_tck ; altera_reserved_tck ; 0.000        ; 0.017      ; 1.722      ;
; 1.621 ; sld_signaltap:auto_signaltap_0|sld_signaltap_impl:sld_signaltap_body|sld_signaltap_implb:sld_signaltap_body|reset_all                                                                                                                                                                                                                               ; sld_signaltap:auto_signaltap_0|sld_signaltap_impl:sld_signaltap_body|sld_signaltap_implb:sld_signaltap_body|sld_ela_control:ela_control|sld_ela_basic_multi_level_trigger:\basic_multi_level_mbpm_trigger_gen:multi_level_mbpm|lpm_shiftreg:trigger_condition_deserialize|dffs[10]                                                         ; altera_reserved_tck ; altera_reserved_tck ; 0.000        ; 0.025      ; 1.730      ;
; 1.621 ; sld_signaltap:auto_signaltap_0|sld_signaltap_impl:sld_signaltap_body|sld_signaltap_implb:sld_signaltap_body|reset_all                                                                                                                                                                                                                               ; sld_signaltap:auto_signaltap_0|sld_signaltap_impl:sld_signaltap_body|sld_signaltap_implb:sld_signaltap_body|sld_ela_control:ela_control|sld_ela_basic_multi_level_trigger:\basic_multi_level_mbpm_trigger_gen:multi_level_mbpm|lpm_shiftreg:trigger_condition_deserialize|dffs[11]                                                         ; altera_reserved_tck ; altera_reserved_tck ; 0.000        ; 0.025      ; 1.730      ;
; 1.621 ; sld_signaltap:auto_signaltap_0|sld_signaltap_impl:sld_signaltap_body|sld_signaltap_implb:sld_signaltap_body|reset_all                                                                                                                                                                                                                               ; sld_signaltap:auto_signaltap_0|sld_signaltap_impl:sld_signaltap_body|sld_signaltap_implb:sld_signaltap_body|sld_ela_control:ela_control|sld_ela_basic_multi_level_trigger:\basic_multi_level_mbpm_trigger_gen:multi_level_mbpm|lpm_shiftreg:trigger_condition_deserialize|dffs[12]                                                         ; altera_reserved_tck ; altera_reserved_tck ; 0.000        ; 0.025      ; 1.730      ;
; 1.621 ; sld_signaltap:auto_signaltap_0|sld_signaltap_impl:sld_signaltap_body|sld_signaltap_implb:sld_signaltap_body|reset_all                                                                                                                                                                                                                               ; sld_signaltap:auto_signaltap_0|sld_signaltap_impl:sld_signaltap_body|sld_signaltap_implb:sld_signaltap_body|sld_ela_control:ela_control|sld_ela_basic_multi_level_trigger:\basic_multi_level_mbpm_trigger_gen:multi_level_mbpm|lpm_shiftreg:trigger_condition_deserialize|dffs[13]                                                         ; altera_reserved_tck ; altera_reserved_tck ; 0.000        ; 0.025      ; 1.730      ;
; 1.621 ; sld_signaltap:auto_signaltap_0|sld_signaltap_impl:sld_signaltap_body|sld_signaltap_implb:sld_signaltap_body|reset_all                                                                                                                                                                                                                               ; sld_signaltap:auto_signaltap_0|sld_signaltap_impl:sld_signaltap_body|sld_signaltap_implb:sld_signaltap_body|sld_ela_control:ela_control|sld_ela_basic_multi_level_trigger:\basic_multi_level_mbpm_trigger_gen:multi_level_mbpm|lpm_shiftreg:trigger_condition_deserialize|dffs[14]                                                         ; altera_reserved_tck ; altera_reserved_tck ; 0.000        ; 0.025      ; 1.730      ;
; 1.621 ; sld_signaltap:auto_signaltap_0|sld_signaltap_impl:sld_signaltap_body|sld_signaltap_implb:sld_signaltap_body|reset_all                                                                                                                                                                                                                               ; sld_signaltap:auto_signaltap_0|sld_signaltap_impl:sld_signaltap_body|sld_signaltap_implb:sld_signaltap_body|sld_ela_control:ela_control|sld_ela_basic_multi_level_trigger:\basic_multi_level_mbpm_trigger_gen:multi_level_mbpm|lpm_shiftreg:trigger_condition_deserialize|dffs[15]                                                         ; altera_reserved_tck ; altera_reserved_tck ; 0.000        ; 0.025      ; 1.730      ;
; 1.621 ; sld_signaltap:auto_signaltap_0|sld_signaltap_impl:sld_signaltap_body|sld_signaltap_implb:sld_signaltap_body|reset_all                                                                                                                                                                                                                               ; sld_signaltap:auto_signaltap_0|sld_signaltap_impl:sld_signaltap_body|sld_signaltap_implb:sld_signaltap_body|sld_ela_control:ela_control|sld_ela_basic_multi_level_trigger:\basic_multi_level_mbpm_trigger_gen:multi_level_mbpm|lpm_shiftreg:trigger_condition_deserialize|dffs[16]                                                         ; altera_reserved_tck ; altera_reserved_tck ; 0.000        ; 0.025      ; 1.730      ;
; 1.621 ; sld_signaltap:auto_signaltap_0|sld_signaltap_impl:sld_signaltap_body|sld_signaltap_implb:sld_signaltap_body|reset_all                                                                                                                                                                                                                               ; sld_signaltap:auto_signaltap_0|sld_signaltap_impl:sld_signaltap_body|sld_signaltap_implb:sld_signaltap_body|sld_ela_control:ela_control|sld_ela_basic_multi_level_trigger:\basic_multi_level_mbpm_trigger_gen:multi_level_mbpm|lpm_shiftreg:trigger_condition_deserialize|dffs[17]                                                         ; altera_reserved_tck ; altera_reserved_tck ; 0.000        ; 0.025      ; 1.730      ;
; 1.621 ; sld_signaltap:auto_signaltap_0|sld_signaltap_impl:sld_signaltap_body|sld_signaltap_implb:sld_signaltap_body|reset_all                                                                                                                                                                                                                               ; sld_signaltap:auto_signaltap_0|sld_signaltap_impl:sld_signaltap_body|sld_signaltap_implb:sld_signaltap_body|sld_ela_control:ela_control|sld_ela_basic_multi_level_trigger:\basic_multi_level_mbpm_trigger_gen:multi_level_mbpm|lpm_shiftreg:trigger_condition_deserialize|dffs[18]                                                         ; altera_reserved_tck ; altera_reserved_tck ; 0.000        ; 0.024      ; 1.729      ;
; 1.621 ; sld_signaltap:auto_signaltap_0|sld_signaltap_impl:sld_signaltap_body|sld_signaltap_implb:sld_signaltap_body|reset_all                                                                                                                                                                                                                               ; sld_signaltap:auto_signaltap_0|sld_signaltap_impl:sld_signaltap_body|sld_signaltap_implb:sld_signaltap_body|sld_ela_control:ela_control|sld_ela_basic_multi_level_trigger:\basic_multi_level_mbpm_trigger_gen:multi_level_mbpm|lpm_shiftreg:trigger_condition_deserialize|dffs[19]                                                         ; altera_reserved_tck ; altera_reserved_tck ; 0.000        ; 0.024      ; 1.729      ;
; 1.621 ; sld_signaltap:auto_signaltap_0|sld_signaltap_impl:sld_signaltap_body|sld_signaltap_implb:sld_signaltap_body|reset_all                                                                                                                                                                                                                               ; sld_signaltap:auto_signaltap_0|sld_signaltap_impl:sld_signaltap_body|sld_signaltap_implb:sld_signaltap_body|sld_ela_control:ela_control|sld_ela_basic_multi_level_trigger:\basic_multi_level_mbpm_trigger_gen:multi_level_mbpm|lpm_shiftreg:trigger_condition_deserialize|dffs[20]                                                         ; altera_reserved_tck ; altera_reserved_tck ; 0.000        ; 0.024      ; 1.729      ;
; 1.621 ; sld_signaltap:auto_signaltap_0|sld_signaltap_impl:sld_signaltap_body|sld_signaltap_implb:sld_signaltap_body|reset_all                                                                                                                                                                                                                               ; sld_signaltap:auto_signaltap_0|sld_signaltap_impl:sld_signaltap_body|sld_signaltap_implb:sld_signaltap_body|sld_ela_control:ela_control|sld_ela_basic_multi_level_trigger:\basic_multi_level_mbpm_trigger_gen:multi_level_mbpm|lpm_shiftreg:trigger_condition_deserialize|dffs[21]                                                         ; altera_reserved_tck ; altera_reserved_tck ; 0.000        ; 0.024      ; 1.729      ;
; 1.621 ; sld_signaltap:auto_signaltap_0|sld_signaltap_impl:sld_signaltap_body|sld_signaltap_implb:sld_signaltap_body|reset_all                                                                                                                                                                                                                               ; sld_signaltap:auto_signaltap_0|sld_signaltap_impl:sld_signaltap_body|sld_signaltap_implb:sld_signaltap_body|sld_ela_control:ela_control|sld_ela_basic_multi_level_trigger:\basic_multi_level_mbpm_trigger_gen:multi_level_mbpm|lpm_shiftreg:trigger_condition_deserialize|dffs[22]                                                         ; altera_reserved_tck ; altera_reserved_tck ; 0.000        ; 0.024      ; 1.729      ;
; 1.621 ; sld_signaltap:auto_signaltap_0|sld_signaltap_impl:sld_signaltap_body|sld_signaltap_implb:sld_signaltap_body|reset_all                                                                                                                                                                                                                               ; sld_signaltap:auto_signaltap_0|sld_signaltap_impl:sld_signaltap_body|sld_signaltap_implb:sld_signaltap_body|sld_ela_control:ela_control|sld_ela_basic_multi_level_trigger:\basic_multi_level_mbpm_trigger_gen:multi_level_mbpm|lpm_shiftreg:trigger_condition_deserialize|dffs[23]                                                         ; altera_reserved_tck ; altera_reserved_tck ; 0.000        ; 0.024      ; 1.729      ;
; 1.621 ; sld_signaltap:auto_signaltap_0|sld_signaltap_impl:sld_signaltap_body|sld_signaltap_implb:sld_signaltap_body|reset_all                                                                                                                                                                                                                               ; sld_signaltap:auto_signaltap_0|sld_signaltap_impl:sld_signaltap_body|sld_signaltap_implb:sld_signaltap_body|sld_ela_control:ela_control|sld_ela_basic_multi_level_trigger:\basic_multi_level_mbpm_trigger_gen:multi_level_mbpm|lpm_shiftreg:trigger_condition_deserialize|dffs[24]                                                         ; altera_reserved_tck ; altera_reserved_tck ; 0.000        ; 0.024      ; 1.729      ;
; 1.621 ; sld_signaltap:auto_signaltap_0|sld_signaltap_impl:sld_signaltap_body|sld_signaltap_implb:sld_signaltap_body|reset_all                                                                                                                                                                                                                               ; sld_signaltap:auto_signaltap_0|sld_signaltap_impl:sld_signaltap_body|sld_signaltap_implb:sld_signaltap_body|sld_ela_control:ela_control|sld_ela_basic_multi_level_trigger:\basic_multi_level_mbpm_trigger_gen:multi_level_mbpm|lpm_shiftreg:trigger_condition_deserialize|dffs[93]                                                         ; altera_reserved_tck ; altera_reserved_tck ; 0.000        ; 0.023      ; 1.728      ;
; 1.621 ; sld_signaltap:auto_signaltap_0|sld_signaltap_impl:sld_signaltap_body|sld_signaltap_implb:sld_signaltap_body|reset_all                                                                                                                                                                                                                               ; sld_signaltap:auto_signaltap_0|sld_signaltap_impl:sld_signaltap_body|sld_signaltap_implb:sld_signaltap_body|sld_ela_control:ela_control|sld_ela_basic_multi_level_trigger:\basic_multi_level_mbpm_trigger_gen:multi_level_mbpm|lpm_shiftreg:trigger_condition_deserialize|dffs[94]                                                         ; altera_reserved_tck ; altera_reserved_tck ; 0.000        ; 0.023      ; 1.728      ;
; 1.621 ; sld_signaltap:auto_signaltap_0|sld_signaltap_impl:sld_signaltap_body|sld_signaltap_implb:sld_signaltap_body|reset_all                                                                                                                                                                                                                               ; sld_signaltap:auto_signaltap_0|sld_signaltap_impl:sld_signaltap_body|sld_signaltap_implb:sld_signaltap_body|sld_ela_control:ela_control|sld_ela_basic_multi_level_trigger:\basic_multi_level_mbpm_trigger_gen:multi_level_mbpm|lpm_shiftreg:trigger_condition_deserialize|dffs[95]                                                         ; altera_reserved_tck ; altera_reserved_tck ; 0.000        ; 0.023      ; 1.728      ;
; 1.621 ; sld_signaltap:auto_signaltap_0|sld_signaltap_impl:sld_signaltap_body|sld_signaltap_implb:sld_signaltap_body|reset_all                                                                                                                                                                                                                               ; sld_signaltap:auto_signaltap_0|sld_signaltap_impl:sld_signaltap_body|sld_signaltap_implb:sld_signaltap_body|sld_ela_control:ela_control|sld_ela_basic_multi_level_trigger:\basic_multi_level_mbpm_trigger_gen:multi_level_mbpm|lpm_shiftreg:trigger_condition_deserialize|dffs[96]                                                         ; altera_reserved_tck ; altera_reserved_tck ; 0.000        ; 0.023      ; 1.728      ;
; 1.621 ; sld_signaltap:auto_signaltap_0|sld_signaltap_impl:sld_signaltap_body|sld_signaltap_implb:sld_signaltap_body|reset_all                                                                                                                                                                                                                               ; sld_signaltap:auto_signaltap_0|sld_signaltap_impl:sld_signaltap_body|sld_signaltap_implb:sld_signaltap_body|sld_ela_control:ela_control|sld_ela_basic_multi_level_trigger:\basic_multi_level_mbpm_trigger_gen:multi_level_mbpm|lpm_shiftreg:trigger_condition_deserialize|dffs[97]                                                         ; altera_reserved_tck ; altera_reserved_tck ; 0.000        ; 0.023      ; 1.728      ;
; 1.621 ; sld_signaltap:auto_signaltap_0|sld_signaltap_impl:sld_signaltap_body|sld_signaltap_implb:sld_signaltap_body|reset_all                                                                                                                                                                                                                               ; sld_signaltap:auto_signaltap_0|sld_signaltap_impl:sld_signaltap_body|sld_signaltap_implb:sld_signaltap_body|sld_ela_control:ela_control|sld_ela_basic_multi_level_trigger:\basic_multi_level_mbpm_trigger_gen:multi_level_mbpm|lpm_shiftreg:trigger_condition_deserialize|dffs[98]                                                         ; altera_reserved_tck ; altera_reserved_tck ; 0.000        ; 0.023      ; 1.728      ;
; 1.622 ; sld_signaltap:auto_signaltap_0|sld_signaltap_impl:sld_signaltap_body|sld_signaltap_implb:sld_signaltap_body|reset_all                                                                                                                                                                                                                               ; sld_signaltap:auto_signaltap_0|sld_signaltap_impl:sld_signaltap_body|sld_signaltap_implb:sld_signaltap_body|sld_ela_control:ela_control|sld_ela_basic_multi_level_trigger:\basic_multi_level_mbpm_trigger_gen:multi_level_mbpm|lpm_shiftreg:trigger_condition_deserialize|dffs[3]                                                          ; altera_reserved_tck ; altera_reserved_tck ; 0.000        ; 0.025      ; 1.731      ;
; 1.622 ; sld_signaltap:auto_signaltap_0|sld_signaltap_impl:sld_signaltap_body|sld_signaltap_implb:sld_signaltap_body|reset_all                                                                                                                                                                                                                               ; sld_signaltap:auto_signaltap_0|sld_signaltap_impl:sld_signaltap_body|sld_signaltap_implb:sld_signaltap_body|sld_ela_control:ela_control|sld_ela_basic_multi_level_trigger:\basic_multi_level_mbpm_trigger_gen:multi_level_mbpm|lpm_shiftreg:trigger_condition_deserialize|dffs[4]                                                          ; altera_reserved_tck ; altera_reserved_tck ; 0.000        ; 0.025      ; 1.731      ;
; 1.622 ; sld_signaltap:auto_signaltap_0|sld_signaltap_impl:sld_signaltap_body|sld_signaltap_implb:sld_signaltap_body|reset_all                                                                                                                                                                                                                               ; sld_signaltap:auto_signaltap_0|sld_signaltap_impl:sld_signaltap_body|sld_signaltap_implb:sld_signaltap_body|sld_ela_control:ela_control|sld_ela_basic_multi_level_trigger:\basic_multi_level_mbpm_trigger_gen:multi_level_mbpm|lpm_shiftreg:trigger_condition_deserialize|dffs[5]                                                          ; altera_reserved_tck ; altera_reserved_tck ; 0.000        ; 0.025      ; 1.731      ;
; 1.622 ; sld_signaltap:auto_signaltap_0|sld_signaltap_impl:sld_signaltap_body|sld_signaltap_implb:sld_signaltap_body|reset_all                                                                                                                                                                                                                               ; sld_signaltap:auto_signaltap_0|sld_signaltap_impl:sld_signaltap_body|sld_signaltap_implb:sld_signaltap_body|sld_ela_control:ela_control|sld_ela_basic_multi_level_trigger:\basic_multi_level_mbpm_trigger_gen:multi_level_mbpm|lpm_shiftreg:trigger_condition_deserialize|dffs[6]                                                          ; altera_reserved_tck ; altera_reserved_tck ; 0.000        ; 0.025      ; 1.731      ;
; 1.622 ; sld_signaltap:auto_signaltap_0|sld_signaltap_impl:sld_signaltap_body|sld_signaltap_implb:sld_signaltap_body|reset_all                                                                                                                                                                                                                               ; sld_signaltap:auto_signaltap_0|sld_signaltap_impl:sld_signaltap_body|sld_signaltap_implb:sld_signaltap_body|sld_ela_control:ela_control|sld_ela_basic_multi_level_trigger:\basic_multi_level_mbpm_trigger_gen:multi_level_mbpm|lpm_shiftreg:trigger_condition_deserialize|dffs[7]                                                          ; altera_reserved_tck ; altera_reserved_tck ; 0.000        ; 0.025      ; 1.731      ;
; 1.622 ; sld_signaltap:auto_signaltap_0|sld_signaltap_impl:sld_signaltap_body|sld_signaltap_implb:sld_signaltap_body|reset_all                                                                                                                                                                                                                               ; sld_signaltap:auto_signaltap_0|sld_signaltap_impl:sld_signaltap_body|sld_signaltap_implb:sld_signaltap_body|sld_ela_control:ela_control|sld_ela_basic_multi_level_trigger:\basic_multi_level_mbpm_trigger_gen:multi_level_mbpm|lpm_shiftreg:trigger_condition_deserialize|dffs[8]                                                          ; altera_reserved_tck ; altera_reserved_tck ; 0.000        ; 0.025      ; 1.731      ;
; 1.622 ; sld_signaltap:auto_signaltap_0|sld_signaltap_impl:sld_signaltap_body|sld_signaltap_implb:sld_signaltap_body|reset_all                                                                                                                                                                                                                               ; sld_signaltap:auto_signaltap_0|sld_signaltap_impl:sld_signaltap_body|sld_signaltap_implb:sld_signaltap_body|sld_ela_control:ela_control|sld_ela_basic_multi_level_trigger:\basic_multi_level_mbpm_trigger_gen:multi_level_mbpm|lpm_shiftreg:trigger_condition_deserialize|dffs[9]                                                          ; altera_reserved_tck ; altera_reserved_tck ; 0.000        ; 0.025      ; 1.731      ;
; 1.623 ; sld_signaltap:auto_signaltap_0|sld_signaltap_impl:sld_signaltap_body|sld_signaltap_implb:sld_signaltap_body|reset_all                                                                                                                                                                                                                               ; sld_signaltap:auto_signaltap_0|sld_signaltap_impl:sld_signaltap_body|sld_signaltap_implb:sld_signaltap_body|sld_offload_buffer_mgr:\stp_non_zero_depth_offload_gen:stp_offload_buff_mgr_inst|lpm_shiftreg:status_data_shift_out|dffs[8]                                                                                                    ; altera_reserved_tck ; altera_reserved_tck ; 0.000        ; 0.027      ; 1.734      ;
; 1.623 ; sld_signaltap:auto_signaltap_0|sld_signaltap_impl:sld_signaltap_body|sld_signaltap_implb:sld_signaltap_body|reset_all                                                                                                                                                                                                                               ; sld_signaltap:auto_signaltap_0|sld_signaltap_impl:sld_signaltap_body|sld_signaltap_implb:sld_signaltap_body|sld_offload_buffer_mgr:\stp_non_zero_depth_offload_gen:stp_offload_buff_mgr_inst|lpm_shiftreg:status_data_shift_out|dffs[9]                                                                                                    ; altera_reserved_tck ; altera_reserved_tck ; 0.000        ; 0.027      ; 1.734      ;
; 1.623 ; sld_signaltap:auto_signaltap_0|sld_signaltap_impl:sld_signaltap_body|sld_signaltap_implb:sld_signaltap_body|reset_all                                                                                                                                                                                                                               ; sld_signaltap:auto_signaltap_0|sld_signaltap_impl:sld_signaltap_body|sld_signaltap_implb:sld_signaltap_body|sld_offload_buffer_mgr:\stp_non_zero_depth_offload_gen:stp_offload_buff_mgr_inst|lpm_shiftreg:status_data_shift_out|dffs[11]                                                                                                   ; altera_reserved_tck ; altera_reserved_tck ; 0.000        ; 0.027      ; 1.734      ;
; 1.623 ; sld_signaltap:auto_signaltap_0|sld_signaltap_impl:sld_signaltap_body|sld_signaltap_implb:sld_signaltap_body|reset_all                                                                                                                                                                                                                               ; sld_signaltap:auto_signaltap_0|sld_signaltap_impl:sld_signaltap_body|sld_signaltap_implb:sld_signaltap_body|sld_offload_buffer_mgr:\stp_non_zero_depth_offload_gen:stp_offload_buff_mgr_inst|lpm_shiftreg:status_data_shift_out|dffs[12]                                                                                                   ; altera_reserved_tck ; altera_reserved_tck ; 0.000        ; 0.027      ; 1.734      ;
; 1.623 ; sld_signaltap:auto_signaltap_0|sld_signaltap_impl:sld_signaltap_body|sld_signaltap_implb:sld_signaltap_body|reset_all                                                                                                                                                                                                                               ; sld_signaltap:auto_signaltap_0|sld_signaltap_impl:sld_signaltap_body|sld_signaltap_implb:sld_signaltap_body|sld_offload_buffer_mgr:\stp_non_zero_depth_offload_gen:stp_offload_buff_mgr_inst|lpm_shiftreg:status_data_shift_out|dffs[13]                                                                                                   ; altera_reserved_tck ; altera_reserved_tck ; 0.000        ; 0.027      ; 1.734      ;
; 1.623 ; sld_signaltap:auto_signaltap_0|sld_signaltap_impl:sld_signaltap_body|sld_signaltap_implb:sld_signaltap_body|reset_all                                                                                                                                                                                                                               ; sld_signaltap:auto_signaltap_0|sld_signaltap_impl:sld_signaltap_body|sld_signaltap_implb:sld_signaltap_body|sld_offload_buffer_mgr:\stp_non_zero_depth_offload_gen:stp_offload_buff_mgr_inst|lpm_shiftreg:status_data_shift_out|dffs[10]                                                                                                   ; altera_reserved_tck ; altera_reserved_tck ; 0.000        ; 0.027      ; 1.734      ;
; 1.623 ; sld_signaltap:auto_signaltap_0|sld_signaltap_impl:sld_signaltap_body|sld_signaltap_implb:sld_signaltap_body|reset_all                                                                                                                                                                                                                               ; sld_signaltap:auto_signaltap_0|sld_signaltap_impl:sld_signaltap_body|sld_signaltap_implb:sld_signaltap_body|sld_offload_buffer_mgr:\stp_non_zero_depth_offload_gen:stp_offload_buff_mgr_inst|lpm_shiftreg:status_data_shift_out|dffs[14]                                                                                                   ; altera_reserved_tck ; altera_reserved_tck ; 0.000        ; 0.027      ; 1.734      ;
; 1.626 ; sld_signaltap:auto_signaltap_0|sld_signaltap_impl:sld_signaltap_body|sld_signaltap_implb:sld_signaltap_body|reset_all                                                                                                                                                                                                                               ; sld_signaltap:auto_signaltap_0|sld_signaltap_impl:sld_signaltap_body|sld_signaltap_implb:sld_signaltap_body|sld_offload_buffer_mgr:\stp_non_zero_depth_offload_gen:stp_offload_buff_mgr_inst|lpm_shiftreg:info_data_shift_out|dffs[1]                                                                                                      ; altera_reserved_tck ; altera_reserved_tck ; 0.000        ; 0.032      ; 1.742      ;
; 1.626 ; sld_signaltap:auto_signaltap_0|sld_signaltap_impl:sld_signaltap_body|sld_signaltap_implb:sld_signaltap_body|reset_all                                                                                                                                                                                                                               ; sld_signaltap:auto_signaltap_0|sld_signaltap_impl:sld_signaltap_body|sld_signaltap_implb:sld_signaltap_body|sld_offload_buffer_mgr:\stp_non_zero_depth_offload_gen:stp_offload_buff_mgr_inst|lpm_shiftreg:info_data_shift_out|dffs[2]                                                                                                      ; altera_reserved_tck ; altera_reserved_tck ; 0.000        ; 0.032      ; 1.742      ;
; 1.626 ; sld_signaltap:auto_signaltap_0|sld_signaltap_impl:sld_signaltap_body|sld_signaltap_implb:sld_signaltap_body|reset_all                                                                                                                                                                                                                               ; sld_signaltap:auto_signaltap_0|sld_signaltap_impl:sld_signaltap_body|sld_signaltap_implb:sld_signaltap_body|sld_offload_buffer_mgr:\stp_non_zero_depth_offload_gen:stp_offload_buff_mgr_inst|lpm_shiftreg:info_data_shift_out|dffs[3]                                                                                                      ; altera_reserved_tck ; altera_reserved_tck ; 0.000        ; 0.032      ; 1.742      ;
; 1.626 ; sld_signaltap:auto_signaltap_0|sld_signaltap_impl:sld_signaltap_body|sld_signaltap_implb:sld_signaltap_body|reset_all                                                                                                                                                                                                                               ; sld_signaltap:auto_signaltap_0|sld_signaltap_impl:sld_signaltap_body|sld_signaltap_implb:sld_signaltap_body|sld_offload_buffer_mgr:\stp_non_zero_depth_offload_gen:stp_offload_buff_mgr_inst|lpm_shiftreg:info_data_shift_out|dffs[4]                                                                                                      ; altera_reserved_tck ; altera_reserved_tck ; 0.000        ; 0.032      ; 1.742      ;
+-------+-----------------------------------------------------------------------------------------------------------------------------------------------------------------------------------------------------------------------------------------------------------------------------------------------------------------------------------------------------+--------------------------------------------------------------------------------------------------------------------------------------------------------------------------------------------------------------------------------------------------------------------------------------------------------------------------------------------+---------------------+---------------------+--------------+------------+------------+


----------------------------------------------
; Fast 1200mV 0C Model Metastability Summary ;
----------------------------------------------
The design MTBF is not calculated because there are no specified synchronizers in the design.
Number of Synchronizer Chains Found: 2
Shortest Synchronizer Chain: 4 Registers
Fraction of Chains for which MTBFs Could Not be Calculated: 1.000
Worst Case Available Settling Time: 346.714 ns




+----------------------------------------------------------------------------------+
; Multicorner Timing Analysis Summary                                              ;
+----------------------+--------+-------+----------+---------+---------------------+
; Clock                ; Setup  ; Hold  ; Recovery ; Removal ; Minimum Pulse Width ;
+----------------------+--------+-------+----------+---------+---------------------+
; Worst-case Slack     ; 42.991 ; 0.186 ; 95.784   ; 0.494   ; 49.247              ;
;  altera_reserved_tck ; 42.991 ; 0.186 ; 95.784   ; 0.494   ; 49.247              ;
; Design-wide TNS      ; 0.0    ; 0.0   ; 0.0      ; 0.0     ; 0.0                 ;
;  altera_reserved_tck ; 0.000  ; 0.000 ; 0.000    ; 0.000   ; 0.000               ;
+----------------------+--------+-------+----------+---------+---------------------+


+------------------------------------------------------------------------------------------------------------------------------------------------------------------------------------------------------------------------------------------------------------------------------------------------------------------------------------------------------------------------------------------------------------------------+
; Board Trace Model Assignments                                                                                                                                                                                                                                                                                                                                                                                          ;
+---------------------+--------------+-------------------+-------------------------+-------------------------+---------------+---------------------+----------------+------------------+--------+------------------+------------------------+------------------------+--------------+---------------+-----------------+-------+---------------------+--------------------+---------------+-----------------+-------------+
; Pin                 ; I/O Standard ; Near Tline Length ; Near Tline L per Length ; Near Tline C per Length ; Near Series R ; Near Differential R ; Near Pull-up R ; Near Pull-down R ; Near C ; Far Tline Length ; Far Tline L per Length ; Far Tline C per Length ; Far Series R ; Far Pull-up R ; Far Pull-down R ; Far C ; Termination Voltage ; Far Differential R ; EBD File Name ; EBD Signal Name ; EBD Far-end ;
+---------------------+--------------+-------------------+-------------------------+-------------------------+---------------+---------------------+----------------+------------------+--------+------------------+------------------------+------------------------+--------------+---------------+-----------------+-------+---------------------+--------------------+---------------+-----------------+-------------+
; trig                ; 3.3-V LVCMOS ; 0 in              ; 0 H/in                  ; 0 F/in                  ; short         ; -                   ; open           ; open             ; open   ; 0 in             ; 0 H/in                 ; 0 F/in                 ; short        ; open          ; open            ; open  ; 0 V                 ; -                  ; n/a           ; n/a             ; n/a         ;
; led0                ; 3.3-V LVCMOS ; 0 in              ; 0 H/in                  ; 0 F/in                  ; short         ; -                   ; open           ; open             ; open   ; 0 in             ; 0 H/in                 ; 0 F/in                 ; short        ; open          ; open            ; open  ; 0 V                 ; -                  ; n/a           ; n/a             ; n/a         ;
; beep                ; 3.3-V LVCMOS ; 0 in              ; 0 H/in                  ; 0 F/in                  ; short         ; -                   ; open           ; open             ; open   ; 0 in             ; 0 H/in                 ; 0 F/in                 ; short        ; open          ; open            ; open  ; 0 V                 ; -                  ; n/a           ; n/a             ; n/a         ;
; stcp                ; 3.3-V LVCMOS ; 0 in              ; 0 H/in                  ; 0 F/in                  ; short         ; -                   ; open           ; open             ; open   ; 0 in             ; 0 H/in                 ; 0 F/in                 ; short        ; open          ; open            ; open  ; 0 V                 ; -                  ; n/a           ; n/a             ; n/a         ;
; shcp                ; 3.3-V LVCMOS ; 0 in              ; 0 H/in                  ; 0 F/in                  ; short         ; -                   ; open           ; open             ; open   ; 0 in             ; 0 H/in                 ; 0 F/in                 ; short        ; open          ; open            ; open  ; 0 V                 ; -                  ; n/a           ; n/a             ; n/a         ;
; ds                  ; 3.3-V LVCMOS ; 0 in              ; 0 H/in                  ; 0 F/in                  ; short         ; -                   ; open           ; open             ; open   ; 0 in             ; 0 H/in                 ; 0 F/in                 ; short        ; open          ; open            ; open  ; 0 V                 ; -                  ; n/a           ; n/a             ; n/a         ;
; oe                  ; 3.3-V LVCMOS ; 0 in              ; 0 H/in                  ; 0 F/in                  ; short         ; -                   ; open           ; open             ; open   ; 0 in             ; 0 H/in                 ; 0 F/in                 ; short        ; open          ; open            ; open  ; 0 V                 ; -                  ; n/a           ; n/a             ; n/a         ;
; altera_reserved_tdo ; 3.3-V LVTTL  ; 0 in              ; 0 H/in                  ; 0 F/in                  ; short         ; -                   ; open           ; open             ; open   ; 0 in             ; 0 H/in                 ; 0 F/in                 ; short        ; open          ; open            ; open  ; 0 V                 ; -                  ; n/a           ; n/a             ; n/a         ;
; ~ALTERA_DCLK~       ; 3.3-V LVTTL  ; 0 in              ; 0 H/in                  ; 0 F/in                  ; short         ; -                   ; open           ; open             ; open   ; 0 in             ; 0 H/in                 ; 0 F/in                 ; short        ; open          ; open            ; open  ; 0 V                 ; -                  ; n/a           ; n/a             ; n/a         ;
; ~ALTERA_nCEO~       ; 2.5 V        ; 0 in              ; 0 H/in                  ; 0 F/in                  ; short         ; -                   ; open           ; open             ; open   ; 0 in             ; 0 H/in                 ; 0 F/in                 ; short        ; open          ; open            ; open  ; 0 V                 ; -                  ; n/a           ; n/a             ; n/a         ;
+---------------------+--------------+-------------------+-------------------------+-------------------------+---------------+---------------------+----------------+------------------+--------+------------------+------------------------+------------------------+--------------+---------------+-----------------+-------+---------------------+--------------------+---------------+-----------------+-------------+


+----------------------------------------------------------------------------+
; Input Transition Times                                                     ;
+-------------------------+--------------+-----------------+-----------------+
; Pin                     ; I/O Standard ; 10-90 Rise Time ; 90-10 Fall Time ;
+-------------------------+--------------+-----------------+-----------------+
; key1                    ; 3.3-V LVCMOS ; 2640 ps         ; 2640 ps         ;
; key2                    ; 3.3-V LVCMOS ; 2640 ps         ; 2640 ps         ;
; rst_n                   ; 3.3-V LVCMOS ; 2640 ps         ; 2640 ps         ;
; sys_clk                 ; 3.3-V LVCMOS ; 2640 ps         ; 2640 ps         ;
; echo                    ; 3.3-V LVCMOS ; 2640 ps         ; 2640 ps         ;
; altera_reserved_tms     ; 3.3-V LVTTL  ; 2640 ps         ; 2640 ps         ;
; altera_reserved_tck     ; 3.3-V LVTTL  ; 2640 ps         ; 2640 ps         ;
; altera_reserved_tdi     ; 3.3-V LVTTL  ; 2640 ps         ; 2640 ps         ;
; ~ALTERA_ASDO_DATA1~     ; 3.3-V LVTTL  ; 2640 ps         ; 2640 ps         ;
; ~ALTERA_FLASH_nCE_nCSO~ ; 3.3-V LVTTL  ; 2640 ps         ; 2640 ps         ;
; ~ALTERA_DATA0~          ; 3.3-V LVTTL  ; 2640 ps         ; 2640 ps         ;
+-------------------------+--------------+-----------------+-----------------+


+--------------------------------------------------------------------------------------------------------------------------------------------------------------------------------------------------------------------------------------------------------------------------------------------------------------------------------------------------------------------------------------------------------------------------------------------------------------------------------------------------------------------------------------------------------------------------------------------------------------------------------------------------------------------------------------------------+
; Signal Integrity Metrics (Slow 1200mv 0c Model)                                                                                                                                                                                                                                                                                                                                                                                                                                                                                                                                                                                                                                                  ;
+---------------------+--------------+---------------------+---------------------+------------------------------+------------------------------+---------------------+---------------------+--------------------------------------+--------------------------------------+-----------------------------+-----------------------------+----------------------------+----------------------------+-----------------------------+-----------------------------+--------------------+--------------------+-------------------------------------+-------------------------------------+----------------------------+----------------------------+---------------------------+---------------------------+
; Pin                 ; I/O Standard ; Board Delay on Rise ; Board Delay on Fall ; Steady State Voh at FPGA Pin ; Steady State Vol at FPGA Pin ; Voh Max at FPGA Pin ; Vol Min at FPGA Pin ; Ringback Voltage on Rise at FPGA Pin ; Ringback Voltage on Fall at FPGA Pin ; 10-90 Rise Time at FPGA Pin ; 90-10 Fall Time at FPGA Pin ; Monotonic Rise at FPGA Pin ; Monotonic Fall at FPGA Pin ; Steady State Voh at Far-end ; Steady State Vol at Far-end ; Voh Max at Far-end ; Vol Min at Far-end ; Ringback Voltage on Rise at Far-end ; Ringback Voltage on Fall at Far-end ; 10-90 Rise Time at Far-end ; 90-10 Fall Time at Far-end ; Monotonic Rise at Far-end ; Monotonic Fall at Far-end ;
+---------------------+--------------+---------------------+---------------------+------------------------------+------------------------------+---------------------+---------------------+--------------------------------------+--------------------------------------+-----------------------------+-----------------------------+----------------------------+----------------------------+-----------------------------+-----------------------------+--------------------+--------------------+-------------------------------------+-------------------------------------+----------------------------+----------------------------+---------------------------+---------------------------+
; trig                ; 3.3-V LVCMOS ; 0 s                 ; 0 s                 ; 3.08 V                       ; 1.42e-08 V                   ; 3.09 V              ; -0.0297 V           ; 0.063 V                              ; 0.266 V                              ; 7.63e-10 s                  ; 6.85e-10 s                  ; Yes                        ; Yes                        ; 3.08 V                      ; 1.42e-08 V                  ; 3.09 V             ; -0.0297 V          ; 0.063 V                             ; 0.266 V                             ; 7.63e-10 s                 ; 6.85e-10 s                 ; Yes                       ; Yes                       ;
; led0                ; 3.3-V LVCMOS ; 0 s                 ; 0 s                 ; 3.08 V                       ; 1.42e-08 V                   ; 3.09 V              ; -0.0297 V           ; 0.063 V                              ; 0.266 V                              ; 7.63e-10 s                  ; 6.85e-10 s                  ; Yes                        ; Yes                        ; 3.08 V                      ; 1.42e-08 V                  ; 3.09 V             ; -0.0297 V          ; 0.063 V                             ; 0.266 V                             ; 7.63e-10 s                 ; 6.85e-10 s                 ; Yes                       ; Yes                       ;
; beep                ; 3.3-V LVCMOS ; 0 s                 ; 0 s                 ; 3.08 V                       ; 1.02e-08 V                   ; 3.1 V               ; -0.0354 V           ; 0.126 V                              ; 0.238 V                              ; 7.11e-10 s                  ; 6.67e-10 s                  ; Yes                        ; Yes                        ; 3.08 V                      ; 1.02e-08 V                  ; 3.1 V              ; -0.0354 V          ; 0.126 V                             ; 0.238 V                             ; 7.11e-10 s                 ; 6.67e-10 s                 ; Yes                       ; Yes                       ;
; stcp                ; 3.3-V LVCMOS ; 0 s                 ; 0 s                 ; 3.08 V                       ; 1.42e-08 V                   ; 3.09 V              ; -0.0297 V           ; 0.063 V                              ; 0.266 V                              ; 7.63e-10 s                  ; 6.85e-10 s                  ; Yes                        ; Yes                        ; 3.08 V                      ; 1.42e-08 V                  ; 3.09 V             ; -0.0297 V          ; 0.063 V                             ; 0.266 V                             ; 7.63e-10 s                 ; 6.85e-10 s                 ; Yes                       ; Yes                       ;
; shcp                ; 3.3-V LVCMOS ; 0 s                 ; 0 s                 ; 3.08 V                       ; 1.02e-08 V                   ; 3.1 V               ; -0.0354 V           ; 0.126 V                              ; 0.238 V                              ; 7.11e-10 s                  ; 6.67e-10 s                  ; Yes                        ; Yes                        ; 3.08 V                      ; 1.02e-08 V                  ; 3.1 V              ; -0.0354 V          ; 0.126 V                             ; 0.238 V                             ; 7.11e-10 s                 ; 6.67e-10 s                 ; Yes                       ; Yes                       ;
; ds                  ; 3.3-V LVCMOS ; 0 s                 ; 0 s                 ; 3.08 V                       ; 1.02e-08 V                   ; 3.1 V               ; -0.0354 V           ; 0.126 V                              ; 0.238 V                              ; 7.11e-10 s                  ; 6.67e-10 s                  ; Yes                        ; Yes                        ; 3.08 V                      ; 1.02e-08 V                  ; 3.1 V              ; -0.0354 V          ; 0.126 V                             ; 0.238 V                             ; 7.11e-10 s                 ; 6.67e-10 s                 ; Yes                       ; Yes                       ;
; oe                  ; 3.3-V LVCMOS ; 0 s                 ; 0 s                 ; 3.08 V                       ; 1.42e-08 V                   ; 3.09 V              ; -0.0297 V           ; 0.063 V                              ; 0.266 V                              ; 7.63e-10 s                  ; 6.85e-10 s                  ; Yes                        ; Yes                        ; 3.08 V                      ; 1.42e-08 V                  ; 3.09 V             ; -0.0297 V          ; 0.063 V                             ; 0.266 V                             ; 7.63e-10 s                 ; 6.85e-10 s                 ; Yes                       ; Yes                       ;
; altera_reserved_tdo ; 3.3-V LVTTL  ; 0 s                 ; 0 s                 ; 3.08 V                       ; 2.51e-08 V                   ; 3.1 V               ; -0.011 V            ; 0.126 V                              ; 0.257 V                              ; 7.07e-10 s                  ; 1.62e-09 s                  ; Yes                        ; Yes                        ; 3.08 V                      ; 2.51e-08 V                  ; 3.1 V              ; -0.011 V           ; 0.126 V                             ; 0.257 V                             ; 7.07e-10 s                 ; 1.62e-09 s                 ; Yes                       ; Yes                       ;
; ~ALTERA_DCLK~       ; 3.3-V LVTTL  ; 0 s                 ; 0 s                 ; 3.08 V                       ; 3.51e-09 V                   ; 3.18 V              ; -0.157 V            ; 0.147 V                              ; 0.259 V                              ; 2.81e-10 s                  ; 2.53e-10 s                  ; Yes                        ; Yes                        ; 3.08 V                      ; 3.51e-09 V                  ; 3.18 V             ; -0.157 V           ; 0.147 V                             ; 0.259 V                             ; 2.81e-10 s                 ; 2.53e-10 s                 ; Yes                       ; Yes                       ;
; ~ALTERA_nCEO~       ; 2.5 V        ; 0 s                 ; 0 s                 ; 2.32 V                       ; 2.57e-09 V                   ; 2.37 V              ; -0.00683 V          ; 0.171 V                              ; 0.018 V                              ; 4.97e-10 s                  ; 6.66e-10 s                  ; Yes                        ; Yes                        ; 2.32 V                      ; 2.57e-09 V                  ; 2.37 V             ; -0.00683 V         ; 0.171 V                             ; 0.018 V                             ; 4.97e-10 s                 ; 6.66e-10 s                 ; Yes                       ; Yes                       ;
+---------------------+--------------+---------------------+---------------------+------------------------------+------------------------------+---------------------+---------------------+--------------------------------------+--------------------------------------+-----------------------------+-----------------------------+----------------------------+----------------------------+-----------------------------+-----------------------------+--------------------+--------------------+-------------------------------------+-------------------------------------+----------------------------+----------------------------+---------------------------+---------------------------+


+--------------------------------------------------------------------------------------------------------------------------------------------------------------------------------------------------------------------------------------------------------------------------------------------------------------------------------------------------------------------------------------------------------------------------------------------------------------------------------------------------------------------------------------------------------------------------------------------------------------------------------------------------------------------------------------------------+
; Signal Integrity Metrics (Slow 1200mv 85c Model)                                                                                                                                                                                                                                                                                                                                                                                                                                                                                                                                                                                                                                                 ;
+---------------------+--------------+---------------------+---------------------+------------------------------+------------------------------+---------------------+---------------------+--------------------------------------+--------------------------------------+-----------------------------+-----------------------------+----------------------------+----------------------------+-----------------------------+-----------------------------+--------------------+--------------------+-------------------------------------+-------------------------------------+----------------------------+----------------------------+---------------------------+---------------------------+
; Pin                 ; I/O Standard ; Board Delay on Rise ; Board Delay on Fall ; Steady State Voh at FPGA Pin ; Steady State Vol at FPGA Pin ; Voh Max at FPGA Pin ; Vol Min at FPGA Pin ; Ringback Voltage on Rise at FPGA Pin ; Ringback Voltage on Fall at FPGA Pin ; 10-90 Rise Time at FPGA Pin ; 90-10 Fall Time at FPGA Pin ; Monotonic Rise at FPGA Pin ; Monotonic Fall at FPGA Pin ; Steady State Voh at Far-end ; Steady State Vol at Far-end ; Voh Max at Far-end ; Vol Min at Far-end ; Ringback Voltage on Rise at Far-end ; Ringback Voltage on Fall at Far-end ; 10-90 Rise Time at Far-end ; 90-10 Fall Time at Far-end ; Monotonic Rise at Far-end ; Monotonic Fall at Far-end ;
+---------------------+--------------+---------------------+---------------------+------------------------------+------------------------------+---------------------+---------------------+--------------------------------------+--------------------------------------+-----------------------------+-----------------------------+----------------------------+----------------------------+-----------------------------+-----------------------------+--------------------+--------------------+-------------------------------------+-------------------------------------+----------------------------+----------------------------+---------------------------+---------------------------+
; trig                ; 3.3-V LVCMOS ; 0 s                 ; 0 s                 ; 3.08 V                       ; 1.2e-06 V                    ; 3.09 V              ; -0.0134 V           ; 0.034 V                              ; 0.132 V                              ; 9.35e-10 s                  ; 8.97e-10 s                  ; Yes                        ; Yes                        ; 3.08 V                      ; 1.2e-06 V                   ; 3.09 V             ; -0.0134 V          ; 0.034 V                             ; 0.132 V                             ; 9.35e-10 s                 ; 8.97e-10 s                 ; Yes                       ; Yes                       ;
; led0                ; 3.3-V LVCMOS ; 0 s                 ; 0 s                 ; 3.08 V                       ; 1.2e-06 V                    ; 3.09 V              ; -0.0134 V           ; 0.034 V                              ; 0.132 V                              ; 9.35e-10 s                  ; 8.97e-10 s                  ; Yes                        ; Yes                        ; 3.08 V                      ; 1.2e-06 V                   ; 3.09 V             ; -0.0134 V          ; 0.034 V                             ; 0.132 V                             ; 9.35e-10 s                 ; 8.97e-10 s                 ; Yes                       ; Yes                       ;
; beep                ; 3.3-V LVCMOS ; 0 s                 ; 0 s                 ; 3.08 V                       ; 8.04e-07 V                   ; 3.09 V              ; -0.0143 V           ; 0.06 V                               ; 0.116 V                              ; 8.95e-10 s                  ; 8.68e-10 s                  ; Yes                        ; Yes                        ; 3.08 V                      ; 8.04e-07 V                  ; 3.09 V             ; -0.0143 V          ; 0.06 V                              ; 0.116 V                             ; 8.95e-10 s                 ; 8.68e-10 s                 ; Yes                       ; Yes                       ;
; stcp                ; 3.3-V LVCMOS ; 0 s                 ; 0 s                 ; 3.08 V                       ; 1.2e-06 V                    ; 3.09 V              ; -0.0134 V           ; 0.034 V                              ; 0.132 V                              ; 9.35e-10 s                  ; 8.97e-10 s                  ; Yes                        ; Yes                        ; 3.08 V                      ; 1.2e-06 V                   ; 3.09 V             ; -0.0134 V          ; 0.034 V                             ; 0.132 V                             ; 9.35e-10 s                 ; 8.97e-10 s                 ; Yes                       ; Yes                       ;
; shcp                ; 3.3-V LVCMOS ; 0 s                 ; 0 s                 ; 3.08 V                       ; 8.04e-07 V                   ; 3.09 V              ; -0.0143 V           ; 0.06 V                               ; 0.116 V                              ; 8.95e-10 s                  ; 8.68e-10 s                  ; Yes                        ; Yes                        ; 3.08 V                      ; 8.04e-07 V                  ; 3.09 V             ; -0.0143 V          ; 0.06 V                              ; 0.116 V                             ; 8.95e-10 s                 ; 8.68e-10 s                 ; Yes                       ; Yes                       ;
; ds                  ; 3.3-V LVCMOS ; 0 s                 ; 0 s                 ; 3.08 V                       ; 8.04e-07 V                   ; 3.09 V              ; -0.0143 V           ; 0.06 V                               ; 0.116 V                              ; 8.95e-10 s                  ; 8.68e-10 s                  ; Yes                        ; Yes                        ; 3.08 V                      ; 8.04e-07 V                  ; 3.09 V             ; -0.0143 V          ; 0.06 V                              ; 0.116 V                             ; 8.95e-10 s                 ; 8.68e-10 s                 ; Yes                       ; Yes                       ;
; oe                  ; 3.3-V LVCMOS ; 0 s                 ; 0 s                 ; 3.08 V                       ; 1.2e-06 V                    ; 3.09 V              ; -0.0134 V           ; 0.034 V                              ; 0.132 V                              ; 9.35e-10 s                  ; 8.97e-10 s                  ; Yes                        ; Yes                        ; 3.08 V                      ; 1.2e-06 V                   ; 3.09 V             ; -0.0134 V          ; 0.034 V                             ; 0.132 V                             ; 9.35e-10 s                 ; 8.97e-10 s                 ; Yes                       ; Yes                       ;
; altera_reserved_tdo ; 3.3-V LVTTL  ; 0 s                 ; 0 s                 ; 3.08 V                       ; 1.98e-06 V                   ; 3.09 V              ; -0.00132 V          ; 0.062 V                              ; 0.096 V                              ; 8.94e-10 s                  ; 2.09e-09 s                  ; Yes                        ; Yes                        ; 3.08 V                      ; 1.98e-06 V                  ; 3.09 V             ; -0.00132 V         ; 0.062 V                             ; 0.096 V                             ; 8.94e-10 s                 ; 2.09e-09 s                 ; Yes                       ; Yes                       ;
; ~ALTERA_DCLK~       ; 3.3-V LVTTL  ; 0 s                 ; 0 s                 ; 3.08 V                       ; 2.6e-07 V                    ; 3.13 V              ; -0.103 V            ; 0.164 V                              ; 0.134 V                              ; 3.14e-10 s                  ; 4.05e-10 s                  ; Yes                        ; No                         ; 3.08 V                      ; 2.6e-07 V                   ; 3.13 V             ; -0.103 V           ; 0.164 V                             ; 0.134 V                             ; 3.14e-10 s                 ; 4.05e-10 s                 ; Yes                       ; No                        ;
; ~ALTERA_nCEO~       ; 2.5 V        ; 0 s                 ; 0 s                 ; 2.32 V                       ; 2.54e-07 V                   ; 2.34 V              ; -0.00774 V          ; 0.109 V                              ; 0.026 V                              ; 6.58e-10 s                  ; 8.24e-10 s                  ; Yes                        ; Yes                        ; 2.32 V                      ; 2.54e-07 V                  ; 2.34 V             ; -0.00774 V         ; 0.109 V                             ; 0.026 V                             ; 6.58e-10 s                 ; 8.24e-10 s                 ; Yes                       ; Yes                       ;
+---------------------+--------------+---------------------+---------------------+------------------------------+------------------------------+---------------------+---------------------+--------------------------------------+--------------------------------------+-----------------------------+-----------------------------+----------------------------+----------------------------+-----------------------------+-----------------------------+--------------------+--------------------+-------------------------------------+-------------------------------------+----------------------------+----------------------------+---------------------------+---------------------------+


+--------------------------------------------------------------------------------------------------------------------------------------------------------------------------------------------------------------------------------------------------------------------------------------------------------------------------------------------------------------------------------------------------------------------------------------------------------------------------------------------------------------------------------------------------------------------------------------------------------------------------------------------------------------------------------------------------+
; Signal Integrity Metrics (Fast 1200mv 0c Model)                                                                                                                                                                                                                                                                                                                                                                                                                                                                                                                                                                                                                                                  ;
+---------------------+--------------+---------------------+---------------------+------------------------------+------------------------------+---------------------+---------------------+--------------------------------------+--------------------------------------+-----------------------------+-----------------------------+----------------------------+----------------------------+-----------------------------+-----------------------------+--------------------+--------------------+-------------------------------------+-------------------------------------+----------------------------+----------------------------+---------------------------+---------------------------+
; Pin                 ; I/O Standard ; Board Delay on Rise ; Board Delay on Fall ; Steady State Voh at FPGA Pin ; Steady State Vol at FPGA Pin ; Voh Max at FPGA Pin ; Vol Min at FPGA Pin ; Ringback Voltage on Rise at FPGA Pin ; Ringback Voltage on Fall at FPGA Pin ; 10-90 Rise Time at FPGA Pin ; 90-10 Fall Time at FPGA Pin ; Monotonic Rise at FPGA Pin ; Monotonic Fall at FPGA Pin ; Steady State Voh at Far-end ; Steady State Vol at Far-end ; Voh Max at Far-end ; Vol Min at Far-end ; Ringback Voltage on Rise at Far-end ; Ringback Voltage on Fall at Far-end ; 10-90 Rise Time at Far-end ; 90-10 Fall Time at Far-end ; Monotonic Rise at Far-end ; Monotonic Fall at Far-end ;
+---------------------+--------------+---------------------+---------------------+------------------------------+------------------------------+---------------------+---------------------+--------------------------------------+--------------------------------------+-----------------------------+-----------------------------+----------------------------+----------------------------+-----------------------------+-----------------------------+--------------------+--------------------+-------------------------------------+-------------------------------------+----------------------------+----------------------------+---------------------------+---------------------------+
; trig                ; 3.3-V LVCMOS ; 0 s                 ; 0 s                 ; 3.46 V                       ; 2.95e-07 V                   ; 3.52 V              ; -0.0582 V           ; 0.201 V                              ; 0.186 V                              ; 6.35e-10 s                  ; 6.31e-10 s                  ; No                         ; No                         ; 3.46 V                      ; 2.95e-07 V                  ; 3.52 V             ; -0.0582 V          ; 0.201 V                             ; 0.186 V                             ; 6.35e-10 s                 ; 6.31e-10 s                 ; No                        ; No                        ;
; led0                ; 3.3-V LVCMOS ; 0 s                 ; 0 s                 ; 3.46 V                       ; 2.95e-07 V                   ; 3.52 V              ; -0.0582 V           ; 0.201 V                              ; 0.186 V                              ; 6.35e-10 s                  ; 6.31e-10 s                  ; No                         ; No                         ; 3.46 V                      ; 2.95e-07 V                  ; 3.52 V             ; -0.0582 V          ; 0.201 V                             ; 0.186 V                             ; 6.35e-10 s                 ; 6.31e-10 s                 ; No                        ; No                        ;
; beep                ; 3.3-V LVCMOS ; 0 s                 ; 0 s                 ; 3.46 V                       ; 1.99e-07 V                   ; 3.53 V              ; -0.0671 V           ; 0.386 V                              ; 0.18 V                               ; 5.11e-10 s                  ; 6.25e-10 s                  ; No                         ; No                         ; 3.46 V                      ; 1.99e-07 V                  ; 3.53 V             ; -0.0671 V          ; 0.386 V                             ; 0.18 V                              ; 5.11e-10 s                 ; 6.25e-10 s                 ; No                        ; No                        ;
; stcp                ; 3.3-V LVCMOS ; 0 s                 ; 0 s                 ; 3.46 V                       ; 2.95e-07 V                   ; 3.52 V              ; -0.0582 V           ; 0.201 V                              ; 0.186 V                              ; 6.35e-10 s                  ; 6.31e-10 s                  ; No                         ; No                         ; 3.46 V                      ; 2.95e-07 V                  ; 3.52 V             ; -0.0582 V          ; 0.201 V                             ; 0.186 V                             ; 6.35e-10 s                 ; 6.31e-10 s                 ; No                        ; No                        ;
; shcp                ; 3.3-V LVCMOS ; 0 s                 ; 0 s                 ; 3.46 V                       ; 1.99e-07 V                   ; 3.53 V              ; -0.0671 V           ; 0.386 V                              ; 0.18 V                               ; 5.11e-10 s                  ; 6.25e-10 s                  ; No                         ; No                         ; 3.46 V                      ; 1.99e-07 V                  ; 3.53 V             ; -0.0671 V          ; 0.386 V                             ; 0.18 V                              ; 5.11e-10 s                 ; 6.25e-10 s                 ; No                        ; No                        ;
; ds                  ; 3.3-V LVCMOS ; 0 s                 ; 0 s                 ; 3.46 V                       ; 1.99e-07 V                   ; 3.53 V              ; -0.0671 V           ; 0.386 V                              ; 0.18 V                               ; 5.11e-10 s                  ; 6.25e-10 s                  ; No                         ; No                         ; 3.46 V                      ; 1.99e-07 V                  ; 3.53 V             ; -0.0671 V          ; 0.386 V                             ; 0.18 V                              ; 5.11e-10 s                 ; 6.25e-10 s                 ; No                        ; No                        ;
; oe                  ; 3.3-V LVCMOS ; 0 s                 ; 0 s                 ; 3.46 V                       ; 2.95e-07 V                   ; 3.52 V              ; -0.0582 V           ; 0.201 V                              ; 0.186 V                              ; 6.35e-10 s                  ; 6.31e-10 s                  ; No                         ; No                         ; 3.46 V                      ; 2.95e-07 V                  ; 3.52 V             ; -0.0582 V          ; 0.201 V                             ; 0.186 V                             ; 6.35e-10 s                 ; 6.31e-10 s                 ; No                        ; No                        ;
; altera_reserved_tdo ; 3.3-V LVTTL  ; 0 s                 ; 0 s                 ; 3.46 V                       ; 4.9e-07 V                    ; 3.52 V              ; -0.0234 V           ; 0.372 V                              ; 0.263 V                              ; 5.16e-10 s                  ; 1.44e-09 s                  ; No                         ; No                         ; 3.46 V                      ; 4.9e-07 V                   ; 3.52 V             ; -0.0234 V          ; 0.372 V                             ; 0.263 V                             ; 5.16e-10 s                 ; 1.44e-09 s                 ; No                        ; No                        ;
; ~ALTERA_DCLK~       ; 3.3-V LVTTL  ; 0 s                 ; 0 s                 ; 3.46 V                       ; 6.54e-08 V                   ; 3.66 V              ; -0.26 V             ; 0.41 V                               ; 0.32 V                               ; 1.57e-10 s                  ; 2.15e-10 s                  ; No                         ; Yes                        ; 3.46 V                      ; 6.54e-08 V                  ; 3.66 V             ; -0.26 V            ; 0.41 V                              ; 0.32 V                              ; 1.57e-10 s                 ; 2.15e-10 s                 ; No                        ; Yes                       ;
; ~ALTERA_nCEO~       ; 2.5 V        ; 0 s                 ; 0 s                 ; 2.62 V                       ; 3.54e-08 V                   ; 2.7 V               ; -0.00943 V          ; 0.276 V                              ; 0.035 V                              ; 3.19e-10 s                  ; 4.99e-10 s                  ; No                         ; Yes                        ; 2.62 V                      ; 3.54e-08 V                  ; 2.7 V              ; -0.00943 V         ; 0.276 V                             ; 0.035 V                             ; 3.19e-10 s                 ; 4.99e-10 s                 ; No                        ; Yes                       ;
+---------------------+--------------+---------------------+---------------------+------------------------------+------------------------------+---------------------+---------------------+--------------------------------------+--------------------------------------+-----------------------------+-----------------------------+----------------------------+----------------------------+-----------------------------+-----------------------------+--------------------+--------------------+-------------------------------------+-------------------------------------+----------------------------+----------------------------+---------------------------+---------------------------+


+---------------------------------------------------------------------------------------+
; Setup Transfers                                                                       ;
+---------------------+---------------------+----------+----------+----------+----------+
; From Clock          ; To Clock            ; RR Paths ; FR Paths ; RF Paths ; FF Paths ;
+---------------------+---------------------+----------+----------+----------+----------+
; altera_reserved_tck ; altera_reserved_tck ; 5581     ; 0        ; 64       ; 0        ;
+---------------------+---------------------+----------+----------+----------+----------+
Entries labeled "false path" only account for clock-to-clock false paths and not path-based false paths. As a result, actual path counts may be lower than reported.


+---------------------------------------------------------------------------------------+
; Hold Transfers                                                                        ;
+---------------------+---------------------+----------+----------+----------+----------+
; From Clock          ; To Clock            ; RR Paths ; FR Paths ; RF Paths ; FF Paths ;
+---------------------+---------------------+----------+----------+----------+----------+
; altera_reserved_tck ; altera_reserved_tck ; 5581     ; 0        ; 64       ; 0        ;
+---------------------+---------------------+----------+----------+----------+----------+
Entries labeled "false path" only account for clock-to-clock false paths and not path-based false paths. As a result, actual path counts may be lower than reported.


+---------------------------------------------------------------------------------------+
; Recovery Transfers                                                                    ;
+---------------------+---------------------+----------+----------+----------+----------+
; From Clock          ; To Clock            ; RR Paths ; FR Paths ; RF Paths ; FF Paths ;
+---------------------+---------------------+----------+----------+----------+----------+
; altera_reserved_tck ; altera_reserved_tck ; 234      ; 0        ; 0        ; 0        ;
+---------------------+---------------------+----------+----------+----------+----------+
Entries labeled "false path" only account for clock-to-clock false paths and not path-based false paths. As a result, actual path counts may be lower than reported.


+---------------------------------------------------------------------------------------+
; Removal Transfers                                                                     ;
+---------------------+---------------------+----------+----------+----------+----------+
; From Clock          ; To Clock            ; RR Paths ; FR Paths ; RF Paths ; FF Paths ;
+---------------------+---------------------+----------+----------+----------+----------+
; altera_reserved_tck ; altera_reserved_tck ; 234      ; 0        ; 0        ; 0        ;
+---------------------+---------------------+----------+----------+----------+----------+
Entries labeled "false path" only account for clock-to-clock false paths and not path-based false paths. As a result, actual path counts may be lower than reported.


---------------
; Report TCCS ;
---------------
No dedicated SERDES Transmitter circuitry present in device or used in design


---------------
; Report RSKM ;
---------------
No non-DPA dedicated SERDES Receiver circuitry present in device or used in design


+------------------------------------------------+
; Unconstrained Paths Summary                    ;
+---------------------------------+-------+------+
; Property                        ; Setup ; Hold ;
+---------------------------------+-------+------+
; Illegal Clocks                  ; 0     ; 0    ;
; Unconstrained Clocks            ; 1     ; 1    ;
; Unconstrained Input Ports       ; 4     ; 4    ;
; Unconstrained Input Port Paths  ; 305   ; 305  ;
; Unconstrained Output Ports      ; 7     ; 7    ;
; Unconstrained Output Port Paths ; 34    ; 34   ;
+---------------------------------+-------+------+


+------------------------------------------------------------------+
; Clock Status Summary                                             ;
+---------------------+---------------------+------+---------------+
; Target              ; Clock               ; Type ; Status        ;
+---------------------+---------------------+------+---------------+
; altera_reserved_tck ; altera_reserved_tck ; Base ; Constrained   ;
; sys_clk             ;                     ; Base ; Unconstrained ;
+---------------------+---------------------+------+---------------+


+------------------------------------------------------------------------------------------------------------+
; Unconstrained Input Ports                                                                                  ;
+---------------------+--------------------------------------------------------------------------------------+
; Input Port          ; Comment                                                                              ;
+---------------------+--------------------------------------------------------------------------------------+
; altera_reserved_tdi ; No input delay, min/max delays, false-path exceptions, or max skew assignments found ;
; altera_reserved_tms ; No input delay, min/max delays, false-path exceptions, or max skew assignments found ;
; echo                ; No input delay, min/max delays, false-path exceptions, or max skew assignments found ;
; rst_n               ; No input delay, min/max delays, false-path exceptions, or max skew assignments found ;
+---------------------+--------------------------------------------------------------------------------------+


+-------------------------------------------------------------------------------------------------------------+
; Unconstrained Output Ports                                                                                  ;
+---------------------+---------------------------------------------------------------------------------------+
; Output Port         ; Comment                                                                               ;
+---------------------+---------------------------------------------------------------------------------------+
; altera_reserved_tdo ; No output delay, min/max delays, false-path exceptions, or max skew assignments found ;
; beep                ; No output delay, min/max delays, false-path exceptions, or max skew assignments found ;
; ds                  ; No output delay, min/max delays, false-path exceptions, or max skew assignments found ;
; oe                  ; No output delay, min/max delays, false-path exceptions, or max skew assignments found ;
; shcp                ; No output delay, min/max delays, false-path exceptions, or max skew assignments found ;
; stcp                ; No output delay, min/max delays, false-path exceptions, or max skew assignments found ;
; trig                ; No output delay, min/max delays, false-path exceptions, or max skew assignments found ;
+---------------------+---------------------------------------------------------------------------------------+


+------------------------------------------------------------------------------------------------------------+
; Unconstrained Input Ports                                                                                  ;
+---------------------+--------------------------------------------------------------------------------------+
; Input Port          ; Comment                                                                              ;
+---------------------+--------------------------------------------------------------------------------------+
; altera_reserved_tdi ; No input delay, min/max delays, false-path exceptions, or max skew assignments found ;
; altera_reserved_tms ; No input delay, min/max delays, false-path exceptions, or max skew assignments found ;
; echo                ; No input delay, min/max delays, false-path exceptions, or max skew assignments found ;
; rst_n               ; No input delay, min/max delays, false-path exceptions, or max skew assignments found ;
+---------------------+--------------------------------------------------------------------------------------+


+-------------------------------------------------------------------------------------------------------------+
; Unconstrained Output Ports                                                                                  ;
+---------------------+---------------------------------------------------------------------------------------+
; Output Port         ; Comment                                                                               ;
+---------------------+---------------------------------------------------------------------------------------+
; altera_reserved_tdo ; No output delay, min/max delays, false-path exceptions, or max skew assignments found ;
; beep                ; No output delay, min/max delays, false-path exceptions, or max skew assignments found ;
; ds                  ; No output delay, min/max delays, false-path exceptions, or max skew assignments found ;
; oe                  ; No output delay, min/max delays, false-path exceptions, or max skew assignments found ;
; shcp                ; No output delay, min/max delays, false-path exceptions, or max skew assignments found ;
; stcp                ; No output delay, min/max delays, false-path exceptions, or max skew assignments found ;
; trig                ; No output delay, min/max delays, false-path exceptions, or max skew assignments found ;
+---------------------+---------------------------------------------------------------------------------------+


+--------------------------+
; Timing Analyzer Messages ;
+--------------------------+
Info: *******************************************************************
Info: Running Quartus Prime Timing Analyzer
    Info: Version 18.1.0 Build 625 09/12/2018 SJ Lite Edition
    Info: Processing started: Sat Dec 20 16:54:59 2025
Info: Command: quartus_sta ultrasonic_ranging -c ultrasonic_ranging
Info: qsta_default_script.tcl version: #1
Warning (18236): Number of processors has not been specified which may cause overloading on shared machines.  Set the global assignment NUM_PARALLEL_PROCESSORS in your QSF to an appropriate value for best performance.
Info (20030): Parallel compilation is enabled and will use 14 of the 14 processors detected
Info (21077): Low junction temperature is 0 degrees C
Info (21077): High junction temperature is 85 degrees C
Info (332164): Evaluating HDL-embedded SDC commands
    Info (332165): Entity sld_hub
        Info (332166): create_clock -name altera_reserved_tck [get_ports {altera_reserved_tck}] -period 10MHz   
        Info (332166): set_clock_groups -asynchronous -group {altera_reserved_tck}
Critical Warning (332012): Synopsys Design Constraints File file not found: 'ultrasonic_ranging.sdc'. A Synopsys Design Constraints File is required by the Timing Analyzer to get proper timing constraints. Without it, the Compiler will not properly optimize the design.
Warning (332060): Node: sys_clk was determined to be a clock but was found without an associated clock assignment.
    Info (13166): Register delay[0] is being clocked by sys_clk
Critical Warning (332168): The following clock transfers have no clock uncertainty assignment. For more accurate results, apply clock uncertainty assignments or use the derive_clock_uncertainty command.
    Critical Warning (332169): From altera_reserved_tck (Rise) to altera_reserved_tck (Rise) (setup and hold)
    Critical Warning (332169): From altera_reserved_tck (Rise) to altera_reserved_tck (Fall) (setup and hold)
Info: Found TIMING_ANALYZER_REPORT_SCRIPT_INCLUDE_DEFAULT_ANALYSIS = ON
Info: Analyzing Slow 1200mV 85C Model
Info (332146): Worst-case setup slack is 42.991
    Info (332119):     Slack       End Point TNS Clock 
    Info (332119): ========= =================== =====================
    Info (332119):    42.991               0.000 altera_reserved_tck 
Info (332146): Worst-case hold slack is 0.452
    Info (332119):     Slack       End Point TNS Clock 
    Info (332119): ========= =================== =====================
    Info (332119):     0.452               0.000 altera_reserved_tck 
Info (332146): Worst-case recovery slack is 95.784
    Info (332119):     Slack       End Point TNS Clock 
    Info (332119): ========= =================== =====================
    Info (332119):    95.784               0.000 altera_reserved_tck 
Info (332146): Worst-case removal slack is 1.128
    Info (332119):     Slack       End Point TNS Clock 
    Info (332119): ========= =================== =====================
    Info (332119):     1.128               0.000 altera_reserved_tck 
Info (332146): Worst-case minimum pulse width slack is 49.400
    Info (332119):     Slack       End Point TNS Clock 
    Info (332119): ========= =================== =====================
    Info (332119):    49.400               0.000 altera_reserved_tck 
Info (332114): Report Metastability: Found 2 synchronizer chains.
    Info (332114): The design MTBF is not calculated because there are no specified synchronizers in the design.
    Info (332114): Number of Synchronizer Chains Found: 2
    Info (332114): Shortest Synchronizer Chain: 4 Registers
    Info (332114): Fraction of Chains for which MTBFs Could Not be Calculated: 1.000
    Info (332114): Worst Case Available Settling Time: 341.421 ns
    Info (332114): 
Info: Analyzing Slow 1200mV 0C Model
Info (334003): Started post-fitting delay annotation
Info (334004): Delay annotation completed successfully
Warning (332060): Node: sys_clk was determined to be a clock but was found without an associated clock assignment.
    Info (13166): Register delay[0] is being clocked by sys_clk
Critical Warning (332168): The following clock transfers have no clock uncertainty assignment. For more accurate results, apply clock uncertainty assignments or use the derive_clock_uncertainty command.
    Critical Warning (332169): From altera_reserved_tck (Rise) to altera_reserved_tck (Rise) (setup and hold)
    Critical Warning (332169): From altera_reserved_tck (Rise) to altera_reserved_tck (Fall) (setup and hold)
Info (332146): Worst-case setup slack is 43.405
    Info (332119):     Slack       End Point TNS Clock 
    Info (332119): ========= =================== =====================
    Info (332119):    43.405               0.000 altera_reserved_tck 
Info (332146): Worst-case hold slack is 0.400
    Info (332119):     Slack       End Point TNS Clock 
    Info (332119): ========= =================== =====================
    Info (332119):     0.400               0.000 altera_reserved_tck 
Info (332146): Worst-case recovery slack is 96.085
    Info (332119):     Slack       End Point TNS Clock 
    Info (332119): ========= =================== =====================
    Info (332119):    96.085               0.000 altera_reserved_tck 
Info (332146): Worst-case removal slack is 1.028
    Info (332119):     Slack       End Point TNS Clock 
    Info (332119): ========= =================== =====================
    Info (332119):     1.028               0.000 altera_reserved_tck 
Info (332146): Worst-case minimum pulse width slack is 49.247
    Info (332119):     Slack       End Point TNS Clock 
    Info (332119): ========= =================== =====================
    Info (332119):    49.247               0.000 altera_reserved_tck 
Info (332114): Report Metastability: Found 2 synchronizer chains.
    Info (332114): The design MTBF is not calculated because there are no specified synchronizers in the design.
    Info (332114): Number of Synchronizer Chains Found: 2
    Info (332114): Shortest Synchronizer Chain: 4 Registers
    Info (332114): Fraction of Chains for which MTBFs Could Not be Calculated: 1.000
    Info (332114): Worst Case Available Settling Time: 342.085 ns
    Info (332114): 
Info: Analyzing Fast 1200mV 0C Model
Warning (332060): Node: sys_clk was determined to be a clock but was found without an associated clock assignment.
    Info (13166): Register delay[0] is being clocked by sys_clk
Critical Warning (332168): The following clock transfers have no clock uncertainty assignment. For more accurate results, apply clock uncertainty assignments or use the derive_clock_uncertainty command.
    Critical Warning (332169): From altera_reserved_tck (Rise) to altera_reserved_tck (Rise) (setup and hold)
    Critical Warning (332169): From altera_reserved_tck (Rise) to altera_reserved_tck (Fall) (setup and hold)
Info (332146): Worst-case setup slack is 47.296
    Info (332119):     Slack       End Point TNS Clock 
    Info (332119): ========= =================== =====================
    Info (332119):    47.296               0.000 altera_reserved_tck 
Info (332146): Worst-case hold slack is 0.186
    Info (332119):     Slack       End Point TNS Clock 
    Info (332119): ========= =================== =====================
    Info (332119):     0.186               0.000 altera_reserved_tck 
Info (332146): Worst-case recovery slack is 98.020
    Info (332119):     Slack       End Point TNS Clock 
    Info (332119): ========= =================== =====================
    Info (332119):    98.020               0.000 altera_reserved_tck 
Info (332146): Worst-case removal slack is 0.494
    Info (332119):     Slack       End Point TNS Clock 
    Info (332119): ========= =================== =====================
    Info (332119):     0.494               0.000 altera_reserved_tck 
Info (332146): Worst-case minimum pulse width slack is 49.277
    Info (332119):     Slack       End Point TNS Clock 
    Info (332119): ========= =================== =====================
    Info (332119):    49.277               0.000 altera_reserved_tck 
Info (332114): Report Metastability: Found 2 synchronizer chains.
    Info (332114): The design MTBF is not calculated because there are no specified synchronizers in the design.
    Info (332114): Number of Synchronizer Chains Found: 2
    Info (332114): Shortest Synchronizer Chain: 4 Registers
    Info (332114): Fraction of Chains for which MTBFs Could Not be Calculated: 1.000
    Info (332114): Worst Case Available Settling Time: 346.714 ns
    Info (332114): 
Info (332102): Design is not fully constrained for setup requirements
Info (332102): Design is not fully constrained for hold requirements
Info: Quartus Prime Timing Analyzer was successful. 0 errors, 14 warnings
    Info: Peak virtual memory: 4893 megabytes
    Info: Processing ended: Sat Dec 20 16:55:00 2025
    Info: Elapsed time: 00:00:01
    Info: Total CPU time (on all processors): 00:00:02


