Analysis & Synthesis report for ultrasonic_ranging
Sat Dec 20 16:54:51 2025
Quartus Prime Version 18.1.0 Build 625 09/12/2018 SJ Lite Edition


---------------------
; Table of Contents ;
---------------------
  1. Legal Notice
  2. Analysis & Synthesis Summary
  3. Analysis & Synthesis Settings
  4. Parallel Compilation
  5. Analysis & Synthesis Source Files Read
  6. Analysis & Synthesis Resource Usage Summary
  7. Analysis & Synthesis Resource Utilization by Entity
  8. Analysis & Synthesis RAM Summary
  9. Analysis & Synthesis IP Cores Summary
 10. Registers Removed During Synthesis
 11. Removed Registers Triggering Further Register Optimizations
 12. General Register Statistics
 13. Inverted Register Statistics
 14. Multiplexer Restructuring Statistics (Restructuring Performed)
 15. Source assignments for sld_signaltap:auto_signaltap_0
 16. Parameter Settings for User Entity Instance: Top-level Entity: |ultrasonic_ranging
 17. Parameter Settings for User Entity Instance: seg_595_dynamic:seg_595_dynamic_inst|seg_dynamic:seg_dynamic_inst
 18. Parameter Settings for Inferred Entity Instance: sld_signaltap:auto_signaltap_0
 19. Port Connectivity Checks: "seg_595_dynamic:seg_595_dynamic_inst"
 20. Port Connectivity Checks: "key_debounce:u1_key_debounce"
 21. Port Connectivity Checks: "key_debounce:u0_key_debounce"
 22. Signal Tap Logic Analyzer Settings
 23. Post-Synthesis Netlist Statistics for Top Partition
 24. Elapsed Time Per Partition
 25. Connections to In-System Debugging Instance "auto_signaltap_0"
 26. Analysis & Synthesis Messages



----------------
; Legal Notice ;
----------------
Copyright (C) 2018  Intel Corporation. All rights reserved.
Your use of Intel Corporation's design tools, logic functions 
and other software and tools, and its AMPP partner logic 
functions, and any output files from any of the foregoing 
(including device programming or simulation files), and any 
associated documentation or information are expressly subject 
to the terms and conditions of the Intel Program License 
Subscription Agreement, the Intel Quartus Prime License Agreement,
the Intel FPGA IP License Agreement, or other applicable license
agreement, including, without limitation, that your use is for
the sole purpose of programming logic devices manufactured by
Intel and sold by Intel or its authorized distributors.  Please
refer to the applicable agreement for further details.



+----------------------------------------------------------------------------------+
; Analysis & Synthesis Summary                                                     ;
+------------------------------------+---------------------------------------------+
; Analysis & Synthesis Status        ; Successful - Sat Dec 20 16:54:51 2025       ;
; Quartus Prime Version              ; 18.1.0 Build 625 09/12/2018 SJ Lite Edition ;
; Revision Name                      ; ultrasonic_ranging                          ;
; Top-level Entity Name              ; ultrasonic_ranging                          ;
; Family                             ; Cyclone IV E                                ;
; Total logic elements               ; 1,357                                       ;
;     Total combinational functions  ; 797                                         ;
;     Dedicated logic registers      ; 1,020                                       ;
; Total registers                    ; 1020                                        ;
; Total pins                         ; 12                                          ;
; Total virtual pins                 ; 0                                           ;
; Total memory bits                  ; 4,608                                       ;
; Embedded Multiplier 9-bit elements ; 0                                           ;
; Total PLLs                         ; 0                                           ;
+------------------------------------+---------------------------------------------+


+------------------------------------------------------------------------------------------------------------+
; Analysis & Synthesis Settings                                                                              ;
+------------------------------------------------------------------+--------------------+--------------------+
; Option                                                           ; Setting            ; Default Value      ;
+------------------------------------------------------------------+--------------------+--------------------+
; Device                                                           ; EP4CE10F17C8       ;                    ;
; Top-level entity name                                            ; ultrasonic_ranging ; ultrasonic_ranging ;
; Family name                                                      ; Cyclone IV E       ; Cyclone V          ;
; Use smart compilation                                            ; Off                ; Off                ;
; Enable parallel Assembler and Timing Analyzer during compilation ; On                 ; On                 ;
; Enable compact report table                                      ; Off                ; Off                ;
; Restructure Multiplexers                                         ; Auto               ; Auto               ;
; Create Debugging Nodes for IP Cores                              ; Off                ; Off                ;
; Preserve fewer node names                                        ; On                 ; On                 ;
; Intel FPGA IP Evaluation Mode                                    ; Enable             ; Enable             ;
; Verilog Version                                                  ; Verilog_2001       ; Verilog_2001       ;
; VHDL Version                                                     ; VHDL_1993          ; VHDL_1993          ;
; State Machine Processing                                         ; Auto               ; Auto               ;
; Safe State Machine                                               ; Off                ; Off                ;
; Extract Verilog State Machines                                   ; On                 ; On                 ;
; Extract VHDL State Machines                                      ; On                 ; On                 ;
; Ignore Verilog initial constructs                                ; Off                ; Off                ;
; Iteration limit for constant Verilog loops                       ; 5000               ; 5000               ;
; Iteration limit for non-constant Verilog loops                   ; 250                ; 250                ;
; Add Pass-Through Logic to Inferred RAMs                          ; On                 ; On                 ;
; Infer RAMs from Raw Logic                                        ; On                 ; On                 ;
; Parallel Synthesis                                               ; On                 ; On                 ;
; DSP Block Balancing                                              ; Auto               ; Auto               ;
; NOT Gate Push-Back                                               ; On                 ; On                 ;
; Power-Up Don't Care                                              ; On                 ; On                 ;
; Remove Redundant Logic Cells                                     ; Off                ; Off                ;
; Remove Duplicate Registers                                       ; On                 ; On                 ;
; Ignore CARRY Buffers                                             ; Off                ; Off                ;
; Ignore CASCADE Buffers                                           ; Off                ; Off                ;
; Ignore GLOBAL Buffers                                            ; Off                ; Off                ;
; Ignore ROW GLOBAL Buffers                                        ; Off                ; Off                ;
; Ignore LCELL Buffers                                             ; Off                ; Off                ;
; Ignore SOFT Buffers                                              ; On                 ; On                 ;
; Limit AHDL Integers to 32 Bits                                   ; Off                ; Off                ;
; Optimization Technique                                           ; Balanced           ; Balanced           ;
; Carry Chain Length                                               ; 70                 ; 70                 ;
; Auto Carry Chains                                                ; On                 ; On                 ;
; Auto Open-Drain Pins                                             ; On                 ; On                 ;
; Perform WYSIWYG Primitive Resynthesis                            ; Off                ; Off                ;
; Auto ROM Replacement                                             ; On                 ; On                 ;
; Auto RAM Replacement                                             ; On                 ; On                 ;
; Auto DSP Block Replacement                                       ; On                 ; On                 ;
; Auto Shift Register Replacement                                  ; Auto               ; Auto               ;
; Allow Shift Register Merging across Hierarchies                  ; Auto               ; Auto               ;
; Auto Clock Enable Replacement                                    ; On                 ; On                 ;
; Strict RAM Replacement                                           ; Off                ; Off                ;
; Allow Synchronous Control Signals                                ; On                 ; On                 ;
; Force Use of Synchronous Clear Signals                           ; Off                ; Off                ;
; Auto RAM Block Balancing                                         ; On                 ; On                 ;
; Auto RAM to Logic Cell Conversion                                ; Off                ; Off                ;
; Auto Resource Sharing                                            ; Off                ; Off                ;
; Allow Any RAM Size For Recognition                               ; Off                ; Off                ;
; Allow Any ROM Size For Recognition                               ; Off                ; Off                ;
; Allow Any Shift Register Size For Recognition                    ; Off                ; Off                ;
; Use LogicLock Constraints during Resource Balancing              ; On                 ; On                 ;
; Ignore translate_off and synthesis_off directives                ; Off                ; Off                ;
; Timing-Driven Synthesis                                          ; On                 ; On                 ;
; Report Parameter Settings                                        ; On                 ; On                 ;
; Report Source Assignments                                        ; On                 ; On                 ;
; Report Connectivity Checks                                       ; On                 ; On                 ;
; Ignore Maximum Fan-Out Assignments                               ; Off                ; Off                ;
; Synchronization Register Chain Length                            ; 2                  ; 2                  ;
; Power Optimization During Synthesis                              ; Normal compilation ; Normal compilation ;
; HDL message level                                                ; Level2             ; Level2             ;
; Suppress Register Optimization Related Messages                  ; Off                ; Off                ;
; Number of Removed Registers Reported in Synthesis Report         ; 5000               ; 5000               ;
; Number of Swept Nodes Reported in Synthesis Report               ; 5000               ; 5000               ;
; Number of Inverted Registers Reported in Synthesis Report        ; 100                ; 100                ;
; Clock MUX Protection                                             ; On                 ; On                 ;
; Auto Gated Clock Conversion                                      ; Off                ; Off                ;
; Block Design Naming                                              ; Auto               ; Auto               ;
; SDC constraint protection                                        ; Off                ; Off                ;
; Synthesis Effort                                                 ; Auto               ; Auto               ;
; Shift Register Replacement - Allow Asynchronous Clear Signal     ; On                 ; On                 ;
; Pre-Mapping Resynthesis Optimization                             ; Off                ; Off                ;
; Analysis & Synthesis Message Level                               ; Medium             ; Medium             ;
; Disable Register Merging Across Hierarchies                      ; Auto               ; Auto               ;
; Resource Aware Inference For Block RAM                           ; On                 ; On                 ;
+------------------------------------------------------------------+--------------------+--------------------+


+------------------------------------------+
; Parallel Compilation                     ;
+----------------------------+-------------+
; Processors                 ; Number      ;
+----------------------------+-------------+
; Number detected on machine ; 20          ;
; Maximum allowed            ; 14          ;
;                            ;             ;
; Average used               ; 1.00        ;
; Maximum used               ; 14          ;
;                            ;             ;
; Usage by Processor         ; % Time Used ;
;     Processor 1            ; 100.0%      ;
;     Processors 2-14        ;   0.0%      ;
+----------------------------+-------------+


+------------------------------------------------------------------------------------------------------------------------------------------------------------------------------------------------------------------------------------------------------+
; Analysis & Synthesis Source Files Read                                                                                                                                                                                                               ;
+--------------------------------------------------------------------+-----------------+----------------------------------------------+--------------------------------------------------------------------------------------------------+-------------+
; File Name with User-Entered Path                                   ; Used in Netlist ; File Type                                    ; File Name with Absolute Path                                                                     ; Library     ;
+--------------------------------------------------------------------+-----------------+----------------------------------------------+--------------------------------------------------------------------------------------------------+-------------+
; ultrasonic_ranging.v                                               ; yes             ; User Verilog HDL File                        ; D:/Money/FPGA/2025/51/Project/ultrasonic_ranging.v                                               ;             ;
; key_debounce.v                                                     ; yes             ; User Verilog HDL File                        ; D:/Money/FPGA/2025/51/Project/key_debounce.v                                                     ;             ;
; seg_595_dynamic.v                                                  ; yes             ; User Verilog HDL File                        ; D:/Money/FPGA/2025/51/Project/seg_595_dynamic.v                                                  ;             ;
; hc595_ctrl.v                                                       ; yes             ; User Verilog HDL File                        ; D:/Money/FPGA/2025/51/Project/hc595_ctrl.v                                                       ;             ;
; seg_dynamic.v                                                      ; yes             ; User Verilog HDL File                        ; D:/Money/FPGA/2025/51/Project/seg_dynamic.v                                                      ;             ;
; bcd_8421.v                                                         ; yes             ; User Verilog HDL File                        ; D:/Money/FPGA/2025/51/Project/bcd_8421.v                                                         ;             ;
; sld_signaltap.vhd                                                  ; yes             ; Megafunction                                 ; d:/b/quartus18.1/quartus/libraries/megafunctions/sld_signaltap.vhd                               ;             ;
; sld_signaltap_impl.vhd                                             ; yes             ; Encrypted Megafunction                       ; d:/b/quartus18.1/quartus/libraries/megafunctions/sld_signaltap_impl.vhd                          ;             ;
; sld_ela_control.vhd                                                ; yes             ; Encrypted Megafunction                       ; d:/b/quartus18.1/quartus/libraries/megafunctions/sld_ela_control.vhd                             ;             ;
; lpm_shiftreg.tdf                                                   ; yes             ; Megafunction                                 ; d:/b/quartus18.1/quartus/libraries/megafunctions/lpm_shiftreg.tdf                                ;             ;
; lpm_constant.inc                                                   ; yes             ; Megafunction                                 ; d:/b/quartus18.1/quartus/libraries/megafunctions/lpm_constant.inc                                ;             ;
; dffeea.inc                                                         ; yes             ; Megafunction                                 ; d:/b/quartus18.1/quartus/libraries/megafunctions/dffeea.inc                                      ;             ;
; aglobal181.inc                                                     ; yes             ; Megafunction                                 ; d:/b/quartus18.1/quartus/libraries/megafunctions/aglobal181.inc                                  ;             ;
; sld_mbpmg.vhd                                                      ; yes             ; Encrypted Megafunction                       ; d:/b/quartus18.1/quartus/libraries/megafunctions/sld_mbpmg.vhd                                   ;             ;
; sld_ela_trigger_flow_mgr.vhd                                       ; yes             ; Encrypted Megafunction                       ; d:/b/quartus18.1/quartus/libraries/megafunctions/sld_ela_trigger_flow_mgr.vhd                    ;             ;
; sld_buffer_manager.vhd                                             ; yes             ; Encrypted Megafunction                       ; d:/b/quartus18.1/quartus/libraries/megafunctions/sld_buffer_manager.vhd                          ;             ;
; altsyncram.tdf                                                     ; yes             ; Megafunction                                 ; d:/b/quartus18.1/quartus/libraries/megafunctions/altsyncram.tdf                                  ;             ;
; stratix_ram_block.inc                                              ; yes             ; Megafunction                                 ; d:/b/quartus18.1/quartus/libraries/megafunctions/stratix_ram_block.inc                           ;             ;
; lpm_mux.inc                                                        ; yes             ; Megafunction                                 ; d:/b/quartus18.1/quartus/libraries/megafunctions/lpm_mux.inc                                     ;             ;
; lpm_decode.inc                                                     ; yes             ; Megafunction                                 ; d:/b/quartus18.1/quartus/libraries/megafunctions/lpm_decode.inc                                  ;             ;
; a_rdenreg.inc                                                      ; yes             ; Megafunction                                 ; d:/b/quartus18.1/quartus/libraries/megafunctions/a_rdenreg.inc                                   ;             ;
; altrom.inc                                                         ; yes             ; Megafunction                                 ; d:/b/quartus18.1/quartus/libraries/megafunctions/altrom.inc                                      ;             ;
; altram.inc                                                         ; yes             ; Megafunction                                 ; d:/b/quartus18.1/quartus/libraries/megafunctions/altram.inc                                      ;             ;
; altdpram.inc                                                       ; yes             ; Megafunction                                 ; d:/b/quartus18.1/quartus/libraries/megafunctions/altdpram.inc                                    ;             ;
; db/altsyncram_8524.tdf                                             ; yes             ; Auto-Generated Megafunction                  ; D:/Money/FPGA/2025/51/Project/db/altsyncram_8524.tdf                                             ;             ;
; altdpram.tdf                                                       ; yes             ; Megafunction                                 ; d:/b/quartus18.1/quartus/libraries/megafunctions/altdpram.tdf                                    ;             ;
; memmodes.inc                                                       ; yes             ; Megafunction                                 ; d:/b/quartus18.1/quartus/libraries/others/maxplus2/memmodes.inc                                  ;             ;
; a_hdffe.inc                                                        ; yes             ; Megafunction                                 ; d:/b/quartus18.1/quartus/libraries/megafunctions/a_hdffe.inc                                     ;             ;
; alt_le_rden_reg.inc                                                ; yes             ; Megafunction                                 ; d:/b/quartus18.1/quartus/libraries/megafunctions/alt_le_rden_reg.inc                             ;             ;
; altsyncram.inc                                                     ; yes             ; Megafunction                                 ; d:/b/quartus18.1/quartus/libraries/megafunctions/altsyncram.inc                                  ;             ;
; lpm_mux.tdf                                                        ; yes             ; Megafunction                                 ; d:/b/quartus18.1/quartus/libraries/megafunctions/lpm_mux.tdf                                     ;             ;
; muxlut.inc                                                         ; yes             ; Megafunction                                 ; d:/b/quartus18.1/quartus/libraries/megafunctions/muxlut.inc                                      ;             ;
; bypassff.inc                                                       ; yes             ; Megafunction                                 ; d:/b/quartus18.1/quartus/libraries/megafunctions/bypassff.inc                                    ;             ;
; altshift.inc                                                       ; yes             ; Megafunction                                 ; d:/b/quartus18.1/quartus/libraries/megafunctions/altshift.inc                                    ;             ;
; db/mux_ssc.tdf                                                     ; yes             ; Auto-Generated Megafunction                  ; D:/Money/FPGA/2025/51/Project/db/mux_ssc.tdf                                                     ;             ;
; lpm_decode.tdf                                                     ; yes             ; Megafunction                                 ; d:/b/quartus18.1/quartus/libraries/megafunctions/lpm_decode.tdf                                  ;             ;
; declut.inc                                                         ; yes             ; Megafunction                                 ; d:/b/quartus18.1/quartus/libraries/megafunctions/declut.inc                                      ;             ;
; lpm_compare.inc                                                    ; yes             ; Megafunction                                 ; d:/b/quartus18.1/quartus/libraries/megafunctions/lpm_compare.inc                                 ;             ;
; db/decode_dvf.tdf                                                  ; yes             ; Auto-Generated Megafunction                  ; D:/Money/FPGA/2025/51/Project/db/decode_dvf.tdf                                                  ;             ;
; lpm_counter.tdf                                                    ; yes             ; Megafunction                                 ; d:/b/quartus18.1/quartus/libraries/megafunctions/lpm_counter.tdf                                 ;             ;
; lpm_add_sub.inc                                                    ; yes             ; Megafunction                                 ; d:/b/quartus18.1/quartus/libraries/megafunctions/lpm_add_sub.inc                                 ;             ;
; cmpconst.inc                                                       ; yes             ; Megafunction                                 ; d:/b/quartus18.1/quartus/libraries/megafunctions/cmpconst.inc                                    ;             ;
; lpm_counter.inc                                                    ; yes             ; Megafunction                                 ; d:/b/quartus18.1/quartus/libraries/megafunctions/lpm_counter.inc                                 ;             ;
; alt_counter_stratix.inc                                            ; yes             ; Megafunction                                 ; d:/b/quartus18.1/quartus/libraries/megafunctions/alt_counter_stratix.inc                         ;             ;
; db/cntr_jgi.tdf                                                    ; yes             ; Auto-Generated Megafunction                  ; D:/Money/FPGA/2025/51/Project/db/cntr_jgi.tdf                                                    ;             ;
; db/cmpr_sgc.tdf                                                    ; yes             ; Auto-Generated Megafunction                  ; D:/Money/FPGA/2025/51/Project/db/cmpr_sgc.tdf                                                    ;             ;
; db/cntr_i6j.tdf                                                    ; yes             ; Auto-Generated Megafunction                  ; D:/Money/FPGA/2025/51/Project/db/cntr_i6j.tdf                                                    ;             ;
; db/cntr_egi.tdf                                                    ; yes             ; Auto-Generated Megafunction                  ; D:/Money/FPGA/2025/51/Project/db/cntr_egi.tdf                                                    ;             ;
; db/cmpr_qgc.tdf                                                    ; yes             ; Auto-Generated Megafunction                  ; D:/Money/FPGA/2025/51/Project/db/cmpr_qgc.tdf                                                    ;             ;
; db/cntr_23j.tdf                                                    ; yes             ; Auto-Generated Megafunction                  ; D:/Money/FPGA/2025/51/Project/db/cntr_23j.tdf                                                    ;             ;
; db/cmpr_ngc.tdf                                                    ; yes             ; Auto-Generated Megafunction                  ; D:/Money/FPGA/2025/51/Project/db/cmpr_ngc.tdf                                                    ;             ;
; sld_rom_sr.vhd                                                     ; yes             ; Encrypted Megafunction                       ; d:/b/quartus18.1/quartus/libraries/megafunctions/sld_rom_sr.vhd                                  ;             ;
; sld_jtag_endpoint_adapter.vhd                                      ; yes             ; Encrypted Megafunction                       ; d:/b/quartus18.1/quartus/libraries/megafunctions/sld_jtag_endpoint_adapter.vhd                   ;             ;
; sld_jtag_endpoint_adapter_impl.sv                                  ; yes             ; Encrypted Megafunction                       ; d:/b/quartus18.1/quartus/libraries/megafunctions/sld_jtag_endpoint_adapter_impl.sv               ;             ;
; sld_hub.vhd                                                        ; yes             ; Encrypted Megafunction                       ; d:/b/quartus18.1/quartus/libraries/megafunctions/sld_hub.vhd                                     ; altera_sld  ;
; db/ip/sldb477bcd2/alt_sld_fab.v                                    ; yes             ; Encrypted Auto-Found Verilog HDL File        ; D:/Money/FPGA/2025/51/Project/db/ip/sldb477bcd2/alt_sld_fab.v                                    ; alt_sld_fab ;
; db/ip/sldb477bcd2/submodules/alt_sld_fab_alt_sld_fab.v             ; yes             ; Encrypted Auto-Found Verilog HDL File        ; D:/Money/FPGA/2025/51/Project/db/ip/sldb477bcd2/submodules/alt_sld_fab_alt_sld_fab.v             ; alt_sld_fab ;
; db/ip/sldb477bcd2/submodules/alt_sld_fab_alt_sld_fab_ident.sv      ; yes             ; Auto-Found SystemVerilog HDL File            ; D:/Money/FPGA/2025/51/Project/db/ip/sldb477bcd2/submodules/alt_sld_fab_alt_sld_fab_ident.sv      ; alt_sld_fab ;
; db/ip/sldb477bcd2/submodules/alt_sld_fab_alt_sld_fab_presplit.sv   ; yes             ; Encrypted Auto-Found SystemVerilog HDL File  ; D:/Money/FPGA/2025/51/Project/db/ip/sldb477bcd2/submodules/alt_sld_fab_alt_sld_fab_presplit.sv   ; alt_sld_fab ;
; db/ip/sldb477bcd2/submodules/alt_sld_fab_alt_sld_fab_sldfabric.vhd ; yes             ; Encrypted Auto-Found VHDL File               ; D:/Money/FPGA/2025/51/Project/db/ip/sldb477bcd2/submodules/alt_sld_fab_alt_sld_fab_sldfabric.vhd ; alt_sld_fab ;
; db/ip/sldb477bcd2/submodules/alt_sld_fab_alt_sld_fab_splitter.sv   ; yes             ; Encrypted Auto-Found SystemVerilog HDL File  ; D:/Money/FPGA/2025/51/Project/db/ip/sldb477bcd2/submodules/alt_sld_fab_alt_sld_fab_splitter.sv   ; alt_sld_fab ;
; sld_jtag_hub.vhd                                                   ; yes             ; Encrypted Megafunction                       ; d:/b/quartus18.1/quartus/libraries/megafunctions/sld_jtag_hub.vhd                                ;             ;
+--------------------------------------------------------------------+-----------------+----------------------------------------------+--------------------------------------------------------------------------------------------------+-------------+


+-------------------------------------------------------------+
; Analysis & Synthesis Resource Usage Summary                 ;
+---------------------------------------------+---------------+
; Resource                                    ; Usage         ;
+---------------------------------------------+---------------+
; Estimated Total logic elements              ; 1,357         ;
;                                             ;               ;
; Total combinational functions               ; 797           ;
; Logic element usage by number of LUT inputs ;               ;
;     -- 4 input functions                    ; 380           ;
;     -- 3 input functions                    ; 186           ;
;     -- <=2 input functions                  ; 231           ;
;                                             ;               ;
; Logic elements by mode                      ;               ;
;     -- normal mode                          ; 642           ;
;     -- arithmetic mode                      ; 155           ;
;                                             ;               ;
; Total registers                             ; 1020          ;
;     -- Dedicated logic registers            ; 1020          ;
;     -- I/O registers                        ; 0             ;
;                                             ;               ;
; I/O pins                                    ; 12            ;
; Total memory bits                           ; 4608          ;
;                                             ;               ;
; Embedded Multiplier 9-bit elements          ; 0             ;
;                                             ;               ;
; Maximum fan-out node                        ; sys_clk~input ;
; Maximum fan-out                             ; 648           ;
; Total fan-out                               ; 6414          ;
; Average fan-out                             ; 3.40          ;
+---------------------------------------------+---------------+


+----------------------------------------------------------------------------------------------------------------------------------------------------------------------------------------------------------------------------------------------------------------------------------------------------------------------------------------------------------------------------------------------------------------------------------------------------------------------------------------------------------------------------------------------------------------------------------------------------------------------------------------------------------------------------------------+
; Analysis & Synthesis Resource Utilization by Entity                                                                                                                                                                                                                                                                                                                                                                                                                                                                                                                                                                                                                                    ;
+-----------------------------------------------------------------------------------------------------------------------------------------+---------------------+---------------------------+-------------+--------------+---------+-----------+------+--------------+----------------------------------------------------------------------------------------------------------------------------------------------------------------------------------------------------------------------------------------------------------------------------------------------------------------------------------------------------------------+-----------------------------------+--------------+
; Compilation Hierarchy Node                                                                                                              ; Combinational ALUTs ; Dedicated Logic Registers ; Memory Bits ; DSP Elements ; DSP 9x9 ; DSP 18x18 ; Pins ; Virtual Pins ; Full Hierarchy Name                                                                                                                                                                                                                                                                                                                                            ; Entity Name                       ; Library Name ;
+-----------------------------------------------------------------------------------------------------------------------------------------+---------------------+---------------------------+-------------+--------------+---------+-----------+------+--------------+----------------------------------------------------------------------------------------------------------------------------------------------------------------------------------------------------------------------------------------------------------------------------------------------------------------------------------------------------------------+-----------------------------------+--------------+
; |ultrasonic_ranging                                                                                                                     ; 797 (111)           ; 1020 (97)                 ; 4608        ; 0            ; 0       ; 0         ; 12   ; 0            ; |ultrasonic_ranging                                                                                                                                                                                                                                                                                                                                            ; ultrasonic_ranging                ; work         ;
;    |seg_595_dynamic:seg_595_dynamic_inst|                                                                                               ; 148 (0)             ; 127 (0)                   ; 0           ; 0            ; 0       ; 0         ; 0    ; 0            ; |ultrasonic_ranging|seg_595_dynamic:seg_595_dynamic_inst                                                                                                                                                                                                                                                                                                       ; seg_595_dynamic                   ; work         ;
;       |hc595_ctrl:hc595_ctrl_inst|                                                                                                      ; 20 (20)             ; 9 (9)                     ; 0           ; 0            ; 0       ; 0         ; 0    ; 0            ; |ultrasonic_ranging|seg_595_dynamic:seg_595_dynamic_inst|hc595_ctrl:hc595_ctrl_inst                                                                                                                                                                                                                                                                            ; hc595_ctrl                        ; work         ;
;       |seg_dynamic:seg_dynamic_inst|                                                                                                    ; 128 (60)            ; 118 (65)                  ; 0           ; 0            ; 0       ; 0         ; 0    ; 0            ; |ultrasonic_ranging|seg_595_dynamic:seg_595_dynamic_inst|seg_dynamic:seg_dynamic_inst                                                                                                                                                                                                                                                                          ; seg_dynamic                       ; work         ;
;          |bcd_8421:bcd_8421_inst|                                                                                                       ; 68 (68)             ; 53 (53)                   ; 0           ; 0            ; 0       ; 0         ; 0    ; 0            ; |ultrasonic_ranging|seg_595_dynamic:seg_595_dynamic_inst|seg_dynamic:seg_dynamic_inst|bcd_8421:bcd_8421_inst                                                                                                                                                                                                                                                   ; bcd_8421                          ; work         ;
;    |sld_hub:auto_hub|                                                                                                                   ; 126 (1)             ; 91 (0)                    ; 0           ; 0            ; 0       ; 0         ; 0    ; 0            ; |ultrasonic_ranging|sld_hub:auto_hub                                                                                                                                                                                                                                                                                                                           ; sld_hub                           ; altera_sld   ;
;       |alt_sld_fab_with_jtag_input:\instrumentation_fabric_with_node_gen:fabric_gen_new_way:with_jtag_input_gen:instrumentation_fabric| ; 125 (0)             ; 91 (0)                    ; 0           ; 0            ; 0       ; 0         ; 0    ; 0            ; |ultrasonic_ranging|sld_hub:auto_hub|alt_sld_fab_with_jtag_input:\instrumentation_fabric_with_node_gen:fabric_gen_new_way:with_jtag_input_gen:instrumentation_fabric                                                                                                                                                                                           ; alt_sld_fab_with_jtag_input       ; altera_sld   ;
;          |alt_sld_fab:instrumentation_fabric|                                                                                           ; 125 (0)             ; 91 (0)                    ; 0           ; 0            ; 0       ; 0         ; 0    ; 0            ; |ultrasonic_ranging|sld_hub:auto_hub|alt_sld_fab_with_jtag_input:\instrumentation_fabric_with_node_gen:fabric_gen_new_way:with_jtag_input_gen:instrumentation_fabric|alt_sld_fab:instrumentation_fabric                                                                                                                                                        ; alt_sld_fab                       ; alt_sld_fab  ;
;             |alt_sld_fab_alt_sld_fab:alt_sld_fab|                                                                                       ; 125 (1)             ; 91 (5)                    ; 0           ; 0            ; 0       ; 0         ; 0    ; 0            ; |ultrasonic_ranging|sld_hub:auto_hub|alt_sld_fab_with_jtag_input:\instrumentation_fabric_with_node_gen:fabric_gen_new_way:with_jtag_input_gen:instrumentation_fabric|alt_sld_fab:instrumentation_fabric|alt_sld_fab_alt_sld_fab:alt_sld_fab                                                                                                                    ; alt_sld_fab_alt_sld_fab           ; alt_sld_fab  ;
;                |alt_sld_fab_alt_sld_fab_sldfabric:sldfabric|                                                                            ; 124 (0)             ; 86 (0)                    ; 0           ; 0            ; 0       ; 0         ; 0    ; 0            ; |ultrasonic_ranging|sld_hub:auto_hub|alt_sld_fab_with_jtag_input:\instrumentation_fabric_with_node_gen:fabric_gen_new_way:with_jtag_input_gen:instrumentation_fabric|alt_sld_fab:instrumentation_fabric|alt_sld_fab_alt_sld_fab:alt_sld_fab|alt_sld_fab_alt_sld_fab_sldfabric:sldfabric                                                                        ; alt_sld_fab_alt_sld_fab_sldfabric ; alt_sld_fab  ;
;                   |sld_jtag_hub:\jtag_hub_gen:real_sld_jtag_hub|                                                                        ; 124 (85)            ; 86 (58)                   ; 0           ; 0            ; 0       ; 0         ; 0    ; 0            ; |ultrasonic_ranging|sld_hub:auto_hub|alt_sld_fab_with_jtag_input:\instrumentation_fabric_with_node_gen:fabric_gen_new_way:with_jtag_input_gen:instrumentation_fabric|alt_sld_fab:instrumentation_fabric|alt_sld_fab_alt_sld_fab:alt_sld_fab|alt_sld_fab_alt_sld_fab_sldfabric:sldfabric|sld_jtag_hub:\jtag_hub_gen:real_sld_jtag_hub                           ; sld_jtag_hub                      ; work         ;
;                      |sld_rom_sr:hub_info_reg|                                                                                          ; 21 (21)             ; 9 (9)                     ; 0           ; 0            ; 0       ; 0         ; 0    ; 0            ; |ultrasonic_ranging|sld_hub:auto_hub|alt_sld_fab_with_jtag_input:\instrumentation_fabric_with_node_gen:fabric_gen_new_way:with_jtag_input_gen:instrumentation_fabric|alt_sld_fab:instrumentation_fabric|alt_sld_fab_alt_sld_fab:alt_sld_fab|alt_sld_fab_alt_sld_fab_sldfabric:sldfabric|sld_jtag_hub:\jtag_hub_gen:real_sld_jtag_hub|sld_rom_sr:hub_info_reg   ; sld_rom_sr                        ; work         ;
;                      |sld_shadow_jsm:shadow_jsm|                                                                                        ; 18 (18)             ; 19 (19)                   ; 0           ; 0            ; 0       ; 0         ; 0    ; 0            ; |ultrasonic_ranging|sld_hub:auto_hub|alt_sld_fab_with_jtag_input:\instrumentation_fabric_with_node_gen:fabric_gen_new_way:with_jtag_input_gen:instrumentation_fabric|alt_sld_fab:instrumentation_fabric|alt_sld_fab_alt_sld_fab:alt_sld_fab|alt_sld_fab_alt_sld_fab_sldfabric:sldfabric|sld_jtag_hub:\jtag_hub_gen:real_sld_jtag_hub|sld_shadow_jsm:shadow_jsm ; sld_shadow_jsm                    ; altera_sld   ;
;    |sld_signaltap:auto_signaltap_0|                                                                                                     ; 412 (2)             ; 705 (72)                  ; 4608        ; 0            ; 0       ; 0         ; 0    ; 0            ; |ultrasonic_ranging|sld_signaltap:auto_signaltap_0                                                                                                                                                                                                                                                                                                             ; sld_signaltap                     ; work         ;
;       |sld_signaltap_impl:sld_signaltap_body|                                                                                           ; 410 (0)             ; 633 (0)                   ; 4608        ; 0            ; 0       ; 0         ; 0    ; 0            ; |ultrasonic_ranging|sld_signaltap:auto_signaltap_0|sld_signaltap_impl:sld_signaltap_body                                                                                                                                                                                                                                                                       ; sld_signaltap_impl                ; work         ;
;          |sld_signaltap_implb:sld_signaltap_body|                                                                                       ; 410 (88)            ; 633 (218)                 ; 4608        ; 0            ; 0       ; 0         ; 0    ; 0            ; |ultrasonic_ranging|sld_signaltap:auto_signaltap_0|sld_signaltap_impl:sld_signaltap_body|sld_signaltap_implb:sld_signaltap_body                                                                                                                                                                                                                                ; sld_signaltap_implb               ; work         ;
;             |altdpram:\stp_non_zero_ram_gen:attribute_mem_gen:attribute_mem|                                                            ; 17 (0)              ; 46 (46)                   ; 0           ; 0            ; 0       ; 0         ; 0    ; 0            ; |ultrasonic_ranging|sld_signaltap:auto_signaltap_0|sld_signaltap_impl:sld_signaltap_body|sld_signaltap_implb:sld_signaltap_body|altdpram:\stp_non_zero_ram_gen:attribute_mem_gen:attribute_mem                                                                                                                                                                 ; altdpram                          ; work         ;
;                |lpm_decode:wdecoder|                                                                                                    ; 2 (0)               ; 0 (0)                     ; 0           ; 0            ; 0       ; 0         ; 0    ; 0            ; |ultrasonic_ranging|sld_signaltap:auto_signaltap_0|sld_signaltap_impl:sld_signaltap_body|sld_signaltap_implb:sld_signaltap_body|altdpram:\stp_non_zero_ram_gen:attribute_mem_gen:attribute_mem|lpm_decode:wdecoder                                                                                                                                             ; lpm_decode                        ; work         ;
;                   |decode_dvf:auto_generated|                                                                                           ; 2 (2)               ; 0 (0)                     ; 0           ; 0            ; 0       ; 0         ; 0    ; 0            ; |ultrasonic_ranging|sld_signaltap:auto_signaltap_0|sld_signaltap_impl:sld_signaltap_body|sld_signaltap_implb:sld_signaltap_body|altdpram:\stp_non_zero_ram_gen:attribute_mem_gen:attribute_mem|lpm_decode:wdecoder|decode_dvf:auto_generated                                                                                                                   ; decode_dvf                        ; work         ;
;                |lpm_mux:mux|                                                                                                            ; 15 (0)              ; 0 (0)                     ; 0           ; 0            ; 0       ; 0         ; 0    ; 0            ; |ultrasonic_ranging|sld_signaltap:auto_signaltap_0|sld_signaltap_impl:sld_signaltap_body|sld_signaltap_implb:sld_signaltap_body|altdpram:\stp_non_zero_ram_gen:attribute_mem_gen:attribute_mem|lpm_mux:mux                                                                                                                                                     ; lpm_mux                           ; work         ;
;                   |mux_ssc:auto_generated|                                                                                              ; 15 (15)             ; 0 (0)                     ; 0           ; 0            ; 0       ; 0         ; 0    ; 0            ; |ultrasonic_ranging|sld_signaltap:auto_signaltap_0|sld_signaltap_impl:sld_signaltap_body|sld_signaltap_implb:sld_signaltap_body|altdpram:\stp_non_zero_ram_gen:attribute_mem_gen:attribute_mem|lpm_mux:mux|mux_ssc:auto_generated                                                                                                                              ; mux_ssc                           ; work         ;
;             |altsyncram:\stp_non_zero_ram_gen:stp_buffer_ram|                                                                           ; 0 (0)               ; 0 (0)                     ; 4608        ; 0            ; 0       ; 0         ; 0    ; 0            ; |ultrasonic_ranging|sld_signaltap:auto_signaltap_0|sld_signaltap_impl:sld_signaltap_body|sld_signaltap_implb:sld_signaltap_body|altsyncram:\stp_non_zero_ram_gen:stp_buffer_ram                                                                                                                                                                                ; altsyncram                        ; work         ;
;                |altsyncram_8524:auto_generated|                                                                                         ; 0 (0)               ; 0 (0)                     ; 4608        ; 0            ; 0       ; 0         ; 0    ; 0            ; |ultrasonic_ranging|sld_signaltap:auto_signaltap_0|sld_signaltap_impl:sld_signaltap_body|sld_signaltap_implb:sld_signaltap_body|altsyncram:\stp_non_zero_ram_gen:stp_buffer_ram|altsyncram_8524:auto_generated                                                                                                                                                 ; altsyncram_8524                   ; work         ;
;             |lpm_shiftreg:segment_offset_config_deserialize|                                                                            ; 0 (0)               ; 7 (7)                     ; 0           ; 0            ; 0       ; 0         ; 0    ; 0            ; |ultrasonic_ranging|sld_signaltap:auto_signaltap_0|sld_signaltap_impl:sld_signaltap_body|sld_signaltap_implb:sld_signaltap_body|lpm_shiftreg:segment_offset_config_deserialize                                                                                                                                                                                 ; lpm_shiftreg                      ; work         ;
;             |lpm_shiftreg:status_register|                                                                                              ; 17 (17)             ; 17 (17)                   ; 0           ; 0            ; 0       ; 0         ; 0    ; 0            ; |ultrasonic_ranging|sld_signaltap:auto_signaltap_0|sld_signaltap_impl:sld_signaltap_body|sld_signaltap_implb:sld_signaltap_body|lpm_shiftreg:status_register                                                                                                                                                                                                   ; lpm_shiftreg                      ; work         ;
;             |serial_crc_16:\tdo_crc_gen:tdo_crc_calc|                                                                                   ; 14 (14)             ; 13 (13)                   ; 0           ; 0            ; 0       ; 0         ; 0    ; 0            ; |ultrasonic_ranging|sld_signaltap:auto_signaltap_0|sld_signaltap_impl:sld_signaltap_body|sld_signaltap_implb:sld_signaltap_body|serial_crc_16:\tdo_crc_gen:tdo_crc_calc                                                                                                                                                                                        ; serial_crc_16                     ; work         ;
;             |sld_buffer_manager:sld_buffer_manager_inst|                                                                                ; 59 (59)             ; 44 (44)                   ; 0           ; 0            ; 0       ; 0         ; 0    ; 0            ; |ultrasonic_ranging|sld_signaltap:auto_signaltap_0|sld_signaltap_impl:sld_signaltap_body|sld_signaltap_implb:sld_signaltap_body|sld_buffer_manager:sld_buffer_manager_inst                                                                                                                                                                                     ; sld_buffer_manager                ; work         ;
;             |sld_ela_control:ela_control|                                                                                               ; 86 (1)              ; 196 (1)                   ; 0           ; 0            ; 0       ; 0         ; 0    ; 0            ; |ultrasonic_ranging|sld_signaltap:auto_signaltap_0|sld_signaltap_impl:sld_signaltap_body|sld_signaltap_implb:sld_signaltap_body|sld_ela_control:ela_control                                                                                                                                                                                                    ; sld_ela_control                   ; work         ;
;                |lpm_shiftreg:trigger_config_deserialize|                                                                                ; 0 (0)               ; 4 (4)                     ; 0           ; 0            ; 0       ; 0         ; 0    ; 0            ; |ultrasonic_ranging|sld_signaltap:auto_signaltap_0|sld_signaltap_impl:sld_signaltap_body|sld_signaltap_implb:sld_signaltap_body|sld_ela_control:ela_control|lpm_shiftreg:trigger_config_deserialize                                                                                                                                                            ; lpm_shiftreg                      ; work         ;
;                |sld_ela_basic_multi_level_trigger:\basic_multi_level_mbpm_trigger_gen:multi_level_mbpm|                                 ; 72 (0)              ; 180 (0)                   ; 0           ; 0            ; 0       ; 0         ; 0    ; 0            ; |ultrasonic_ranging|sld_signaltap:auto_signaltap_0|sld_signaltap_impl:sld_signaltap_body|sld_signaltap_implb:sld_signaltap_body|sld_ela_control:ela_control|sld_ela_basic_multi_level_trigger:\basic_multi_level_mbpm_trigger_gen:multi_level_mbpm                                                                                                             ; sld_ela_basic_multi_level_trigger ; work         ;
;                   |lpm_shiftreg:trigger_condition_deserialize|                                                                          ; 0 (0)               ; 108 (108)                 ; 0           ; 0            ; 0       ; 0         ; 0    ; 0            ; |ultrasonic_ranging|sld_signaltap:auto_signaltap_0|sld_signaltap_impl:sld_signaltap_body|sld_signaltap_implb:sld_signaltap_body|sld_ela_control:ela_control|sld_ela_basic_multi_level_trigger:\basic_multi_level_mbpm_trigger_gen:multi_level_mbpm|lpm_shiftreg:trigger_condition_deserialize                                                                  ; lpm_shiftreg                      ; work         ;
;                   |sld_mbpmg:\trigger_modules_gen:0:trigger_match|                                                                      ; 72 (0)              ; 72 (0)                    ; 0           ; 0            ; 0       ; 0         ; 0    ; 0            ; |ultrasonic_ranging|sld_signaltap:auto_signaltap_0|sld_signaltap_impl:sld_signaltap_body|sld_signaltap_implb:sld_signaltap_body|sld_ela_control:ela_control|sld_ela_basic_multi_level_trigger:\basic_multi_level_mbpm_trigger_gen:multi_level_mbpm|sld_mbpmg:\trigger_modules_gen:0:trigger_match                                                              ; sld_mbpmg                         ; work         ;
;                      |sld_sbpmg:\gen_sbpmg_pipeline_less_than_two:sm0:0:sm1|                                                            ; 2 (2)               ; 2 (2)                     ; 0           ; 0            ; 0       ; 0         ; 0    ; 0            ; |ultrasonic_ranging|sld_signaltap:auto_signaltap_0|sld_signaltap_impl:sld_signaltap_body|sld_signaltap_implb:sld_signaltap_body|sld_ela_control:ela_control|sld_ela_basic_multi_level_trigger:\basic_multi_level_mbpm_trigger_gen:multi_level_mbpm|sld_mbpmg:\trigger_modules_gen:0:trigger_match|sld_sbpmg:\gen_sbpmg_pipeline_less_than_two:sm0:0:sm1        ; sld_sbpmg                         ; work         ;
;                      |sld_sbpmg:\gen_sbpmg_pipeline_less_than_two:sm0:10:sm1|                                                           ; 2 (2)               ; 2 (2)                     ; 0           ; 0            ; 0       ; 0         ; 0    ; 0            ; |ultrasonic_ranging|sld_signaltap:auto_signaltap_0|sld_signaltap_impl:sld_signaltap_body|sld_signaltap_implb:sld_signaltap_body|sld_ela_control:ela_control|sld_ela_basic_multi_level_trigger:\basic_multi_level_mbpm_trigger_gen:multi_level_mbpm|sld_mbpmg:\trigger_modules_gen:0:trigger_match|sld_sbpmg:\gen_sbpmg_pipeline_less_than_two:sm0:10:sm1       ; sld_sbpmg                         ; work         ;
;                      |sld_sbpmg:\gen_sbpmg_pipeline_less_than_two:sm0:11:sm1|                                                           ; 2 (2)               ; 2 (2)                     ; 0           ; 0            ; 0       ; 0         ; 0    ; 0            ; |ultrasonic_ranging|sld_signaltap:auto_signaltap_0|sld_signaltap_impl:sld_signaltap_body|sld_signaltap_implb:sld_signaltap_body|sld_ela_control:ela_control|sld_ela_basic_multi_level_trigger:\basic_multi_level_mbpm_trigger_gen:multi_level_mbpm|sld_mbpmg:\trigger_modules_gen:0:trigger_match|sld_sbpmg:\gen_sbpmg_pipeline_less_than_two:sm0:11:sm1       ; sld_sbpmg                         ; work         ;
;                      |sld_sbpmg:\gen_sbpmg_pipeline_less_than_two:sm0:12:sm1|                                                           ; 2 (2)               ; 2 (2)                     ; 0           ; 0            ; 0       ; 0         ; 0    ; 0            ; |ultrasonic_ranging|sld_signaltap:auto_signaltap_0|sld_signaltap_impl:sld_signaltap_body|sld_signaltap_implb:sld_signaltap_body|sld_ela_control:ela_control|sld_ela_basic_multi_level_trigger:\basic_multi_level_mbpm_trigger_gen:multi_level_mbpm|sld_mbpmg:\trigger_modules_gen:0:trigger_match|sld_sbpmg:\gen_sbpmg_pipeline_less_than_two:sm0:12:sm1       ; sld_sbpmg                         ; work         ;
;                      |sld_sbpmg:\gen_sbpmg_pipeline_less_than_two:sm0:13:sm1|                                                           ; 2 (2)               ; 2 (2)                     ; 0           ; 0            ; 0       ; 0         ; 0    ; 0            ; |ultrasonic_ranging|sld_signaltap:auto_signaltap_0|sld_signaltap_impl:sld_signaltap_body|sld_signaltap_implb:sld_signaltap_body|sld_ela_control:ela_control|sld_ela_basic_multi_level_trigger:\basic_multi_level_mbpm_trigger_gen:multi_level_mbpm|sld_mbpmg:\trigger_modules_gen:0:trigger_match|sld_sbpmg:\gen_sbpmg_pipeline_less_than_two:sm0:13:sm1       ; sld_sbpmg                         ; work         ;
;                      |sld_sbpmg:\gen_sbpmg_pipeline_less_than_two:sm0:14:sm1|                                                           ; 2 (2)               ; 2 (2)                     ; 0           ; 0            ; 0       ; 0         ; 0    ; 0            ; |ultrasonic_ranging|sld_signaltap:auto_signaltap_0|sld_signaltap_impl:sld_signaltap_body|sld_signaltap_implb:sld_signaltap_body|sld_ela_control:ela_control|sld_ela_basic_multi_level_trigger:\basic_multi_level_mbpm_trigger_gen:multi_level_mbpm|sld_mbpmg:\trigger_modules_gen:0:trigger_match|sld_sbpmg:\gen_sbpmg_pipeline_less_than_two:sm0:14:sm1       ; sld_sbpmg                         ; work         ;
;                      |sld_sbpmg:\gen_sbpmg_pipeline_less_than_two:sm0:15:sm1|                                                           ; 2 (2)               ; 2 (2)                     ; 0           ; 0            ; 0       ; 0         ; 0    ; 0            ; |ultrasonic_ranging|sld_signaltap:auto_signaltap_0|sld_signaltap_impl:sld_signaltap_body|sld_signaltap_implb:sld_signaltap_body|sld_ela_control:ela_control|sld_ela_basic_multi_level_trigger:\basic_multi_level_mbpm_trigger_gen:multi_level_mbpm|sld_mbpmg:\trigger_modules_gen:0:trigger_match|sld_sbpmg:\gen_sbpmg_pipeline_less_than_two:sm0:15:sm1       ; sld_sbpmg                         ; work         ;
;                      |sld_sbpmg:\gen_sbpmg_pipeline_less_than_two:sm0:16:sm1|                                                           ; 2 (2)               ; 2 (2)                     ; 0           ; 0            ; 0       ; 0         ; 0    ; 0            ; |ultrasonic_ranging|sld_signaltap:auto_signaltap_0|sld_signaltap_impl:sld_signaltap_body|sld_signaltap_implb:sld_signaltap_body|sld_ela_control:ela_control|sld_ela_basic_multi_level_trigger:\basic_multi_level_mbpm_trigger_gen:multi_level_mbpm|sld_mbpmg:\trigger_modules_gen:0:trigger_match|sld_sbpmg:\gen_sbpmg_pipeline_less_than_two:sm0:16:sm1       ; sld_sbpmg                         ; work         ;
;                      |sld_sbpmg:\gen_sbpmg_pipeline_less_than_two:sm0:17:sm1|                                                           ; 2 (2)               ; 2 (2)                     ; 0           ; 0            ; 0       ; 0         ; 0    ; 0            ; |ultrasonic_ranging|sld_signaltap:auto_signaltap_0|sld_signaltap_impl:sld_signaltap_body|sld_signaltap_implb:sld_signaltap_body|sld_ela_control:ela_control|sld_ela_basic_multi_level_trigger:\basic_multi_level_mbpm_trigger_gen:multi_level_mbpm|sld_mbpmg:\trigger_modules_gen:0:trigger_match|sld_sbpmg:\gen_sbpmg_pipeline_less_than_two:sm0:17:sm1       ; sld_sbpmg                         ; work         ;
;                      |sld_sbpmg:\gen_sbpmg_pipeline_less_than_two:sm0:18:sm1|                                                           ; 2 (2)               ; 2 (2)                     ; 0           ; 0            ; 0       ; 0         ; 0    ; 0            ; |ultrasonic_ranging|sld_signaltap:auto_signaltap_0|sld_signaltap_impl:sld_signaltap_body|sld_signaltap_implb:sld_signaltap_body|sld_ela_control:ela_control|sld_ela_basic_multi_level_trigger:\basic_multi_level_mbpm_trigger_gen:multi_level_mbpm|sld_mbpmg:\trigger_modules_gen:0:trigger_match|sld_sbpmg:\gen_sbpmg_pipeline_less_than_two:sm0:18:sm1       ; sld_sbpmg                         ; work         ;
;                      |sld_sbpmg:\gen_sbpmg_pipeline_less_than_two:sm0:19:sm1|                                                           ; 2 (2)               ; 2 (2)                     ; 0           ; 0            ; 0       ; 0         ; 0    ; 0            ; |ultrasonic_ranging|sld_signaltap:auto_signaltap_0|sld_signaltap_impl:sld_signaltap_body|sld_signaltap_implb:sld_signaltap_body|sld_ela_control:ela_control|sld_ela_basic_multi_level_trigger:\basic_multi_level_mbpm_trigger_gen:multi_level_mbpm|sld_mbpmg:\trigger_modules_gen:0:trigger_match|sld_sbpmg:\gen_sbpmg_pipeline_less_than_two:sm0:19:sm1       ; sld_sbpmg                         ; work         ;
;                      |sld_sbpmg:\gen_sbpmg_pipeline_less_than_two:sm0:1:sm1|                                                            ; 2 (2)               ; 2 (2)                     ; 0           ; 0            ; 0       ; 0         ; 0    ; 0            ; |ultrasonic_ranging|sld_signaltap:auto_signaltap_0|sld_signaltap_impl:sld_signaltap_body|sld_signaltap_implb:sld_signaltap_body|sld_ela_control:ela_control|sld_ela_basic_multi_level_trigger:\basic_multi_level_mbpm_trigger_gen:multi_level_mbpm|sld_mbpmg:\trigger_modules_gen:0:trigger_match|sld_sbpmg:\gen_sbpmg_pipeline_less_than_two:sm0:1:sm1        ; sld_sbpmg                         ; work         ;
;                      |sld_sbpmg:\gen_sbpmg_pipeline_less_than_two:sm0:20:sm1|                                                           ; 2 (2)               ; 2 (2)                     ; 0           ; 0            ; 0       ; 0         ; 0    ; 0            ; |ultrasonic_ranging|sld_signaltap:auto_signaltap_0|sld_signaltap_impl:sld_signaltap_body|sld_signaltap_implb:sld_signaltap_body|sld_ela_control:ela_control|sld_ela_basic_multi_level_trigger:\basic_multi_level_mbpm_trigger_gen:multi_level_mbpm|sld_mbpmg:\trigger_modules_gen:0:trigger_match|sld_sbpmg:\gen_sbpmg_pipeline_less_than_two:sm0:20:sm1       ; sld_sbpmg                         ; work         ;
;                      |sld_sbpmg:\gen_sbpmg_pipeline_less_than_two:sm0:21:sm1|                                                           ; 2 (2)               ; 2 (2)                     ; 0           ; 0            ; 0       ; 0         ; 0    ; 0            ; |ultrasonic_ranging|sld_signaltap:auto_signaltap_0|sld_signaltap_impl:sld_signaltap_body|sld_signaltap_implb:sld_signaltap_body|sld_ela_control:ela_control|sld_ela_basic_multi_level_trigger:\basic_multi_level_mbpm_trigger_gen:multi_level_mbpm|sld_mbpmg:\trigger_modules_gen:0:trigger_match|sld_sbpmg:\gen_sbpmg_pipeline_less_than_two:sm0:21:sm1       ; sld_sbpmg                         ; work         ;
;                      |sld_sbpmg:\gen_sbpmg_pipeline_less_than_two:sm0:22:sm1|                                                           ; 2 (2)               ; 2 (2)                     ; 0           ; 0            ; 0       ; 0         ; 0    ; 0            ; |ultrasonic_ranging|sld_signaltap:auto_signaltap_0|sld_signaltap_impl:sld_signaltap_body|sld_signaltap_implb:sld_signaltap_body|sld_ela_control:ela_control|sld_ela_basic_multi_level_trigger:\basic_multi_level_mbpm_trigger_gen:multi_level_mbpm|sld_mbpmg:\trigger_modules_gen:0:trigger_match|sld_sbpmg:\gen_sbpmg_pipeline_less_than_two:sm0:22:sm1       ; sld_sbpmg                         ; work         ;
;                      |sld_sbpmg:\gen_sbpmg_pipeline_less_than_two:sm0:23:sm1|                                                           ; 2 (2)               ; 2 (2)                     ; 0           ; 0            ; 0       ; 0         ; 0    ; 0            ; |ultrasonic_ranging|sld_signaltap:auto_signaltap_0|sld_signaltap_impl:sld_signaltap_body|sld_signaltap_implb:sld_signaltap_body|sld_ela_control:ela_control|sld_ela_basic_multi_level_trigger:\basic_multi_level_mbpm_trigger_gen:multi_level_mbpm|sld_mbpmg:\trigger_modules_gen:0:trigger_match|sld_sbpmg:\gen_sbpmg_pipeline_less_than_two:sm0:23:sm1       ; sld_sbpmg                         ; work         ;
;                      |sld_sbpmg:\gen_sbpmg_pipeline_less_than_two:sm0:24:sm1|                                                           ; 2 (2)               ; 2 (2)                     ; 0           ; 0            ; 0       ; 0         ; 0    ; 0            ; |ultrasonic_ranging|sld_signaltap:auto_signaltap_0|sld_signaltap_impl:sld_signaltap_body|sld_signaltap_implb:sld_signaltap_body|sld_ela_control:ela_control|sld_ela_basic_multi_level_trigger:\basic_multi_level_mbpm_trigger_gen:multi_level_mbpm|sld_mbpmg:\trigger_modules_gen:0:trigger_match|sld_sbpmg:\gen_sbpmg_pipeline_less_than_two:sm0:24:sm1       ; sld_sbpmg                         ; work         ;
;                      |sld_sbpmg:\gen_sbpmg_pipeline_less_than_two:sm0:25:sm1|                                                           ; 2 (2)               ; 2 (2)                     ; 0           ; 0            ; 0       ; 0         ; 0    ; 0            ; |ultrasonic_ranging|sld_signaltap:auto_signaltap_0|sld_signaltap_impl:sld_signaltap_body|sld_signaltap_implb:sld_signaltap_body|sld_ela_control:ela_control|sld_ela_basic_multi_level_trigger:\basic_multi_level_mbpm_trigger_gen:multi_level_mbpm|sld_mbpmg:\trigger_modules_gen:0:trigger_match|sld_sbpmg:\gen_sbpmg_pipeline_less_than_two:sm0:25:sm1       ; sld_sbpmg                         ; work         ;
;                      |sld_sbpmg:\gen_sbpmg_pipeline_less_than_two:sm0:26:sm1|                                                           ; 2 (2)               ; 2 (2)                     ; 0           ; 0            ; 0       ; 0         ; 0    ; 0            ; |ultrasonic_ranging|sld_signaltap:auto_signaltap_0|sld_signaltap_impl:sld_signaltap_body|sld_signaltap_implb:sld_signaltap_body|sld_ela_control:ela_control|sld_ela_basic_multi_level_trigger:\basic_multi_level_mbpm_trigger_gen:multi_level_mbpm|sld_mbpmg:\trigger_modules_gen:0:trigger_match|sld_sbpmg:\gen_sbpmg_pipeline_less_than_two:sm0:26:sm1       ; sld_sbpmg                         ; work         ;
;                      |sld_sbpmg:\gen_sbpmg_pipeline_less_than_two:sm0:27:sm1|                                                           ; 2 (2)               ; 2 (2)                     ; 0           ; 0            ; 0       ; 0         ; 0    ; 0            ; |ultrasonic_ranging|sld_signaltap:auto_signaltap_0|sld_signaltap_impl:sld_signaltap_body|sld_signaltap_implb:sld_signaltap_body|sld_ela_control:ela_control|sld_ela_basic_multi_level_trigger:\basic_multi_level_mbpm_trigger_gen:multi_level_mbpm|sld_mbpmg:\trigger_modules_gen:0:trigger_match|sld_sbpmg:\gen_sbpmg_pipeline_less_than_two:sm0:27:sm1       ; sld_sbpmg                         ; work         ;
;                      |sld_sbpmg:\gen_sbpmg_pipeline_less_than_two:sm0:28:sm1|                                                           ; 2 (2)               ; 2 (2)                     ; 0           ; 0            ; 0       ; 0         ; 0    ; 0            ; |ultrasonic_ranging|sld_signaltap:auto_signaltap_0|sld_signaltap_impl:sld_signaltap_body|sld_signaltap_implb:sld_signaltap_body|sld_ela_control:ela_control|sld_ela_basic_multi_level_trigger:\basic_multi_level_mbpm_trigger_gen:multi_level_mbpm|sld_mbpmg:\trigger_modules_gen:0:trigger_match|sld_sbpmg:\gen_sbpmg_pipeline_less_than_two:sm0:28:sm1       ; sld_sbpmg                         ; work         ;
;                      |sld_sbpmg:\gen_sbpmg_pipeline_less_than_two:sm0:29:sm1|                                                           ; 2 (2)               ; 2 (2)                     ; 0           ; 0            ; 0       ; 0         ; 0    ; 0            ; |ultrasonic_ranging|sld_signaltap:auto_signaltap_0|sld_signaltap_impl:sld_signaltap_body|sld_signaltap_implb:sld_signaltap_body|sld_ela_control:ela_control|sld_ela_basic_multi_level_trigger:\basic_multi_level_mbpm_trigger_gen:multi_level_mbpm|sld_mbpmg:\trigger_modules_gen:0:trigger_match|sld_sbpmg:\gen_sbpmg_pipeline_less_than_two:sm0:29:sm1       ; sld_sbpmg                         ; work         ;
;                      |sld_sbpmg:\gen_sbpmg_pipeline_less_than_two:sm0:2:sm1|                                                            ; 2 (2)               ; 2 (2)                     ; 0           ; 0            ; 0       ; 0         ; 0    ; 0            ; |ultrasonic_ranging|sld_signaltap:auto_signaltap_0|sld_signaltap_impl:sld_signaltap_body|sld_signaltap_implb:sld_signaltap_body|sld_ela_control:ela_control|sld_ela_basic_multi_level_trigger:\basic_multi_level_mbpm_trigger_gen:multi_level_mbpm|sld_mbpmg:\trigger_modules_gen:0:trigger_match|sld_sbpmg:\gen_sbpmg_pipeline_less_than_two:sm0:2:sm1        ; sld_sbpmg                         ; work         ;
;                      |sld_sbpmg:\gen_sbpmg_pipeline_less_than_two:sm0:30:sm1|                                                           ; 2 (2)               ; 2 (2)                     ; 0           ; 0            ; 0       ; 0         ; 0    ; 0            ; |ultrasonic_ranging|sld_signaltap:auto_signaltap_0|sld_signaltap_impl:sld_signaltap_body|sld_signaltap_implb:sld_signaltap_body|sld_ela_control:ela_control|sld_ela_basic_multi_level_trigger:\basic_multi_level_mbpm_trigger_gen:multi_level_mbpm|sld_mbpmg:\trigger_modules_gen:0:trigger_match|sld_sbpmg:\gen_sbpmg_pipeline_less_than_two:sm0:30:sm1       ; sld_sbpmg                         ; work         ;
;                      |sld_sbpmg:\gen_sbpmg_pipeline_less_than_two:sm0:31:sm1|                                                           ; 2 (2)               ; 2 (2)                     ; 0           ; 0            ; 0       ; 0         ; 0    ; 0            ; |ultrasonic_ranging|sld_signaltap:auto_signaltap_0|sld_signaltap_impl:sld_signaltap_body|sld_signaltap_implb:sld_signaltap_body|sld_ela_control:ela_control|sld_ela_basic_multi_level_trigger:\basic_multi_level_mbpm_trigger_gen:multi_level_mbpm|sld_mbpmg:\trigger_modules_gen:0:trigger_match|sld_sbpmg:\gen_sbpmg_pipeline_less_than_two:sm0:31:sm1       ; sld_sbpmg                         ; work         ;
;                      |sld_sbpmg:\gen_sbpmg_pipeline_less_than_two:sm0:32:sm1|                                                           ; 2 (2)               ; 2 (2)                     ; 0           ; 0            ; 0       ; 0         ; 0    ; 0            ; |ultrasonic_ranging|sld_signaltap:auto_signaltap_0|sld_signaltap_impl:sld_signaltap_body|sld_signaltap_implb:sld_signaltap_body|sld_ela_control:ela_control|sld_ela_basic_multi_level_trigger:\basic_multi_level_mbpm_trigger_gen:multi_level_mbpm|sld_mbpmg:\trigger_modules_gen:0:trigger_match|sld_sbpmg:\gen_sbpmg_pipeline_less_than_two:sm0:32:sm1       ; sld_sbpmg                         ; work         ;
;                      |sld_sbpmg:\gen_sbpmg_pipeline_less_than_two:sm0:33:sm1|                                                           ; 2 (2)               ; 2 (2)                     ; 0           ; 0            ; 0       ; 0         ; 0    ; 0            ; |ultrasonic_ranging|sld_signaltap:auto_signaltap_0|sld_signaltap_impl:sld_signaltap_body|sld_signaltap_implb:sld_signaltap_body|sld_ela_control:ela_control|sld_ela_basic_multi_level_trigger:\basic_multi_level_mbpm_trigger_gen:multi_level_mbpm|sld_mbpmg:\trigger_modules_gen:0:trigger_match|sld_sbpmg:\gen_sbpmg_pipeline_less_than_two:sm0:33:sm1       ; sld_sbpmg                         ; work         ;
;                      |sld_sbpmg:\gen_sbpmg_pipeline_less_than_two:sm0:34:sm1|                                                           ; 2 (2)               ; 2 (2)                     ; 0           ; 0            ; 0       ; 0         ; 0    ; 0            ; |ultrasonic_ranging|sld_signaltap:auto_signaltap_0|sld_signaltap_impl:sld_signaltap_body|sld_signaltap_implb:sld_signaltap_body|sld_ela_control:ela_control|sld_ela_basic_multi_level_trigger:\basic_multi_level_mbpm_trigger_gen:multi_level_mbpm|sld_mbpmg:\trigger_modules_gen:0:trigger_match|sld_sbpmg:\gen_sbpmg_pipeline_less_than_two:sm0:34:sm1       ; sld_sbpmg                         ; work         ;
;                      |sld_sbpmg:\gen_sbpmg_pipeline_less_than_two:sm0:35:sm1|                                                           ; 2 (2)               ; 2 (2)                     ; 0           ; 0            ; 0       ; 0         ; 0    ; 0            ; |ultrasonic_ranging|sld_signaltap:auto_signaltap_0|sld_signaltap_impl:sld_signaltap_body|sld_signaltap_implb:sld_signaltap_body|sld_ela_control:ela_control|sld_ela_basic_multi_level_trigger:\basic_multi_level_mbpm_trigger_gen:multi_level_mbpm|sld_mbpmg:\trigger_modules_gen:0:trigger_match|sld_sbpmg:\gen_sbpmg_pipeline_less_than_two:sm0:35:sm1       ; sld_sbpmg                         ; work         ;
;                      |sld_sbpmg:\gen_sbpmg_pipeline_less_than_two:sm0:3:sm1|                                                            ; 2 (2)               ; 2 (2)                     ; 0           ; 0            ; 0       ; 0         ; 0    ; 0            ; |ultrasonic_ranging|sld_signaltap:auto_signaltap_0|sld_signaltap_impl:sld_signaltap_body|sld_signaltap_implb:sld_signaltap_body|sld_ela_control:ela_control|sld_ela_basic_multi_level_trigger:\basic_multi_level_mbpm_trigger_gen:multi_level_mbpm|sld_mbpmg:\trigger_modules_gen:0:trigger_match|sld_sbpmg:\gen_sbpmg_pipeline_less_than_two:sm0:3:sm1        ; sld_sbpmg                         ; work         ;
;                      |sld_sbpmg:\gen_sbpmg_pipeline_less_than_two:sm0:4:sm1|                                                            ; 2 (2)               ; 2 (2)                     ; 0           ; 0            ; 0       ; 0         ; 0    ; 0            ; |ultrasonic_ranging|sld_signaltap:auto_signaltap_0|sld_signaltap_impl:sld_signaltap_body|sld_signaltap_implb:sld_signaltap_body|sld_ela_control:ela_control|sld_ela_basic_multi_level_trigger:\basic_multi_level_mbpm_trigger_gen:multi_level_mbpm|sld_mbpmg:\trigger_modules_gen:0:trigger_match|sld_sbpmg:\gen_sbpmg_pipeline_less_than_two:sm0:4:sm1        ; sld_sbpmg                         ; work         ;
;                      |sld_sbpmg:\gen_sbpmg_pipeline_less_than_two:sm0:5:sm1|                                                            ; 2 (2)               ; 2 (2)                     ; 0           ; 0            ; 0       ; 0         ; 0    ; 0            ; |ultrasonic_ranging|sld_signaltap:auto_signaltap_0|sld_signaltap_impl:sld_signaltap_body|sld_signaltap_implb:sld_signaltap_body|sld_ela_control:ela_control|sld_ela_basic_multi_level_trigger:\basic_multi_level_mbpm_trigger_gen:multi_level_mbpm|sld_mbpmg:\trigger_modules_gen:0:trigger_match|sld_sbpmg:\gen_sbpmg_pipeline_less_than_two:sm0:5:sm1        ; sld_sbpmg                         ; work         ;
;                      |sld_sbpmg:\gen_sbpmg_pipeline_less_than_two:sm0:6:sm1|                                                            ; 2 (2)               ; 2 (2)                     ; 0           ; 0            ; 0       ; 0         ; 0    ; 0            ; |ultrasonic_ranging|sld_signaltap:auto_signaltap_0|sld_signaltap_impl:sld_signaltap_body|sld_signaltap_implb:sld_signaltap_body|sld_ela_control:ela_control|sld_ela_basic_multi_level_trigger:\basic_multi_level_mbpm_trigger_gen:multi_level_mbpm|sld_mbpmg:\trigger_modules_gen:0:trigger_match|sld_sbpmg:\gen_sbpmg_pipeline_less_than_two:sm0:6:sm1        ; sld_sbpmg                         ; work         ;
;                      |sld_sbpmg:\gen_sbpmg_pipeline_less_than_two:sm0:7:sm1|                                                            ; 2 (2)               ; 2 (2)                     ; 0           ; 0            ; 0       ; 0         ; 0    ; 0            ; |ultrasonic_ranging|sld_signaltap:auto_signaltap_0|sld_signaltap_impl:sld_signaltap_body|sld_signaltap_implb:sld_signaltap_body|sld_ela_control:ela_control|sld_ela_basic_multi_level_trigger:\basic_multi_level_mbpm_trigger_gen:multi_level_mbpm|sld_mbpmg:\trigger_modules_gen:0:trigger_match|sld_sbpmg:\gen_sbpmg_pipeline_less_than_two:sm0:7:sm1        ; sld_sbpmg                         ; work         ;
;                      |sld_sbpmg:\gen_sbpmg_pipeline_less_than_two:sm0:8:sm1|                                                            ; 2 (2)               ; 2 (2)                     ; 0           ; 0            ; 0       ; 0         ; 0    ; 0            ; |ultrasonic_ranging|sld_signaltap:auto_signaltap_0|sld_signaltap_impl:sld_signaltap_body|sld_signaltap_implb:sld_signaltap_body|sld_ela_control:ela_control|sld_ela_basic_multi_level_trigger:\basic_multi_level_mbpm_trigger_gen:multi_level_mbpm|sld_mbpmg:\trigger_modules_gen:0:trigger_match|sld_sbpmg:\gen_sbpmg_pipeline_less_than_two:sm0:8:sm1        ; sld_sbpmg                         ; work         ;
;                      |sld_sbpmg:\gen_sbpmg_pipeline_less_than_two:sm0:9:sm1|                                                            ; 2 (2)               ; 2 (2)                     ; 0           ; 0            ; 0       ; 0         ; 0    ; 0            ; |ultrasonic_ranging|sld_signaltap:auto_signaltap_0|sld_signaltap_impl:sld_signaltap_body|sld_signaltap_implb:sld_signaltap_body|sld_ela_control:ela_control|sld_ela_basic_multi_level_trigger:\basic_multi_level_mbpm_trigger_gen:multi_level_mbpm|sld_mbpmg:\trigger_modules_gen:0:trigger_match|sld_sbpmg:\gen_sbpmg_pipeline_less_than_two:sm0:9:sm1        ; sld_sbpmg                         ; work         ;
;                |sld_ela_trigger_flow_mgr:\builtin:ela_trigger_flow_mgr_entity|                                                          ; 13 (13)             ; 11 (1)                    ; 0           ; 0            ; 0       ; 0         ; 0    ; 0            ; |ultrasonic_ranging|sld_signaltap:auto_signaltap_0|sld_signaltap_impl:sld_signaltap_body|sld_signaltap_implb:sld_signaltap_body|sld_ela_control:ela_control|sld_ela_trigger_flow_mgr:\builtin:ela_trigger_flow_mgr_entity                                                                                                                                      ; sld_ela_trigger_flow_mgr          ; work         ;
;                   |lpm_shiftreg:trigger_config_deserialize|                                                                             ; 0 (0)               ; 10 (10)                   ; 0           ; 0            ; 0       ; 0         ; 0    ; 0            ; |ultrasonic_ranging|sld_signaltap:auto_signaltap_0|sld_signaltap_impl:sld_signaltap_body|sld_signaltap_implb:sld_signaltap_body|sld_ela_control:ela_control|sld_ela_trigger_flow_mgr:\builtin:ela_trigger_flow_mgr_entity|lpm_shiftreg:trigger_config_deserialize                                                                                              ; lpm_shiftreg                      ; work         ;
;             |sld_offload_buffer_mgr:\stp_non_zero_depth_offload_gen:stp_offload_buff_mgr_inst|                                          ; 99 (9)              ; 84 (0)                    ; 0           ; 0            ; 0       ; 0         ; 0    ; 0            ; |ultrasonic_ranging|sld_signaltap:auto_signaltap_0|sld_signaltap_impl:sld_signaltap_body|sld_signaltap_implb:sld_signaltap_body|sld_offload_buffer_mgr:\stp_non_zero_depth_offload_gen:stp_offload_buff_mgr_inst                                                                                                                                               ; sld_offload_buffer_mgr            ; work         ;
;                |lpm_counter:\adv_point_3_and_more:advance_pointer_counter|                                                              ; 8 (0)               ; 6 (0)                     ; 0           ; 0            ; 0       ; 0         ; 0    ; 0            ; |ultrasonic_ranging|sld_signaltap:auto_signaltap_0|sld_signaltap_impl:sld_signaltap_body|sld_signaltap_implb:sld_signaltap_body|sld_offload_buffer_mgr:\stp_non_zero_depth_offload_gen:stp_offload_buff_mgr_inst|lpm_counter:\adv_point_3_and_more:advance_pointer_counter                                                                                     ; lpm_counter                       ; work         ;
;                   |cntr_jgi:auto_generated|                                                                                             ; 8 (8)               ; 6 (6)                     ; 0           ; 0            ; 0       ; 0         ; 0    ; 0            ; |ultrasonic_ranging|sld_signaltap:auto_signaltap_0|sld_signaltap_impl:sld_signaltap_body|sld_signaltap_implb:sld_signaltap_body|sld_offload_buffer_mgr:\stp_non_zero_depth_offload_gen:stp_offload_buff_mgr_inst|lpm_counter:\adv_point_3_and_more:advance_pointer_counter|cntr_jgi:auto_generated                                                             ; cntr_jgi                          ; work         ;
;                |lpm_counter:read_pointer_counter|                                                                                       ; 7 (0)               ; 7 (0)                     ; 0           ; 0            ; 0       ; 0         ; 0    ; 0            ; |ultrasonic_ranging|sld_signaltap:auto_signaltap_0|sld_signaltap_impl:sld_signaltap_body|sld_signaltap_implb:sld_signaltap_body|sld_offload_buffer_mgr:\stp_non_zero_depth_offload_gen:stp_offload_buff_mgr_inst|lpm_counter:read_pointer_counter                                                                                                              ; lpm_counter                       ; work         ;
;                   |cntr_i6j:auto_generated|                                                                                             ; 7 (7)               ; 7 (7)                     ; 0           ; 0            ; 0       ; 0         ; 0    ; 0            ; |ultrasonic_ranging|sld_signaltap:auto_signaltap_0|sld_signaltap_impl:sld_signaltap_body|sld_signaltap_implb:sld_signaltap_body|sld_offload_buffer_mgr:\stp_non_zero_depth_offload_gen:stp_offload_buff_mgr_inst|lpm_counter:read_pointer_counter|cntr_i6j:auto_generated                                                                                      ; cntr_i6j                          ; work         ;
;                |lpm_counter:status_advance_pointer_counter|                                                                             ; 6 (0)               ; 4 (0)                     ; 0           ; 0            ; 0       ; 0         ; 0    ; 0            ; |ultrasonic_ranging|sld_signaltap:auto_signaltap_0|sld_signaltap_impl:sld_signaltap_body|sld_signaltap_implb:sld_signaltap_body|sld_offload_buffer_mgr:\stp_non_zero_depth_offload_gen:stp_offload_buff_mgr_inst|lpm_counter:status_advance_pointer_counter                                                                                                    ; lpm_counter                       ; work         ;
;                   |cntr_egi:auto_generated|                                                                                             ; 6 (6)               ; 4 (4)                     ; 0           ; 0            ; 0       ; 0         ; 0    ; 0            ; |ultrasonic_ranging|sld_signaltap:auto_signaltap_0|sld_signaltap_impl:sld_signaltap_body|sld_signaltap_implb:sld_signaltap_body|sld_offload_buffer_mgr:\stp_non_zero_depth_offload_gen:stp_offload_buff_mgr_inst|lpm_counter:status_advance_pointer_counter|cntr_egi:auto_generated                                                                            ; cntr_egi                          ; work         ;
;                |lpm_counter:status_read_pointer_counter|                                                                                ; 3 (0)               ; 1 (0)                     ; 0           ; 0            ; 0       ; 0         ; 0    ; 0            ; |ultrasonic_ranging|sld_signaltap:auto_signaltap_0|sld_signaltap_impl:sld_signaltap_body|sld_signaltap_implb:sld_signaltap_body|sld_offload_buffer_mgr:\stp_non_zero_depth_offload_gen:stp_offload_buff_mgr_inst|lpm_counter:status_read_pointer_counter                                                                                                       ; lpm_counter                       ; work         ;
;                   |cntr_23j:auto_generated|                                                                                             ; 3 (3)               ; 1 (1)                     ; 0           ; 0            ; 0       ; 0         ; 0    ; 0            ; |ultrasonic_ranging|sld_signaltap:auto_signaltap_0|sld_signaltap_impl:sld_signaltap_body|sld_signaltap_implb:sld_signaltap_body|sld_offload_buffer_mgr:\stp_non_zero_depth_offload_gen:stp_offload_buff_mgr_inst|lpm_counter:status_read_pointer_counter|cntr_23j:auto_generated                                                                               ; cntr_23j                          ; work         ;
;                |lpm_shiftreg:info_data_shift_out|                                                                                       ; 15 (15)             ; 15 (15)                   ; 0           ; 0            ; 0       ; 0         ; 0    ; 0            ; |ultrasonic_ranging|sld_signaltap:auto_signaltap_0|sld_signaltap_impl:sld_signaltap_body|sld_signaltap_implb:sld_signaltap_body|sld_offload_buffer_mgr:\stp_non_zero_depth_offload_gen:stp_offload_buff_mgr_inst|lpm_shiftreg:info_data_shift_out                                                                                                              ; lpm_shiftreg                      ; work         ;
;                |lpm_shiftreg:ram_data_shift_out|                                                                                        ; 36 (36)             ; 36 (36)                   ; 0           ; 0            ; 0       ; 0         ; 0    ; 0            ; |ultrasonic_ranging|sld_signaltap:auto_signaltap_0|sld_signaltap_impl:sld_signaltap_body|sld_signaltap_implb:sld_signaltap_body|sld_offload_buffer_mgr:\stp_non_zero_depth_offload_gen:stp_offload_buff_mgr_inst|lpm_shiftreg:ram_data_shift_out                                                                                                               ; lpm_shiftreg                      ; work         ;
;                |lpm_shiftreg:status_data_shift_out|                                                                                     ; 15 (15)             ; 15 (15)                   ; 0           ; 0            ; 0       ; 0         ; 0    ; 0            ; |ultrasonic_ranging|sld_signaltap:auto_signaltap_0|sld_signaltap_impl:sld_signaltap_body|sld_signaltap_implb:sld_signaltap_body|sld_offload_buffer_mgr:\stp_non_zero_depth_offload_gen:stp_offload_buff_mgr_inst|lpm_shiftreg:status_data_shift_out                                                                                                            ; lpm_shiftreg                      ; work         ;
;             |sld_rom_sr:crc_rom_sr|                                                                                                     ; 30 (30)             ; 8 (8)                     ; 0           ; 0            ; 0       ; 0         ; 0    ; 0            ; |ultrasonic_ranging|sld_signaltap:auto_signaltap_0|sld_signaltap_impl:sld_signaltap_body|sld_signaltap_implb:sld_signaltap_body|sld_rom_sr:crc_rom_sr                                                                                                                                                                                                          ; sld_rom_sr                        ; work         ;
+-----------------------------------------------------------------------------------------------------------------------------------------+---------------------+---------------------------+-------------+--------------+---------+-----------+------+--------------+----------------------------------------------------------------------------------------------------------------------------------------------------------------------------------------------------------------------------------------------------------------------------------------------------------------------------------------------------------------+-----------------------------------+--------------+
Note: For table entries with two numbers listed, the numbers in parentheses indicate the number of resources of the given type used by the specific entity alone. The numbers listed outside of parentheses indicate the total resources of the given type used by the specific entity and all of its sub-entities in the hierarchy.


+-----------------------------------------------------------------------------------------------------------------------------------------------------------------------------------------------------------------------------------------------------------------------------------------------------------+
; Analysis & Synthesis RAM Summary                                                                                                                                                                                                                                                                          ;
+-------------------------------------------------------------------------------------------------------------------------------------------------------------------------------------------------------+------+------------------+--------------+--------------+--------------+--------------+------+------+
; Name                                                                                                                                                                                                  ; Type ; Mode             ; Port A Depth ; Port A Width ; Port B Depth ; Port B Width ; Size ; MIF  ;
+-------------------------------------------------------------------------------------------------------------------------------------------------------------------------------------------------------+------+------------------+--------------+--------------+--------------+--------------+------+------+
; sld_signaltap:auto_signaltap_0|sld_signaltap_impl:sld_signaltap_body|sld_signaltap_implb:sld_signaltap_body|altsyncram:\stp_non_zero_ram_gen:stp_buffer_ram|altsyncram_8524:auto_generated|ALTSYNCRAM ; AUTO ; Simple Dual Port ; 128          ; 36           ; 128          ; 36           ; 4608 ; None ;
+-------------------------------------------------------------------------------------------------------------------------------------------------------------------------------------------------------+------+------------------+--------------+--------------+--------------+--------------+------+------+


+---------------------------------------------------------------------------------------------------------------------------------------------------------------------------------------------------------------------------------------------------------------------------------------------------------------------------------------------------------------------------+
; Analysis & Synthesis IP Cores Summary                                                                                                                                                                                                                                                                                                                                     ;
+--------+--------------+---------+--------------+--------------+-----------------------------------------------------------------------------------------------------------------------------------------------------------------------------------------------------------------------------------------------------------------------------------------+-----------------+
; Vendor ; IP Core Name ; Version ; Release Date ; License Type ; Entity Instance                                                                                                                                                                                                                                                                         ; IP Include File ;
+--------+--------------+---------+--------------+--------------+-----------------------------------------------------------------------------------------------------------------------------------------------------------------------------------------------------------------------------------------------------------------------------------------+-----------------+
; Altera ; Signal Tap   ; N/A     ; N/A          ; Licensed     ; |ultrasonic_ranging|sld_hub:auto_hub|alt_sld_fab_with_jtag_input:\instrumentation_fabric_with_node_gen:fabric_gen_new_way:with_jtag_input_gen:instrumentation_fabric|alt_sld_fab:instrumentation_fabric                                                                                 ;                 ;
; Altera ; Signal Tap   ; N/A     ; N/A          ; Licensed     ; |ultrasonic_ranging|sld_hub:auto_hub|alt_sld_fab_with_jtag_input:\instrumentation_fabric_with_node_gen:fabric_gen_new_way:with_jtag_input_gen:instrumentation_fabric|alt_sld_fab:instrumentation_fabric|alt_sld_fab_alt_sld_fab:alt_sld_fab                                             ;                 ;
; Altera ; Signal Tap   ; N/A     ; N/A          ; Licensed     ; |ultrasonic_ranging|sld_hub:auto_hub|alt_sld_fab_with_jtag_input:\instrumentation_fabric_with_node_gen:fabric_gen_new_way:with_jtag_input_gen:instrumentation_fabric|alt_sld_fab:instrumentation_fabric|alt_sld_fab_alt_sld_fab:alt_sld_fab|alt_sld_fab_alt_sld_fab_presplit:presplit   ;                 ;
; Altera ; Signal Tap   ; N/A     ; N/A          ; Licensed     ; |ultrasonic_ranging|sld_hub:auto_hub|alt_sld_fab_with_jtag_input:\instrumentation_fabric_with_node_gen:fabric_gen_new_way:with_jtag_input_gen:instrumentation_fabric|alt_sld_fab:instrumentation_fabric|alt_sld_fab_alt_sld_fab:alt_sld_fab|alt_sld_fab_alt_sld_fab_sldfabric:sldfabric ;                 ;
; Altera ; Signal Tap   ; N/A     ; N/A          ; Licensed     ; |ultrasonic_ranging|sld_hub:auto_hub|alt_sld_fab_with_jtag_input:\instrumentation_fabric_with_node_gen:fabric_gen_new_way:with_jtag_input_gen:instrumentation_fabric|alt_sld_fab:instrumentation_fabric|alt_sld_fab_alt_sld_fab:alt_sld_fab|alt_sld_fab_alt_sld_fab_splitter:splitter   ;                 ;
+--------+--------------+---------+--------------+--------------+-----------------------------------------------------------------------------------------------------------------------------------------------------------------------------------------------------------------------------------------------------------------------------------------+-----------------+


+---------------------------------------------------------------------------------------------------------------------------------------------------------------------------------------------------+
; Registers Removed During Synthesis                                                                                                                                                                ;
+------------------------------------------------------------------------------------------------------------+--------------------------------------------------------------------------------------+
; Register name                                                                                              ; Reason for Removal                                                                   ;
+------------------------------------------------------------------------------------------------------------+--------------------------------------------------------------------------------------+
; seg_595_dynamic:seg_595_dynamic_inst|seg_dynamic:seg_dynamic_inst|bcd_8421:bcd_8421_inst|data_shift[0..19] ; Stuck at GND due to stuck port data_in                                               ;
; seg_595_dynamic:seg_595_dynamic_inst|seg_dynamic:seg_dynamic_inst|dot_disp                                 ; Stuck at VCC due to stuck port data_in                                               ;
; seg_595_dynamic:seg_595_dynamic_inst|seg_dynamic:seg_dynamic_inst|seg[7]                                   ; Stuck at VCC due to stuck port data_in                                               ;
; time_reg[0..4]                                                                                             ; Lost fanout                                                                          ;
; seg_595_dynamic:seg_595_dynamic_inst|seg_dynamic:seg_dynamic_inst|bcd_8421:bcd_8421_inst|shift_flag        ; Merged with seg_595_dynamic:seg_595_dynamic_inst|hc595_ctrl:hc595_ctrl_inst|cnt_4[0] ;
; seg_595_dynamic:seg_595_dynamic_inst|seg_dynamic:seg_dynamic_inst|cnt_1ms[0]                               ; Merged with seg_595_dynamic:seg_595_dynamic_inst|hc595_ctrl:hc595_ctrl_inst|cnt_4[0] ;
; seg_595_dynamic:seg_595_dynamic_inst|seg_dynamic:seg_dynamic_inst|cnt_1ms[1]                               ; Merged with seg_595_dynamic:seg_595_dynamic_inst|hc595_ctrl:hc595_ctrl_inst|cnt_4[1] ;
; Total Number of Removed Registers = 30                                                                     ;                                                                                      ;
+------------------------------------------------------------------------------------------------------------+--------------------------------------------------------------------------------------+


+-----------------------------------------------------------------------------------------------------------------------------------------------------------------------------------------------------------------------------------------------+
; Removed Registers Triggering Further Register Optimizations                                                                                                                                                                                   ;
+--------------------------------------------------------------------------------------------------------+---------------------------+----------------------------------------------------------------------------------------------------------+
; Register name                                                                                          ; Reason for Removal        ; Registers Removed due to This Register                                                                   ;
+--------------------------------------------------------------------------------------------------------+---------------------------+----------------------------------------------------------------------------------------------------------+
; seg_595_dynamic:seg_595_dynamic_inst|seg_dynamic:seg_dynamic_inst|bcd_8421:bcd_8421_inst|data_shift[0] ; Stuck at GND              ; seg_595_dynamic:seg_595_dynamic_inst|seg_dynamic:seg_dynamic_inst|bcd_8421:bcd_8421_inst|data_shift[1],  ;
;                                                                                                        ; due to stuck port data_in ; seg_595_dynamic:seg_595_dynamic_inst|seg_dynamic:seg_dynamic_inst|bcd_8421:bcd_8421_inst|data_shift[2],  ;
;                                                                                                        ;                           ; seg_595_dynamic:seg_595_dynamic_inst|seg_dynamic:seg_dynamic_inst|bcd_8421:bcd_8421_inst|data_shift[3],  ;
;                                                                                                        ;                           ; seg_595_dynamic:seg_595_dynamic_inst|seg_dynamic:seg_dynamic_inst|bcd_8421:bcd_8421_inst|data_shift[4],  ;
;                                                                                                        ;                           ; seg_595_dynamic:seg_595_dynamic_inst|seg_dynamic:seg_dynamic_inst|bcd_8421:bcd_8421_inst|data_shift[5],  ;
;                                                                                                        ;                           ; seg_595_dynamic:seg_595_dynamic_inst|seg_dynamic:seg_dynamic_inst|bcd_8421:bcd_8421_inst|data_shift[6],  ;
;                                                                                                        ;                           ; seg_595_dynamic:seg_595_dynamic_inst|seg_dynamic:seg_dynamic_inst|bcd_8421:bcd_8421_inst|data_shift[7],  ;
;                                                                                                        ;                           ; seg_595_dynamic:seg_595_dynamic_inst|seg_dynamic:seg_dynamic_inst|bcd_8421:bcd_8421_inst|data_shift[8],  ;
;                                                                                                        ;                           ; seg_595_dynamic:seg_595_dynamic_inst|seg_dynamic:seg_dynamic_inst|bcd_8421:bcd_8421_inst|data_shift[9],  ;
;                                                                                                        ;                           ; seg_595_dynamic:seg_595_dynamic_inst|seg_dynamic:seg_dynamic_inst|bcd_8421:bcd_8421_inst|data_shift[10], ;
;                                                                                                        ;                           ; seg_595_dynamic:seg_595_dynamic_inst|seg_dynamic:seg_dynamic_inst|bcd_8421:bcd_8421_inst|data_shift[11], ;
;                                                                                                        ;                           ; seg_595_dynamic:seg_595_dynamic_inst|seg_dynamic:seg_dynamic_inst|bcd_8421:bcd_8421_inst|data_shift[12], ;
;                                                                                                        ;                           ; seg_595_dynamic:seg_595_dynamic_inst|seg_dynamic:seg_dynamic_inst|bcd_8421:bcd_8421_inst|data_shift[13], ;
;                                                                                                        ;                           ; seg_595_dynamic:seg_595_dynamic_inst|seg_dynamic:seg_dynamic_inst|bcd_8421:bcd_8421_inst|data_shift[14], ;
;                                                                                                        ;                           ; seg_595_dynamic:seg_595_dynamic_inst|seg_dynamic:seg_dynamic_inst|bcd_8421:bcd_8421_inst|data_shift[15], ;
;                                                                                                        ;                           ; seg_595_dynamic:seg_595_dynamic_inst|seg_dynamic:seg_dynamic_inst|bcd_8421:bcd_8421_inst|data_shift[16], ;
;                                                                                                        ;                           ; seg_595_dynamic:seg_595_dynamic_inst|seg_dynamic:seg_dynamic_inst|bcd_8421:bcd_8421_inst|data_shift[17], ;
;                                                                                                        ;                           ; seg_595_dynamic:seg_595_dynamic_inst|seg_dynamic:seg_dynamic_inst|bcd_8421:bcd_8421_inst|data_shift[18], ;
;                                                                                                        ;                           ; seg_595_dynamic:seg_595_dynamic_inst|seg_dynamic:seg_dynamic_inst|bcd_8421:bcd_8421_inst|data_shift[19]  ;
; seg_595_dynamic:seg_595_dynamic_inst|seg_dynamic:seg_dynamic_inst|dot_disp                             ; Stuck at VCC              ; seg_595_dynamic:seg_595_dynamic_inst|seg_dynamic:seg_dynamic_inst|seg[7]                                 ;
;                                                                                                        ; due to stuck port data_in ;                                                                                                          ;
+--------------------------------------------------------------------------------------------------------+---------------------------+----------------------------------------------------------------------------------------------------------+


+------------------------------------------------------+
; General Register Statistics                          ;
+----------------------------------------------+-------+
; Statistic                                    ; Value ;
+----------------------------------------------+-------+
; Total registers                              ; 1020  ;
; Number of registers using Synchronous Clear  ; 112   ;
; Number of registers using Synchronous Load   ; 64    ;
; Number of registers using Asynchronous Clear ; 464   ;
; Number of registers using Asynchronous Load  ; 0     ;
; Number of registers using Clock Enable       ; 479   ;
; Number of registers using Preset             ; 0     ;
+----------------------------------------------+-------+


+-------------------------------------------------------------------------------------------------------------------------------------------------------------------------------------------------------------------------------------------------------------------------------------------------------------------------------------------+
; Inverted Register Statistics                                                                                                                                                                                                                                                                                                              ;
+---------------------------------------------------------------------------------------------------------------------------------------------------------------------------------------------------------------------------------------------------------------------------------------------------------------------------------+---------+
; Inverted Register                                                                                                                                                                                                                                                                                                               ; Fan out ;
+---------------------------------------------------------------------------------------------------------------------------------------------------------------------------------------------------------------------------------------------------------------------------------------------------------------------------------+---------+
; seg_595_dynamic:seg_595_dynamic_inst|seg_dynamic:seg_dynamic_inst|seg[1]                                                                                                                                                                                                                                                        ; 1       ;
; seg_595_dynamic:seg_595_dynamic_inst|seg_dynamic:seg_dynamic_inst|seg[0]                                                                                                                                                                                                                                                        ; 1       ;
; seg_595_dynamic:seg_595_dynamic_inst|seg_dynamic:seg_dynamic_inst|seg[3]                                                                                                                                                                                                                                                        ; 1       ;
; seg_595_dynamic:seg_595_dynamic_inst|seg_dynamic:seg_dynamic_inst|seg[2]                                                                                                                                                                                                                                                        ; 1       ;
; seg_595_dynamic:seg_595_dynamic_inst|seg_dynamic:seg_dynamic_inst|seg[5]                                                                                                                                                                                                                                                        ; 1       ;
; seg_595_dynamic:seg_595_dynamic_inst|seg_dynamic:seg_dynamic_inst|seg[4]                                                                                                                                                                                                                                                        ; 1       ;
; seg_595_dynamic:seg_595_dynamic_inst|seg_dynamic:seg_dynamic_inst|seg[6]                                                                                                                                                                                                                                                        ; 1       ;
; sld_hub:auto_hub|alt_sld_fab_with_jtag_input:\instrumentation_fabric_with_node_gen:fabric_gen_new_way:with_jtag_input_gen:instrumentation_fabric|alt_sld_fab:instrumentation_fabric|alt_sld_fab_alt_sld_fab:alt_sld_fab|alt_sld_fab_alt_sld_fab_sldfabric:sldfabric|sld_jtag_hub:\jtag_hub_gen:real_sld_jtag_hub|jtag_ir_reg[2] ; 2       ;
; sld_hub:auto_hub|alt_sld_fab_with_jtag_input:\instrumentation_fabric_with_node_gen:fabric_gen_new_way:with_jtag_input_gen:instrumentation_fabric|alt_sld_fab:instrumentation_fabric|alt_sld_fab_alt_sld_fab:alt_sld_fab|alt_sld_fab_alt_sld_fab_sldfabric:sldfabric|sld_jtag_hub:\jtag_hub_gen:real_sld_jtag_hub|jtag_ir_reg[1] ; 3       ;
; sld_signaltap:auto_signaltap_0|sld_signaltap_impl:sld_signaltap_body|sld_signaltap_implb:sld_signaltap_body|sld_buffer_manager:sld_buffer_manager_inst|modified_post_count[1]                                                                                                                                                   ; 1       ;
; sld_signaltap:auto_signaltap_0|sld_signaltap_impl:sld_signaltap_body|sld_signaltap_implb:sld_signaltap_body|sld_buffer_manager:sld_buffer_manager_inst|modified_post_count[2]                                                                                                                                                   ; 1       ;
; sld_signaltap:auto_signaltap_0|sld_signaltap_impl:sld_signaltap_body|sld_signaltap_implb:sld_signaltap_body|sld_buffer_manager:sld_buffer_manager_inst|modified_post_count[3]                                                                                                                                                   ; 1       ;
; sld_signaltap:auto_signaltap_0|sld_signaltap_impl:sld_signaltap_body|sld_signaltap_implb:sld_signaltap_body|sld_buffer_manager:sld_buffer_manager_inst|modified_post_count[4]                                                                                                                                                   ; 1       ;
; sld_signaltap:auto_signaltap_0|sld_signaltap_impl:sld_signaltap_body|sld_signaltap_implb:sld_signaltap_body|sld_buffer_manager:sld_buffer_manager_inst|modified_post_count[5]                                                                                                                                                   ; 1       ;
; sld_signaltap:auto_signaltap_0|sld_signaltap_impl:sld_signaltap_body|sld_signaltap_implb:sld_signaltap_body|sld_buffer_manager:sld_buffer_manager_inst|modified_post_count[6]                                                                                                                                                   ; 1       ;
; sld_signaltap:auto_signaltap_0|sld_signaltap_impl:sld_signaltap_body|sld_signaltap_implb:sld_signaltap_body|sld_buffer_manager:sld_buffer_manager_inst|modified_post_count[7]                                                                                                                                                   ; 1       ;
; sld_signaltap:auto_signaltap_0|sld_signaltap_impl:sld_signaltap_body|sld_signaltap_implb:sld_signaltap_body|sld_buffer_manager:sld_buffer_manager_inst|modified_post_count[0]                                                                                                                                                   ; 1       ;
; Total number of inverted registers = 17                                                                                                                                                                                                                                                                                         ;         ;
+---------------------------------------------------------------------------------------------------------------------------------------------------------------------------------------------------------------------------------------------------------------------------------------------------------------------------------+---------+


+-------------------------------------------------------------------------------------------------------------------------------------------------------------------------------------------------------------------------------------------+
; Multiplexer Restructuring Statistics (Restructuring Performed)                                                                                                                                                                            ;
+--------------------+-----------+---------------+----------------------+------------------------+------------+-----------------------------------------------------------------------------------------------------------------------------+
; Multiplexer Inputs ; Bus Width ; Baseline Area ; Area if Restructured ; Saving if Restructured ; Registered ; Example Multiplexer Output                                                                                                  ;
+--------------------+-----------+---------------+----------------------+------------------------+------------+-----------------------------------------------------------------------------------------------------------------------------+
; 3:1                ; 4 bits    ; 8 LEs         ; 4 LEs                ; 4 LEs                  ; Yes        ; |ultrasonic_ranging|seg_595_dynamic:seg_595_dynamic_inst|hc595_ctrl:hc595_ctrl_inst|cnt_bit[1]                              ;
; 3:1                ; 5 bits    ; 10 LEs        ; 5 LEs                ; 5 LEs                  ; Yes        ; |ultrasonic_ranging|seg_595_dynamic:seg_595_dynamic_inst|seg_dynamic:seg_dynamic_inst|sel_reg[1]                            ;
; 8:1                ; 4 bits    ; 20 LEs        ; 16 LEs               ; 4 LEs                  ; Yes        ; |ultrasonic_ranging|seg_595_dynamic:seg_595_dynamic_inst|seg_dynamic:seg_dynamic_inst|data_disp[1]                          ;
; 4:1                ; 4 bits    ; 8 LEs         ; 8 LEs                ; 0 LEs                  ; Yes        ; |ultrasonic_ranging|seg_595_dynamic:seg_595_dynamic_inst|seg_dynamic:seg_dynamic_inst|bcd_8421:bcd_8421_inst|data_shift[43] ;
; 4:1                ; 4 bits    ; 8 LEs         ; 8 LEs                ; 0 LEs                  ; Yes        ; |ultrasonic_ranging|seg_595_dynamic:seg_595_dynamic_inst|seg_dynamic:seg_dynamic_inst|bcd_8421:bcd_8421_inst|data_shift[38] ;
; 4:1                ; 4 bits    ; 8 LEs         ; 8 LEs                ; 0 LEs                  ; Yes        ; |ultrasonic_ranging|seg_595_dynamic:seg_595_dynamic_inst|seg_dynamic:seg_dynamic_inst|bcd_8421:bcd_8421_inst|data_shift[35] ;
; 4:1                ; 4 bits    ; 8 LEs         ; 8 LEs                ; 0 LEs                  ; Yes        ; |ultrasonic_ranging|seg_595_dynamic:seg_595_dynamic_inst|seg_dynamic:seg_dynamic_inst|bcd_8421:bcd_8421_inst|data_shift[31] ;
; 4:1                ; 4 bits    ; 8 LEs         ; 8 LEs                ; 0 LEs                  ; Yes        ; |ultrasonic_ranging|seg_595_dynamic:seg_595_dynamic_inst|seg_dynamic:seg_dynamic_inst|bcd_8421:bcd_8421_inst|data_shift[24] ;
; 4:1                ; 3 bits    ; 6 LEs         ; 6 LEs                ; 0 LEs                  ; Yes        ; |ultrasonic_ranging|seg_595_dynamic:seg_595_dynamic_inst|seg_dynamic:seg_dynamic_inst|bcd_8421:bcd_8421_inst|data_shift[23] ;
; 8:1                ; 32 bits   ; 160 LEs       ; 32 LEs               ; 128 LEs                ; Yes        ; |ultrasonic_ranging|delay[14]                                                                                               ;
+--------------------+-----------+---------------+----------------------+------------------------+------------+-----------------------------------------------------------------------------------------------------------------------------+


+-------------------------------------------------------+
; Source assignments for sld_signaltap:auto_signaltap_0 ;
+-----------------+-------+------+----------------------+
; Assignment      ; Value ; From ; To                   ;
+-----------------+-------+------+----------------------+
; MESSAGE_DISABLE ; 13410 ; -    ; -                    ;
+-----------------+-------+------+----------------------+


+------------------------------------------------------------------------------------+
; Parameter Settings for User Entity Instance: Top-level Entity: |ultrasonic_ranging ;
+----------------+-------+-----------------------------------------------------------+
; Parameter Name ; Value ; Type                                                      ;
+----------------+-------+-----------------------------------------------------------+
; DATA_WIDTH     ; 112   ; Signed Integer                                            ;
; MSB_FIRST      ; 0     ; Signed Integer                                            ;
+----------------+-------+-----------------------------------------------------------+
Note: In order to hide this table in the UI and the text report file, please set the "Show Parameter Settings in Synthesis Report" option in "Analysis and Synthesis Settings -> More Settings" to "Off".


+----------------------------------------------------------------------------------------------------------------+
; Parameter Settings for User Entity Instance: seg_595_dynamic:seg_595_dynamic_inst|seg_dynamic:seg_dynamic_inst ;
+----------------+------------------+----------------------------------------------------------------------------+
; Parameter Name ; Value            ; Type                                                                       ;
+----------------+------------------+----------------------------------------------------------------------------+
; CNT_MAX        ; 1100001101001111 ; Unsigned Binary                                                            ;
+----------------+------------------+----------------------------------------------------------------------------+
Note: In order to hide this table in the UI and the text report file, please set the "Show Parameter Settings in Synthesis Report" option in "Analysis and Synthesis Settings -> More Settings" to "Off".


+------------------------------------------------------------------------------------------------------------------------------------------------------------------------------------------------------+
; Parameter Settings for Inferred Entity Instance: sld_signaltap:auto_signaltap_0                                                                                                                      ;
+-------------------------------------------------+-----------------------------------------------------------------------------------------------------------------------------------+----------------+
; Parameter Name                                  ; Value                                                                                                                             ; Type           ;
+-------------------------------------------------+-----------------------------------------------------------------------------------------------------------------------------------+----------------+
; lpm_type                                        ; sld_signaltap                                                                                                                     ; String         ;
; sld_node_info                                   ; 805334528                                                                                                                         ; Untyped        ;
; SLD_SECTION_ID                                  ; hdl_signaltap_0                                                                                                                   ; String         ;
; SLD_IP_VERSION                                  ; 6                                                                                                                                 ; Signed Integer ;
; SLD_IP_MINOR_VERSION                            ; 0                                                                                                                                 ; Signed Integer ;
; SLD_COMMON_IP_VERSION                           ; 0                                                                                                                                 ; Signed Integer ;
; sld_data_bits                                   ; 36                                                                                                                                ; Untyped        ;
; sld_trigger_bits                                ; 36                                                                                                                                ; Untyped        ;
; SLD_NODE_CRC_BITS                               ; 32                                                                                                                                ; Signed Integer ;
; SLD_NODE_CRC_HIWORD                             ; 41394                                                                                                                             ; Signed Integer ;
; SLD_NODE_CRC_LOWORD                             ; 50132                                                                                                                             ; Signed Integer ;
; sld_incremental_routing                         ; 1                                                                                                                                 ; Untyped        ;
; sld_sample_depth                                ; 128                                                                                                                               ; Untyped        ;
; sld_segment_size                                ; 128                                                                                                                               ; Untyped        ;
; sld_ram_block_type                              ; AUTO                                                                                                                              ; Untyped        ;
; sld_state_bits                                  ; 11                                                                                                                                ; Untyped        ;
; sld_buffer_full_stop                            ; 1                                                                                                                                 ; Untyped        ;
; SLD_MEM_ADDRESS_BITS                            ; 7                                                                                                                                 ; Signed Integer ;
; SLD_DATA_BIT_CNTR_BITS                          ; 4                                                                                                                                 ; Signed Integer ;
; sld_trigger_level                               ; 1                                                                                                                                 ; Untyped        ;
; sld_trigger_in_enabled                          ; 0                                                                                                                                 ; Untyped        ;
; SLD_HPS_TRIGGER_IN_ENABLED                      ; 0                                                                                                                                 ; Signed Integer ;
; SLD_HPS_TRIGGER_OUT_ENABLED                     ; 0                                                                                                                                 ; Signed Integer ;
; SLD_HPS_EVENT_ENABLED                           ; 0                                                                                                                                 ; Signed Integer ;
; SLD_HPS_EVENT_ID                                ; 0                                                                                                                                 ; Signed Integer ;
; sld_advanced_trigger_entity                     ; basic,1,                                                                                                                          ; Untyped        ;
; sld_trigger_level_pipeline                      ; 1                                                                                                                                 ; Untyped        ;
; sld_trigger_pipeline                            ; 0                                                                                                                                 ; Untyped        ;
; sld_ram_pipeline                                ; 0                                                                                                                                 ; Untyped        ;
; sld_counter_pipeline                            ; 0                                                                                                                                 ; Untyped        ;
; sld_enable_advanced_trigger                     ; 0                                                                                                                                 ; Untyped        ;
; SLD_ADVANCED_TRIGGER_1                          ; NONE                                                                                                                              ; String         ;
; SLD_ADVANCED_TRIGGER_2                          ; NONE                                                                                                                              ; String         ;
; SLD_ADVANCED_TRIGGER_3                          ; NONE                                                                                                                              ; String         ;
; SLD_ADVANCED_TRIGGER_4                          ; NONE                                                                                                                              ; String         ;
; SLD_ADVANCED_TRIGGER_5                          ; NONE                                                                                                                              ; String         ;
; SLD_ADVANCED_TRIGGER_6                          ; NONE                                                                                                                              ; String         ;
; SLD_ADVANCED_TRIGGER_7                          ; NONE                                                                                                                              ; String         ;
; SLD_ADVANCED_TRIGGER_8                          ; NONE                                                                                                                              ; String         ;
; SLD_ADVANCED_TRIGGER_9                          ; NONE                                                                                                                              ; String         ;
; SLD_ADVANCED_TRIGGER_10                         ; NONE                                                                                                                              ; String         ;
; sld_inversion_mask_length                       ; 129                                                                                                                               ; Untyped        ;
; sld_inversion_mask                              ; 000000000000000000000000000000000000000000000000000000000000000000000000000000000000000000000000000000000000000000000000000000000 ; Untyped        ;
; sld_power_up_trigger                            ; 0                                                                                                                                 ; Untyped        ;
; SLD_STATE_FLOW_MGR_ENTITY                       ; state_flow_mgr_entity.vhd                                                                                                         ; String         ;
; sld_state_flow_use_generated                    ; 0                                                                                                                                 ; Untyped        ;
; sld_current_resource_width                      ; 1                                                                                                                                 ; Untyped        ;
; sld_attribute_mem_mode                          ; OFF                                                                                                                               ; Untyped        ;
; sld_storage_qualifier_bits                      ; 36                                                                                                                                ; Untyped        ;
; SLD_STORAGE_QUALIFIER_GAP_RECORD                ; 0                                                                                                                                 ; Signed Integer ;
; SLD_STORAGE_QUALIFIER_MODE                      ; OFF                                                                                                                               ; String         ;
; SLD_STORAGE_QUALIFIER_ENABLE_ADVANCED_CONDITION ; 0                                                                                                                                 ; Signed Integer ;
; sld_storage_qualifier_inversion_mask_length     ; 0                                                                                                                                 ; Untyped        ;
; SLD_STORAGE_QUALIFIER_ADVANCED_CONDITION_ENTITY ; basic                                                                                                                             ; String         ;
; SLD_STORAGE_QUALIFIER_PIPELINE                  ; 0                                                                                                                                 ; Signed Integer ;
; SLD_CREATE_MONITOR_INTERFACE                    ; 0                                                                                                                                 ; Signed Integer ;
; SLD_USE_JTAG_SIGNAL_ADAPTER                     ; 1                                                                                                                                 ; Signed Integer ;
+-------------------------------------------------+-----------------------------------------------------------------------------------------------------------------------------------+----------------+
Note: In order to hide this table in the UI and the text report file, please set the "Show Parameter Settings in Synthesis Report" option in "Analysis and Synthesis Settings -> More Settings" to "Off".


+----------------------------------------------------------------------------------------------------------------------------------------------------------------------------+
; Port Connectivity Checks: "seg_595_dynamic:seg_595_dynamic_inst"                                                                                                           ;
+--------+-------+----------+------------------------------------------------------------------------------------------------------------------------------------------------+
; Port   ; Type  ; Severity ; Details                                                                                                                                        ;
+--------+-------+----------+------------------------------------------------------------------------------------------------------------------------------------------------+
; data   ; Input ; Warning  ; Input port expression (1 bits) is smaller than the input port (20 bits) it drives.  Extra input bit(s) "data[19..1]" will be connected to GND. ;
; point  ; Input ; Info     ; Stuck at GND                                                                                                                                   ;
; seg_en ; Input ; Info     ; Stuck at VCC                                                                                                                                   ;
; sign   ; Input ; Info     ; Stuck at GND                                                                                                                                   ;
+--------+-------+----------+------------------------------------------------------------------------------------------------------------------------------------------------+


+---------------------------------------------------------------------------------------------------------------------+
; Port Connectivity Checks: "key_debounce:u1_key_debounce"                                                            ;
+-----------+--------+----------+-------------------------------------------------------------------------------------+
; Port      ; Type   ; Severity ; Details                                                                             ;
+-----------+--------+----------+-------------------------------------------------------------------------------------+
; key_flag  ; Output ; Info     ; Connected to dangling logic. Logic that only feeds a dangling port will be removed. ;
; key_value ; Output ; Info     ; Connected to dangling logic. Logic that only feeds a dangling port will be removed. ;
+-----------+--------+----------+-------------------------------------------------------------------------------------+


+---------------------------------------------------------------------------------------------------------------------+
; Port Connectivity Checks: "key_debounce:u0_key_debounce"                                                            ;
+-----------+--------+----------+-------------------------------------------------------------------------------------+
; Port      ; Type   ; Severity ; Details                                                                             ;
+-----------+--------+----------+-------------------------------------------------------------------------------------+
; key_flag  ; Output ; Info     ; Connected to dangling logic. Logic that only feeds a dangling port will be removed. ;
; key_value ; Output ; Info     ; Connected to dangling logic. Logic that only feeds a dangling port will be removed. ;
+-----------+--------+----------+-------------------------------------------------------------------------------------+


+-------------------------------------------------------------------------------------------------------------------------------------------------------------------------------------------------------------------------------------------------------------------------+
; Signal Tap Logic Analyzer Settings                                                                                                                                                                                                                                      ;
+----------------+------------------+---------------------+------------------+--------------+----------+------------------------+----------------------+--------------------+-----------------------------+-----------------+------------------+--------------------------+
; Instance Index ; Instance Name    ; Trigger Input Width ; Data Input Width ; Sample Depth ; Segments ; Storage Qualifier Type ; Trigger Flow Control ; Trigger Conditions ; Advanced Trigger Conditions ; Trigger In Used ; Trigger Out Used ; Power-Up Trigger Enabled ;
+----------------+------------------+---------------------+------------------+--------------+----------+------------------------+----------------------+--------------------+-----------------------------+-----------------+------------------+--------------------------+
; 0              ; auto_signaltap_0 ; 36                  ; 36               ; 128          ; 1        ; continuous             ; sequential           ; 1                  ; 0                           ; no              ; no               ; no                       ;
+----------------+------------------+---------------------+------------------+--------------+----------+------------------------+----------------------+--------------------+-----------------------------+-----------------+------------------+--------------------------+


+-----------------------------------------------------+
; Post-Synthesis Netlist Statistics for Top Partition ;
+-----------------------+-----------------------------+
; Type                  ; Count                       ;
+-----------------------+-----------------------------+
; boundary_port         ; 46                          ;
; cycloneiii_ff         ; 224                         ;
;     CLR               ; 88                          ;
;     ENA CLR           ; 71                          ;
;     ENA CLR SCLR      ; 32                          ;
;     SCLR              ; 32                          ;
;     plain             ; 1                           ;
; cycloneiii_lcell_comb ; 261                         ;
;     arith             ; 80                          ;
;         2 data inputs ; 78                          ;
;         3 data inputs ; 2                           ;
;     normal            ; 181                         ;
;         0 data inputs ; 1                           ;
;         1 data inputs ; 7                           ;
;         2 data inputs ; 15                          ;
;         3 data inputs ; 29                          ;
;         4 data inputs ; 129                         ;
;                       ;                             ;
; Max LUT depth         ; 5.00                        ;
; Average LUT depth     ; 3.11                        ;
+-----------------------+-----------------------------+


+-------------------------------+
; Elapsed Time Per Partition    ;
+----------------+--------------+
; Partition Name ; Elapsed Time ;
+----------------+--------------+
; Top            ; 00:00:00     ;
+----------------+--------------+


+-------------------------------------------------------------------------------------------------------------------------------------------------------+
; Connections to In-System Debugging Instance "auto_signaltap_0"                                                                                        ;
+----------------------+---------------+-----------+--------------------------------+-------------------+-------------------------------------+---------+
; Name                 ; Type          ; Status    ; Partition Name                 ; Netlist Type Used ; Actual Connection                   ; Details ;
+----------------------+---------------+-----------+--------------------------------+-------------------+-------------------------------------+---------+
; delay[0]             ; pre-synthesis ; connected ; Top                            ; post-synthesis    ; delay[0]                            ; N/A     ;
; delay[0]             ; pre-synthesis ; connected ; Top                            ; post-synthesis    ; delay[0]                            ; N/A     ;
; delay[10]            ; pre-synthesis ; connected ; Top                            ; post-synthesis    ; delay[10]                           ; N/A     ;
; delay[10]            ; pre-synthesis ; connected ; Top                            ; post-synthesis    ; delay[10]                           ; N/A     ;
; delay[11]            ; pre-synthesis ; connected ; Top                            ; post-synthesis    ; delay[11]                           ; N/A     ;
; delay[11]            ; pre-synthesis ; connected ; Top                            ; post-synthesis    ; delay[11]                           ; N/A     ;
; delay[12]            ; pre-synthesis ; connected ; Top                            ; post-synthesis    ; delay[12]                           ; N/A     ;
; delay[12]            ; pre-synthesis ; connected ; Top                            ; post-synthesis    ; delay[12]                           ; N/A     ;
; delay[13]            ; pre-synthesis ; connected ; Top                            ; post-synthesis    ; delay[13]                           ; N/A     ;
; delay[13]            ; pre-synthesis ; connected ; Top                            ; post-synthesis    ; delay[13]                           ; N/A     ;
; delay[14]            ; pre-synthesis ; connected ; Top                            ; post-synthesis    ; delay[14]                           ; N/A     ;
; delay[14]            ; pre-synthesis ; connected ; Top                            ; post-synthesis    ; delay[14]                           ; N/A     ;
; delay[15]            ; pre-synthesis ; connected ; Top                            ; post-synthesis    ; delay[15]                           ; N/A     ;
; delay[15]            ; pre-synthesis ; connected ; Top                            ; post-synthesis    ; delay[15]                           ; N/A     ;
; delay[16]            ; pre-synthesis ; connected ; Top                            ; post-synthesis    ; delay[16]                           ; N/A     ;
; delay[16]            ; pre-synthesis ; connected ; Top                            ; post-synthesis    ; delay[16]                           ; N/A     ;
; delay[17]            ; pre-synthesis ; connected ; Top                            ; post-synthesis    ; delay[17]                           ; N/A     ;
; delay[17]            ; pre-synthesis ; connected ; Top                            ; post-synthesis    ; delay[17]                           ; N/A     ;
; delay[18]            ; pre-synthesis ; connected ; Top                            ; post-synthesis    ; delay[18]                           ; N/A     ;
; delay[18]            ; pre-synthesis ; connected ; Top                            ; post-synthesis    ; delay[18]                           ; N/A     ;
; delay[19]            ; pre-synthesis ; connected ; Top                            ; post-synthesis    ; delay[19]                           ; N/A     ;
; delay[19]            ; pre-synthesis ; connected ; Top                            ; post-synthesis    ; delay[19]                           ; N/A     ;
; delay[1]             ; pre-synthesis ; connected ; Top                            ; post-synthesis    ; delay[1]                            ; N/A     ;
; delay[1]             ; pre-synthesis ; connected ; Top                            ; post-synthesis    ; delay[1]                            ; N/A     ;
; delay[20]            ; pre-synthesis ; connected ; Top                            ; post-synthesis    ; delay[20]                           ; N/A     ;
; delay[20]            ; pre-synthesis ; connected ; Top                            ; post-synthesis    ; delay[20]                           ; N/A     ;
; delay[21]            ; pre-synthesis ; connected ; Top                            ; post-synthesis    ; delay[21]                           ; N/A     ;
; delay[21]            ; pre-synthesis ; connected ; Top                            ; post-synthesis    ; delay[21]                           ; N/A     ;
; delay[22]            ; pre-synthesis ; connected ; Top                            ; post-synthesis    ; delay[22]                           ; N/A     ;
; delay[22]            ; pre-synthesis ; connected ; Top                            ; post-synthesis    ; delay[22]                           ; N/A     ;
; delay[23]            ; pre-synthesis ; connected ; Top                            ; post-synthesis    ; delay[23]                           ; N/A     ;
; delay[23]            ; pre-synthesis ; connected ; Top                            ; post-synthesis    ; delay[23]                           ; N/A     ;
; delay[24]            ; pre-synthesis ; connected ; Top                            ; post-synthesis    ; delay[24]                           ; N/A     ;
; delay[24]            ; pre-synthesis ; connected ; Top                            ; post-synthesis    ; delay[24]                           ; N/A     ;
; delay[25]            ; pre-synthesis ; connected ; Top                            ; post-synthesis    ; delay[25]                           ; N/A     ;
; delay[25]            ; pre-synthesis ; connected ; Top                            ; post-synthesis    ; delay[25]                           ; N/A     ;
; delay[26]            ; pre-synthesis ; connected ; Top                            ; post-synthesis    ; delay[26]                           ; N/A     ;
; delay[26]            ; pre-synthesis ; connected ; Top                            ; post-synthesis    ; delay[26]                           ; N/A     ;
; delay[27]            ; pre-synthesis ; connected ; Top                            ; post-synthesis    ; delay[27]                           ; N/A     ;
; delay[27]            ; pre-synthesis ; connected ; Top                            ; post-synthesis    ; delay[27]                           ; N/A     ;
; delay[28]            ; pre-synthesis ; connected ; Top                            ; post-synthesis    ; delay[28]                           ; N/A     ;
; delay[28]            ; pre-synthesis ; connected ; Top                            ; post-synthesis    ; delay[28]                           ; N/A     ;
; delay[29]            ; pre-synthesis ; connected ; Top                            ; post-synthesis    ; delay[29]                           ; N/A     ;
; delay[29]            ; pre-synthesis ; connected ; Top                            ; post-synthesis    ; delay[29]                           ; N/A     ;
; delay[2]             ; pre-synthesis ; connected ; Top                            ; post-synthesis    ; delay[2]                            ; N/A     ;
; delay[2]             ; pre-synthesis ; connected ; Top                            ; post-synthesis    ; delay[2]                            ; N/A     ;
; delay[30]            ; pre-synthesis ; connected ; Top                            ; post-synthesis    ; delay[30]                           ; N/A     ;
; delay[30]            ; pre-synthesis ; connected ; Top                            ; post-synthesis    ; delay[30]                           ; N/A     ;
; delay[31]            ; pre-synthesis ; connected ; Top                            ; post-synthesis    ; delay[31]                           ; N/A     ;
; delay[31]            ; pre-synthesis ; connected ; Top                            ; post-synthesis    ; delay[31]                           ; N/A     ;
; delay[3]             ; pre-synthesis ; connected ; Top                            ; post-synthesis    ; delay[3]                            ; N/A     ;
; delay[3]             ; pre-synthesis ; connected ; Top                            ; post-synthesis    ; delay[3]                            ; N/A     ;
; delay[4]             ; pre-synthesis ; connected ; Top                            ; post-synthesis    ; delay[4]                            ; N/A     ;
; delay[4]             ; pre-synthesis ; connected ; Top                            ; post-synthesis    ; delay[4]                            ; N/A     ;
; delay[5]             ; pre-synthesis ; connected ; Top                            ; post-synthesis    ; delay[5]                            ; N/A     ;
; delay[5]             ; pre-synthesis ; connected ; Top                            ; post-synthesis    ; delay[5]                            ; N/A     ;
; delay[6]             ; pre-synthesis ; connected ; Top                            ; post-synthesis    ; delay[6]                            ; N/A     ;
; delay[6]             ; pre-synthesis ; connected ; Top                            ; post-synthesis    ; delay[6]                            ; N/A     ;
; delay[7]             ; pre-synthesis ; connected ; Top                            ; post-synthesis    ; delay[7]                            ; N/A     ;
; delay[7]             ; pre-synthesis ; connected ; Top                            ; post-synthesis    ; delay[7]                            ; N/A     ;
; delay[8]             ; pre-synthesis ; connected ; Top                            ; post-synthesis    ; delay[8]                            ; N/A     ;
; delay[8]             ; pre-synthesis ; connected ; Top                            ; post-synthesis    ; delay[8]                            ; N/A     ;
; delay[9]             ; pre-synthesis ; connected ; Top                            ; post-synthesis    ; delay[9]                            ; N/A     ;
; delay[9]             ; pre-synthesis ; connected ; Top                            ; post-synthesis    ; delay[9]                            ; N/A     ;
; echo                 ; pre-synthesis ; connected ; Top                            ; post-synthesis    ; echo                                ; N/A     ;
; echo                 ; pre-synthesis ; connected ; Top                            ; post-synthesis    ; echo                                ; N/A     ;
; status[0]            ; pre-synthesis ; connected ; Top                            ; post-synthesis    ; status[0]                           ; N/A     ;
; status[0]            ; pre-synthesis ; connected ; Top                            ; post-synthesis    ; status[0]                           ; N/A     ;
; status[1]            ; pre-synthesis ; connected ; Top                            ; post-synthesis    ; status[1]                           ; N/A     ;
; status[1]            ; pre-synthesis ; connected ; Top                            ; post-synthesis    ; status[1]                           ; N/A     ;
; sys_clk              ; pre-synthesis ; connected ; Top                            ; post-synthesis    ; sys_clk                             ; N/A     ;
; trig                 ; pre-synthesis ; connected ; Top                            ; post-synthesis    ; trig~reg0                           ; N/A     ;
; trig                 ; pre-synthesis ; connected ; Top                            ; post-synthesis    ; trig~reg0                           ; N/A     ;
; auto_signaltap_0|gnd ; post-fitting  ; connected ; sld_signaltap:auto_signaltap_0 ; post-synthesis    ; sld_signaltap:auto_signaltap_0|~GND ; N/A     ;
; auto_signaltap_0|gnd ; post-fitting  ; connected ; sld_signaltap:auto_signaltap_0 ; post-synthesis    ; sld_signaltap:auto_signaltap_0|~GND ; N/A     ;
; auto_signaltap_0|gnd ; post-fitting  ; connected ; sld_signaltap:auto_signaltap_0 ; post-synthesis    ; sld_signaltap:auto_signaltap_0|~GND ; N/A     ;
; auto_signaltap_0|gnd ; post-fitting  ; connected ; sld_signaltap:auto_signaltap_0 ; post-synthesis    ; sld_signaltap:auto_signaltap_0|~GND ; N/A     ;
; auto_signaltap_0|gnd ; post-fitting  ; connected ; sld_signaltap:auto_signaltap_0 ; post-synthesis    ; sld_signaltap:auto_signaltap_0|~GND ; N/A     ;
; auto_signaltap_0|gnd ; post-fitting  ; connected ; sld_signaltap:auto_signaltap_0 ; post-synthesis    ; sld_signaltap:auto_signaltap_0|~GND ; N/A     ;
; auto_signaltap_0|gnd ; post-fitting  ; connected ; sld_signaltap:auto_signaltap_0 ; post-synthesis    ; sld_signaltap:auto_signaltap_0|~GND ; N/A     ;
; auto_signaltap_0|gnd ; post-fitting  ; connected ; sld_signaltap:auto_signaltap_0 ; post-synthesis    ; sld_signaltap:auto_signaltap_0|~GND ; N/A     ;
; auto_signaltap_0|gnd ; post-fitting  ; connected ; sld_signaltap:auto_signaltap_0 ; post-synthesis    ; sld_signaltap:auto_signaltap_0|~GND ; N/A     ;
; auto_signaltap_0|gnd ; post-fitting  ; connected ; sld_signaltap:auto_signaltap_0 ; post-synthesis    ; sld_signaltap:auto_signaltap_0|~GND ; N/A     ;
; auto_signaltap_0|gnd ; post-fitting  ; connected ; sld_signaltap:auto_signaltap_0 ; post-synthesis    ; sld_signaltap:auto_signaltap_0|~GND ; N/A     ;
; auto_signaltap_0|gnd ; post-fitting  ; connected ; sld_signaltap:auto_signaltap_0 ; post-synthesis    ; sld_signaltap:auto_signaltap_0|~GND ; N/A     ;
; auto_signaltap_0|gnd ; post-fitting  ; connected ; sld_signaltap:auto_signaltap_0 ; post-synthesis    ; sld_signaltap:auto_signaltap_0|~GND ; N/A     ;
; auto_signaltap_0|gnd ; post-fitting  ; connected ; sld_signaltap:auto_signaltap_0 ; post-synthesis    ; sld_signaltap:auto_signaltap_0|~GND ; N/A     ;
; auto_signaltap_0|vcc ; post-fitting  ; connected ; sld_signaltap:auto_signaltap_0 ; post-synthesis    ; sld_signaltap:auto_signaltap_0|~VCC ; N/A     ;
; auto_signaltap_0|vcc ; post-fitting  ; connected ; sld_signaltap:auto_signaltap_0 ; post-synthesis    ; sld_signaltap:auto_signaltap_0|~VCC ; N/A     ;
; auto_signaltap_0|vcc ; post-fitting  ; connected ; sld_signaltap:auto_signaltap_0 ; post-synthesis    ; sld_signaltap:auto_signaltap_0|~VCC ; N/A     ;
; auto_signaltap_0|vcc ; post-fitting  ; connected ; sld_signaltap:auto_signaltap_0 ; post-synthesis    ; sld_signaltap:auto_signaltap_0|~VCC ; N/A     ;
; auto_signaltap_0|vcc ; post-fitting  ; connected ; sld_signaltap:auto_signaltap_0 ; post-synthesis    ; sld_signaltap:auto_signaltap_0|~VCC ; N/A     ;
; auto_signaltap_0|vcc ; post-fitting  ; connected ; sld_signaltap:auto_signaltap_0 ; post-synthesis    ; sld_signaltap:auto_signaltap_0|~VCC ; N/A     ;
; auto_signaltap_0|vcc ; post-fitting  ; connected ; sld_signaltap:auto_signaltap_0 ; post-synthesis    ; sld_signaltap:auto_signaltap_0|~VCC ; N/A     ;
; auto_signaltap_0|vcc ; post-fitting  ; connected ; sld_signaltap:auto_signaltap_0 ; post-synthesis    ; sld_signaltap:auto_signaltap_0|~VCC ; N/A     ;
; auto_signaltap_0|vcc ; post-fitting  ; connected ; sld_signaltap:auto_signaltap_0 ; post-synthesis    ; sld_signaltap:auto_signaltap_0|~VCC ; N/A     ;
; auto_signaltap_0|vcc ; post-fitting  ; connected ; sld_signaltap:auto_signaltap_0 ; post-synthesis    ; sld_signaltap:auto_signaltap_0|~VCC ; N/A     ;
; auto_signaltap_0|vcc ; post-fitting  ; connected ; sld_signaltap:auto_signaltap_0 ; post-synthesis    ; sld_signaltap:auto_signaltap_0|~VCC ; N/A     ;
; auto_signaltap_0|vcc ; post-fitting  ; connected ; sld_signaltap:auto_signaltap_0 ; post-synthesis    ; sld_signaltap:auto_signaltap_0|~VCC ; N/A     ;
; auto_signaltap_0|vcc ; post-fitting  ; connected ; sld_signaltap:auto_signaltap_0 ; post-synthesis    ; sld_signaltap:auto_signaltap_0|~VCC ; N/A     ;
; auto_signaltap_0|vcc ; post-fitting  ; connected ; sld_signaltap:auto_signaltap_0 ; post-synthesis    ; sld_signaltap:auto_signaltap_0|~VCC ; N/A     ;
; auto_signaltap_0|vcc ; post-fitting  ; connected ; sld_signaltap:auto_signaltap_0 ; post-synthesis    ; sld_signaltap:auto_signaltap_0|~VCC ; N/A     ;
; auto_signaltap_0|vcc ; post-fitting  ; connected ; sld_signaltap:auto_signaltap_0 ; post-synthesis    ; sld_signaltap:auto_signaltap_0|~VCC ; N/A     ;
; auto_signaltap_0|vcc ; post-fitting  ; connected ; sld_signaltap:auto_signaltap_0 ; post-synthesis    ; sld_signaltap:auto_signaltap_0|~VCC ; N/A     ;
; auto_signaltap_0|vcc ; post-fitting  ; connected ; sld_signaltap:auto_signaltap_0 ; post-synthesis    ; sld_signaltap:auto_signaltap_0|~VCC ; N/A     ;
+----------------------+---------------+-----------+--------------------------------+-------------------+-------------------------------------+---------+


+-------------------------------+
; Analysis & Synthesis Messages ;
+-------------------------------+
Info: *******************************************************************
Info: Running Quartus Prime Analysis & Synthesis
    Info: Version 18.1.0 Build 625 09/12/2018 SJ Lite Edition
    Info: Processing started: Sat Dec 20 16:54:30 2025
Info: Command: quartus_map --read_settings_files=on --write_settings_files=off ultrasonic_ranging -c ultrasonic_ranging
Warning (18236): Number of processors has not been specified which may cause overloading on shared machines.  Set the global assignment NUM_PARALLEL_PROCESSORS in your QSF to an appropriate value for best performance.
Info (20030): Parallel compilation is enabled and will use 14 of the 14 processors detected
Info (12021): Found 1 design units, including 1 entities, in source file ultrasonic_ranging.v
    Info (12023): Found entity 1: ultrasonic_ranging File: D:/Money/FPGA/2025/51/Project/ultrasonic_ranging.v Line: 1
Info (12021): Found 1 design units, including 1 entities, in source file key_debounce.v
    Info (12023): Found entity 1: key_debounce File: D:/Money/FPGA/2025/51/Project/key_debounce.v Line: 2
Info (12021): Found 1 design units, including 1 entities, in source file seg_595_dynamic.v
    Info (12023): Found entity 1: seg_595_dynamic File: D:/Money/FPGA/2025/51/Project/seg_595_dynamic.v Line: 2
Info (12021): Found 1 design units, including 1 entities, in source file hc595_ctrl.v
    Info (12023): Found entity 1: hc595_ctrl File: D:/Money/FPGA/2025/51/Project/hc595_ctrl.v Line: 1
Info (12021): Found 1 design units, including 1 entities, in source file seg_dynamic.v
    Info (12023): Found entity 1: seg_dynamic File: D:/Money/FPGA/2025/51/Project/seg_dynamic.v Line: 2
Info (12021): Found 1 design units, including 1 entities, in source file bcd_8421.v
    Info (12023): Found entity 1: bcd_8421 File: D:/Money/FPGA/2025/51/Project/bcd_8421.v Line: 2
Warning (10236): Verilog HDL Implicit Net warning at ultrasonic_ranging.v(84): created implicit net for "data" File: D:/Money/FPGA/2025/51/Project/ultrasonic_ranging.v Line: 84
Info (12127): Elaborating entity "ultrasonic_ranging" for the top level hierarchy
Warning (10034): Output port "led0" at ultrasonic_ranging.v(8) has no driver File: D:/Money/FPGA/2025/51/Project/ultrasonic_ranging.v Line: 8
Info (12128): Elaborating entity "key_debounce" for hierarchy "key_debounce:u0_key_debounce" File: D:/Money/FPGA/2025/51/Project/ultrasonic_ranging.v Line: 33
Info (12128): Elaborating entity "seg_595_dynamic" for hierarchy "seg_595_dynamic:seg_595_dynamic_inst" File: D:/Money/FPGA/2025/51/Project/ultrasonic_ranging.v Line: 93
Info (12128): Elaborating entity "seg_dynamic" for hierarchy "seg_595_dynamic:seg_595_dynamic_inst|seg_dynamic:seg_dynamic_inst" File: D:/Money/FPGA/2025/51/Project/seg_595_dynamic.v Line: 41
Info (12128): Elaborating entity "bcd_8421" for hierarchy "seg_595_dynamic:seg_595_dynamic_inst|seg_dynamic:seg_dynamic_inst|bcd_8421:bcd_8421_inst" File: D:/Money/FPGA/2025/51/Project/seg_dynamic.v Line: 201
Info (12128): Elaborating entity "hc595_ctrl" for hierarchy "seg_595_dynamic:seg_595_dynamic_inst|hc595_ctrl:hc595_ctrl_inst" File: D:/Money/FPGA/2025/51/Project/seg_595_dynamic.v Line: 56
Info (12021): Found 1 design units, including 1 entities, in source file db/altsyncram_8524.tdf
    Info (12023): Found entity 1: altsyncram_8524 File: D:/Money/FPGA/2025/51/Project/db/altsyncram_8524.tdf Line: 27
Info (12021): Found 1 design units, including 1 entities, in source file db/mux_ssc.tdf
    Info (12023): Found entity 1: mux_ssc File: D:/Money/FPGA/2025/51/Project/db/mux_ssc.tdf Line: 22
Info (12021): Found 1 design units, including 1 entities, in source file db/decode_dvf.tdf
    Info (12023): Found entity 1: decode_dvf File: D:/Money/FPGA/2025/51/Project/db/decode_dvf.tdf Line: 22
Info (12021): Found 1 design units, including 1 entities, in source file db/cntr_jgi.tdf
    Info (12023): Found entity 1: cntr_jgi File: D:/Money/FPGA/2025/51/Project/db/cntr_jgi.tdf Line: 27
Info (12021): Found 1 design units, including 1 entities, in source file db/cmpr_sgc.tdf
    Info (12023): Found entity 1: cmpr_sgc File: D:/Money/FPGA/2025/51/Project/db/cmpr_sgc.tdf Line: 22
Info (12021): Found 1 design units, including 1 entities, in source file db/cntr_i6j.tdf
    Info (12023): Found entity 1: cntr_i6j File: D:/Money/FPGA/2025/51/Project/db/cntr_i6j.tdf Line: 25
Info (12021): Found 1 design units, including 1 entities, in source file db/cntr_egi.tdf
    Info (12023): Found entity 1: cntr_egi File: D:/Money/FPGA/2025/51/Project/db/cntr_egi.tdf Line: 27
Info (12021): Found 1 design units, including 1 entities, in source file db/cmpr_qgc.tdf
    Info (12023): Found entity 1: cmpr_qgc File: D:/Money/FPGA/2025/51/Project/db/cmpr_qgc.tdf Line: 22
Info (12021): Found 1 design units, including 1 entities, in source file db/cntr_23j.tdf
    Info (12023): Found entity 1: cntr_23j File: D:/Money/FPGA/2025/51/Project/db/cntr_23j.tdf Line: 27
Info (12021): Found 1 design units, including 1 entities, in source file db/cmpr_ngc.tdf
    Info (12023): Found entity 1: cmpr_ngc File: D:/Money/FPGA/2025/51/Project/db/cmpr_ngc.tdf Line: 22
Info (12033): Analysis and Synthesis generated Signal Tap or debug node instance "auto_signaltap_0"
Info (11170): Starting IP generation for the debug fabric: alt_sld_fab.
Info (11172): 2025.12.20.16:54:41 Progress: Loading sldb477bcd2/alt_sld_fab_wrapper_hw.tcl
Info (11172): Alt_sld_fab.alt_sld_fab: SLD fabric agents which did not specify prefer_host were connected to JTAG
Info (11172): Alt_sld_fab: Generating alt_sld_fab "alt_sld_fab" for QUARTUS_SYNTH
Info (11172): Alt_sld_fab: "alt_sld_fab" instantiated alt_sld_fab "alt_sld_fab"
Info (11172): Presplit: "alt_sld_fab" instantiated altera_super_splitter "presplit"
Info (11172): Splitter: "alt_sld_fab" instantiated altera_sld_splitter "splitter"
Info (11172): Sldfabric: "alt_sld_fab" instantiated altera_sld_jtag_hub "sldfabric"
Info (11172): Ident: "alt_sld_fab" instantiated altera_connection_identification_hub "ident"
Info (11172): Alt_sld_fab: Done "alt_sld_fab" with 6 modules, 6 files
Info (11171): Finished IP generation for the debug fabric: alt_sld_fab.
Info (12021): Found 1 design units, including 1 entities, in source file db/ip/sldb477bcd2/alt_sld_fab.v
    Info (12023): Found entity 1: alt_sld_fab File: D:/Money/FPGA/2025/51/Project/db/ip/sldb477bcd2/alt_sld_fab.v Line: 9
Info (12021): Found 1 design units, including 1 entities, in source file db/ip/sldb477bcd2/submodules/alt_sld_fab_alt_sld_fab.v
    Info (12023): Found entity 1: alt_sld_fab_alt_sld_fab File: D:/Money/FPGA/2025/51/Project/db/ip/sldb477bcd2/submodules/alt_sld_fab_alt_sld_fab.v Line: 9
Info (12021): Found 1 design units, including 1 entities, in source file db/ip/sldb477bcd2/submodules/alt_sld_fab_alt_sld_fab_ident.sv
    Info (12023): Found entity 1: alt_sld_fab_alt_sld_fab_ident File: D:/Money/FPGA/2025/51/Project/db/ip/sldb477bcd2/submodules/alt_sld_fab_alt_sld_fab_ident.sv Line: 33
Info (12021): Found 1 design units, including 1 entities, in source file db/ip/sldb477bcd2/submodules/alt_sld_fab_alt_sld_fab_presplit.sv
    Info (12023): Found entity 1: alt_sld_fab_alt_sld_fab_presplit File: D:/Money/FPGA/2025/51/Project/db/ip/sldb477bcd2/submodules/alt_sld_fab_alt_sld_fab_presplit.sv Line: 3
Info (12021): Found 2 design units, including 1 entities, in source file db/ip/sldb477bcd2/submodules/alt_sld_fab_alt_sld_fab_sldfabric.vhd
    Info (12022): Found design unit 1: alt_sld_fab_alt_sld_fab_sldfabric-rtl File: D:/Money/FPGA/2025/51/Project/db/ip/sldb477bcd2/submodules/alt_sld_fab_alt_sld_fab_sldfabric.vhd Line: 102
    Info (12023): Found entity 1: alt_sld_fab_alt_sld_fab_sldfabric File: D:/Money/FPGA/2025/51/Project/db/ip/sldb477bcd2/submodules/alt_sld_fab_alt_sld_fab_sldfabric.vhd Line: 11
Info (12021): Found 1 design units, including 1 entities, in source file db/ip/sldb477bcd2/submodules/alt_sld_fab_alt_sld_fab_splitter.sv
    Info (12023): Found entity 1: alt_sld_fab_alt_sld_fab_splitter File: D:/Money/FPGA/2025/51/Project/db/ip/sldb477bcd2/submodules/alt_sld_fab_alt_sld_fab_splitter.sv Line: 3
Warning (12241): 1 hierarchies have connectivity warnings - see the Connectivity Checks report folder
Info (13000): Registers with preset signals will power-up high File: D:/Money/FPGA/2025/51/Project/seg_dynamic.v Line: 161
Info (13003): DEV_CLRn pin will set, and not reset, register with preset signal due to NOT Gate Push-Back
Warning (13024): Output pins are stuck at VCC or GND
    Warning (13410): Pin "led0" is stuck at GND File: D:/Money/FPGA/2025/51/Project/ultrasonic_ranging.v Line: 8
Info (286031): Timing-Driven Synthesis is running on partition "Top"
Info (17049): 5 registers lost all their fanouts during netlist optimizations.
Info (35024): Successfully connected in-system debug instance "auto_signaltap_0" to all 105 required data inputs, trigger inputs, acquisition clocks, and dynamic pins
Info (16010): Generating hard_block partition "hard_block:auto_generated_inst"
    Info (16011): Adding 0 node(s), including 0 DDIO, 0 PLL, 0 transceiver and 0 LCELL
Warning (21074): Design contains 2 input pin(s) that do not drive logic
    Warning (15610): No output dependent on input pin "key1" File: D:/Money/FPGA/2025/51/Project/ultrasonic_ranging.v Line: 4
    Warning (15610): No output dependent on input pin "key2" File: D:/Money/FPGA/2025/51/Project/ultrasonic_ranging.v Line: 5
Info (21057): Implemented 1424 device resources after synthesis - the final resource count might be different
    Info (21058): Implemented 8 input pins
    Info (21059): Implemented 8 output pins
    Info (21061): Implemented 1371 logic cells
    Info (21064): Implemented 36 RAM segments
Info: Quartus Prime Analysis & Synthesis was successful. 0 errors, 9 warnings
    Info: Peak virtual memory: 4894 megabytes
    Info: Processing ended: Sat Dec 20 16:54:51 2025
    Info: Elapsed time: 00:00:21
    Info: Total CPU time (on all processors): 00:00:34


